gene	nseq	nsites	k	LRT	pvalue	direction	result	n_test	n_reference
Morus_000003-R1	20	346	2.700778812152095	2.917999059221074	0.08759642521550892	intensified	not_significant	9	9
Morus_000003-R1	20	346	50	2.89951588630538	0.08860616003486432	intensified	not_significant	1	1
Morus_000007-R1	20	299	0.1759747668883163	4.823248443026387	0.02807838059961665	relaxed	significant_relaxed	9	9
Morus_000007-R1	20	299	11.19777087218057	0.537864928775889	0.4633189185913625	intensified	not_significant	1	1
Morus_000011-R1	20	266	1.569357748085569	0.3329095472263361	0.5639508430900809	intensified	not_significant	9	9
Morus_000011-R1	20	266	28.14475001198018	0.8862582813681001	0.3464932964447919	intensified	not_significant	1	1
Morus_000012-R1	20	142	18.44369371107931	0.7493429789717538	0.3866843273136537	intensified	not_significant	9	9
Morus_000012-R1	20	142	9.652553603476219E-7	0.1864016223621547	0.6659285443602116	relaxed	not_significant	1	1
Morus_000016-R1	20	248	0.7794405051454902	0.2151535365292148	0.6427577556198735	relaxed	not_significant	9	9
Morus_000016-R1	20	248	0.1440172296684639	2.970964323547378	0.08477130841373393	relaxed	not_significant	1	1
Morus_000026-R2	20	459	20.03572333082123	0.2397854052696857	0.6243611493761017	intensified	not_significant	9	9
Morus_000026-R2	20	459	0.9370171050090073	0.003955194795707939	0.9498538276261431	relaxed	not_significant	1	1
Morus_000029-R1	20	110	0.8532122904775881	-0.000003427150204515783	1	relaxed	not_significant	9	9
Morus_000029-R1	20	110	0.8532122481873216	-0.000002972177071569604	1	relaxed	not_significant	1	1
Morus_000030-R1	20	316	0.8304147169527195	0.1600104064773404	0.6891469359982058	relaxed	not_significant	9	9
Morus_000030-R1	20	316	0.892251452578567	0.01593857877742266	0.8995355501084646	relaxed	not_significant	1	1
Morus_000032-R1	20	215	0.8813096885036381	0.1861871600503946	0.666109140251858	relaxed	not_significant	9	9
Morus_000032-R1	20	215	0.03684873284999666	2.154052132448669	0.1421941702653859	relaxed	not_significant	1	1
Morus_000042-R1	20	367	0.5591488712642035	1.044717412707541	0.3067268589847478	relaxed	not_significant	9	9
Morus_000042-R1	20	367	0.1901902902399895	0.295452726948497	0.5867472971533366	relaxed	not_significant	1	1
Morus_000063-R1	20	133	0.1179111680094946	0.5781526580094578	0.4470373323866952	relaxed	not_significant	9	9
Morus_000063-R1	20	133	0.6209903403349522	0.1144645973572551	0.7351174044496908	relaxed	not_significant	1	1
Morus_000066-R1	20	415	7.266864253298815	2.530786245875788	0.1116445738677757	intensified	not_significant	9	9
Morus_000066-R1	20	415	0.003735064562070896	0.3197277896015294	0.5717712793913046	relaxed	not_significant	1	1
Morus_000067-R3	20	537	0.6945829731028479	0.5877970095525598	0.4432722680947239	relaxed	not_significant	9	9
Morus_000067-R3	20	537	0.5993802731171799	0.2494227517199761	0.6174818292980427	relaxed	not_significant	1	1
Morus_000068-R1	20	308	1.895467560783124	1.562801374407172	0.2112555162308289	intensified	not_significant	9	9
Morus_000068-R1	20	308	0.7374104802541176	0.2343427465575587	0.6283222776190547	relaxed	not_significant	1	1
Morus_000077-R1	20	683	1.316020210616554	0.6336551601216343	0.4260177385436877	intensified	not_significant	9	9
Morus_000077-R1	20	683	0.7616041506785857	0.2622415363712207	0.6085843547306968	relaxed	not_significant	1	1
Morus_000078-R3	20	201	0.9427629957109241	0.00726629399241574	0.9320685559106658	relaxed	not_significant	9	9
Morus_000078-R3	20	201	5.335115167895738E-16	0.9920755817925055	0.3192356128216703	relaxed	not_significant	1	1
Morus_000085-R1	20	819	0.7436757562819574	0.5432431134522631	0.4610917742233902	relaxed	not_significant	9	9
Morus_000085-R1	20	819	0.2148768300530736	7.591511557080594	0.005864375896796226	relaxed	significant_relaxed	1	1
Morus_000090-R1	20	176	0.2629017522396814	1.623363969762067	0.202623367342968	relaxed	not_significant	9	9
Morus_000090-R1	20	176	1.118980759071654E-8	1.346314498232914	0.2459234560601716	relaxed	not_significant	1	1
Morus_000096-R1	20	247	0.490274937174347	1.483431702189137	0.223238371658425	relaxed	not_significant	9	9
Morus_000096-R1	20	247	0.2798056950381219	0.5674566051970942	0.451271367503272	relaxed	not_significant	1	1
Morus_000097-R1	20	320	0.9941160907244512	-0.00008175200218829559	1	relaxed	not_significant	9	9
Morus_000097-R1	20	320	1.363390348243565	0.3529429873706249	0.5524518855938287	intensified	not_significant	1	1
Morus_000107-R1	20	219	0.834022721396673	0.00804362322378438	0.9285365437746413	relaxed	not_significant	9	9
Morus_000107-R1	20	219	23.96815979642021	0.3450592229983158	0.5569233985314413	intensified	not_significant	1	1
Morus_000108-R1	20	240	1.289333045071252	0.2020745601466842	0.6530515061838913	intensified	not_significant	9	9
Morus_000108-R1	20	240	0.854468844605337	-0.00003752920747501776	1	relaxed	not_significant	1	1
Morus_000115-R1	20	340	1.956519295380573	1.893286771569365	0.1688316718235769	intensified	not_significant	9	9
Morus_000115-R1	20	340	0	3.16563147202487	0.07520334772003878	relaxed	not_significant	1	1
Morus_000117-R1	20	1208	0.6877784720564802	1.438279883126597	0.2304178957202806	relaxed	not_significant	9	9
Morus_000117-R1	20	1208	1.035737230854647	0.002174912387999939	0.9628033744889295	intensified	not_significant	1	1
Morus_000122-R2	20	833	0.7301052675872393	1.17067412869801	0.2792627685734209	relaxed	not_significant	9	9
Morus_000122-R2	20	833	0.3346858901995987	3.350828902650392	0.06717118114429188	relaxed	not_significant	1	1
Morus_000131-R1	20	663	1.147221355050043	0.1836272827513312	0.6682743657715735	intensified	not_significant	9	9
Morus_000131-R1	20	663	1.068046833605593	0.008442553255008534	0.9267907062344007	intensified	not_significant	1	1
Morus_000132-R1	20	359	1.485778177531125	1.299898827361176	0.2542317048358566	intensified	not_significant	9	9
Morus_000132-R1	20	359	0	5.709453693772048	0.01687378973237985	relaxed	significant_relaxed	1	1
Morus_000133-R1	20	429	1.763660289505413	1.629336868893006	0.2017947934984471	intensified	not_significant	9	9
Morus_000133-R1	20	429	18.44029906588662	1.156344394546977	0.282224973058579	intensified	not_significant	1	1
Morus_000136-R2	20	450	0.8859598483746822	0.04013956823109766	0.8412079425837873	relaxed	not_significant	9	9
Morus_000136-R2	20	450	0.0914601453386026	4.918356642094295	0.02657278156981446	relaxed	significant_relaxed	1	1
Morus_000137-R1	20	411	0.5172185827943055	1.420689318487348	0.2332899780278472	relaxed	not_significant	9	9
Morus_000137-R1	20	411	50	2.542980611698113	0.1107854746791634	intensified	not_significant	1	1
Morus_000138-R1	20	801	0.9701086478994826	0.002444712723445264	0.9605654351846614	relaxed	not_significant	9	9
Morus_000138-R1	20	801	0.6646147288664928	0.761291845336018	0.3829245451589469	relaxed	not_significant	1	1
Morus_000148-R3	20	305	1.410173659171042	0.5209930089167756	0.4704183998426832	intensified	not_significant	9	9
Morus_000148-R3	20	305	2.153163836223359E-8	0.4017313908325377	0.5261964466124557	relaxed	not_significant	1	1
Morus_000152-R1	20	670	1.727436601729345	1.877572871548182	0.1706102633807928	intensified	not_significant	9	9
Morus_000152-R1	20	670	10.07893247915517	1.58662258230288	0.2078093370731497	intensified	not_significant	1	1
Morus_000165-R1	20	690	0.8364281174708873	0.15971047901985	0.6894232116328574	relaxed	not_significant	9	9
Morus_000165-R1	20	690	0.8695796459744269	0.1259018482287502	0.7227195710669526	relaxed	not_significant	1	1
Morus_000169-R1	20	458	0.8288515662783701	0.3428656452324503	0.5581797692359745	relaxed	not_significant	9	9
Morus_000169-R1	20	458	0.1133849210328588	1.249486439366592	0.2636505873056043	relaxed	not_significant	1	1
Morus_000174-R1	20	353	3.671061141683915	4.231078317918218	0.03969021687288821	intensified	significant_intensified	9	9
Morus_000174-R1	20	353	16.82234781991498	2.384428903638764	0.1225496707468033	intensified	not_significant	1	1
Morus_000180-R1	20	192	0.4057928273753205	0.2329799833514699	0.6293229654803715	relaxed	not_significant	9	9
Morus_000180-R1	20	192	0	1.749730885397184	0.1859105674610242	relaxed	not_significant	1	1
Morus_000191-R1	20	618	0.8624037962215974	0.2206128488614922	0.638573354580605	relaxed	not_significant	9	9
Morus_000191-R1	20	618	7.320938207587247E-16	2.002580653854238	0.1570316538979186	relaxed	not_significant	1	1
Morus_000193-R1	20	215	1.082178535730045	0.01989231746210862	0.8878382423071984	intensified	not_significant	9	9
Morus_000193-R1	20	215	1.725988433989013E-9	3.457750394926279	0.06295591295323932	relaxed	not_significant	1	1
Morus_000207-R1	20	404	0.8512344782678791	0.1711854123877856	0.6790604359672789	relaxed	not_significant	9	9
Morus_000207-R1	20	404	0	3.196604172721891	0.07379134133445375	relaxed	not_significant	1	1
Morus_000211-R1	20	311	1.054439542879297	0.02893478357691492	0.8649297052968068	intensified	not_significant	9	9
Morus_000211-R1	20	311	0	3.677803850115197	0.05514143556625861	relaxed	not_significant	1	1
Morus_000217-R1	20	364	2.794234480370847E-8	1.565086848531791	0.2109219595113454	relaxed	not_significant	9	9
Morus_000217-R1	20	364	11.27881429457672	3.077267106231375	0.07939382819498919	intensified	not_significant	1	1
Morus_000228-R1	20	183	0.1087369032939654	0.3306346682334151	0.5652856112397932	relaxed	not_significant	9	9
Morus_000228-R1	20	183	1.637063227040437	0.7279313148765141	0.3935545528091512	intensified	not_significant	1	1
Morus_000230-R1	20	443	0.8621888858045079	0.3245967507655223	0.5688581735583222	relaxed	not_significant	9	9
Morus_000230-R1	20	443	0.7087260941529366	0.1012894187670099	0.7502877339493806	relaxed	not_significant	1	1
Morus_000233-R1	20	206	0.6203891329991645	0.5721467212183597	0.4494071254309997	relaxed	not_significant	9	9
Morus_000233-R1	20	206	0	2.237759252385786	0.1346760190785621	relaxed	not_significant	1	1
Morus_000237-R1	20	267	0.2851682219861296	1.478401539983224	0.2240247838165387	relaxed	not_significant	9	9
Morus_000237-R1	20	267	0.8532131111341149	-8.171919034793973E-7	1	relaxed	not_significant	1	1
Morus_000238-R1	20	199	12.73667445842656	6.125499776197557	0.01332456137206728	intensified	significant_intensified	9	9
Morus_000238-R1	20	199	4.37149581209079E-7	1.404087078970861	0.2360404573745796	relaxed	not_significant	1	1
Morus_000240-R1	20	166	0.8532128584006649	-2.205090368079254E-7	1	relaxed	not_significant	9	9
Morus_000240-R1	20	166	0.2101510040965986	2.399937537923279	0.1213400952438903	relaxed	not_significant	1	1
Morus_000243-R1	20	219	1.196208835895351	0.1923239720772472	0.660989393555923	intensified	not_significant	9	9
Morus_000243-R1	20	219	1.008513313558499	0.0002602568515612802	0.9871287030598536	intensified	not_significant	1	1
Morus_000244-R3	20	450	0.971206432856757	0.003079410424106754	0.9557461560765875	relaxed	not_significant	9	9
Morus_000244-R3	20	450	0.7475901092010417	0.02749088963264512	0.8683113803901945	relaxed	not_significant	1	1
Morus_000247-R1	20	232	1.485416359033921	0.8434544704068685	0.3584106559823927	intensified	not_significant	9	9
Morus_000247-R1	20	232	0.3176785459734367	1.903990989664635	0.1676322798695609	relaxed	not_significant	1	1
Morus_000259-R1	20	331	0.3070691526797348	1.635039342599157	0.2010074511667684	relaxed	not_significant	9	9
Morus_000259-R1	20	331	0.8532130385306577	-4.172052285866812E-7	1	relaxed	not_significant	1	1
Morus_000264-R1	20	316	1.771035819251218	2.057098011425296	0.1514984521477923	intensified	not_significant	9	9
Morus_000264-R1	20	316	2.855297467396884	4.773960843056557	0.02889327905582184	intensified	significant_intensified	1	1
Morus_000266-R1	20	397	1.266252108502897	0.4124114059104613	0.5207481016154265	intensified	not_significant	9	9
Morus_000266-R1	20	397	10.75827169508759	1.633844624398989	0.2011721066679649	intensified	not_significant	1	1
Morus_000269-R1	20	1323	0.8193991071142162	0.3889382143606781	0.5328580499708873	relaxed	not_significant	9	9
Morus_000269-R1	20	1323	2.126783346355993	2.464547771909565	0.1164412114343915	intensified	not_significant	1	1
Morus_000276-R1	20	194	2.050040032356246	4.898323446918766	0.02688278268049715	intensified	significant_intensified	9	9
Morus_000276-R1	20	194	0.2574362907132068	0.1898708560775049	0.6630241246324338	relaxed	not_significant	1	1
Morus_000290-R1	20	330	0.8399316853447322	0.06720106168904749	0.7954564925600243	relaxed	not_significant	9	9
Morus_000290-R1	20	330	1.20540001965294	0.1072758923510264	0.7432670662835782	intensified	not_significant	1	1
Morus_000291-R1	20	226	2.199987187159781	3.319824575215534	0.0684491324853358	intensified	not_significant	9	9
Morus_000291-R1	20	226	20.7439950327192	0.6747020413631617	0.4114170489559242	intensified	not_significant	1	1
Morus_000296-R1	20	353	0.6645405505793537	0.41943729457671	0.5172179569694302	relaxed	not_significant	9	9
Morus_000296-R1	20	353	1	-2.727811079239473E-7	1	intensified	not_significant	0	1
Morus_000300-R1	20	387	0.05928259788180288	5.717140971972185	0.01680006505446818	relaxed	significant_relaxed	9	9
Morus_000300-R1	20	387	50	2.474805565378119	0.1156837481476239	intensified	not_significant	1	1
Morus_000305-R1	20	686	2.842635983281532	4.781225492870362	0.02877163822916529	intensified	significant_intensified	9	9
Morus_000305-R1	20	686	0.1784188041609157	2.236206777828556	0.134811334891607	relaxed	not_significant	1	1
Morus_000306-R1	20	524	0.6241110004740368	2.865469154934544	0.09049931808924006	relaxed	not_significant	9	9
Morus_000306-R1	20	524	0.001567712092779889	1.599950906529557	0.2059101681953355	relaxed	not_significant	1	1
Morus_000307-R1	20	738	0.9130115944941226	0.05326250216239714	0.8174805120899421	relaxed	not_significant	9	9
Morus_000307-R1	20	738	0.09324042380299817	0.2744300575595844	0.600375414631092	relaxed	not_significant	1	1
Morus_000309-R1	20	320	1.082451264211948	0.0199553108705004	0.8876619665177857	intensified	not_significant	9	9
Morus_000309-R1	20	320	0	0.2564828752274479	0.6125468289972797	relaxed	not_significant	1	1
Morus_000315-R1	20	449	0.9587157817440289	0.01219878487336246	0.9120540006934603	relaxed	not_significant	9	9
Morus_000315-R1	20	449	5.397096038821674	2.90786857787225	0.08814829960907911	intensified	not_significant	1	1
Morus_000316-R1	20	549	5.767875098483609E-9	1.517533647296659	0.2179931078531347	relaxed	not_significant	9	9
Morus_000316-R1	20	549	0.8732126058156379	0.07626206837994687	0.7824283450019199	relaxed	not_significant	1	1
Morus_000318-R1	20	357	0.891900646244239	0.05897877487950609	0.80811736980947	relaxed	not_significant	9	9
Morus_000318-R1	20	357	0.7835089724455404	0.02618045973849803	0.8714603847494911	relaxed	not_significant	1	1
Morus_000323-R1	20	562	0.9405371614049096	0.0176483880077285	0.8943141967998481	relaxed	not_significant	9	9
Morus_000323-R1	20	562	1.260575770891727E-15	2.081763228177806	0.1490678954440702	relaxed	not_significant	1	1
Morus_000328-R1	20	570	1.010027143399444	0.002615544408399728	0.9592120550837805	intensified	not_significant	9	9
Morus_000328-R1	20	570	23.73803206782306	2.747832819954056	0.09738634671450752	intensified	not_significant	1	1
Morus_000335-R2	20	380	10.36284866659221	4.804252834832369	0.02838957467946335	intensified	significant_intensified	9	9
Morus_000335-R2	20	380	0.3410115817233265	2.232540224554214	0.1351315208557859	relaxed	not_significant	1	1
Morus_000338-R1	20	293	0.750813520575241	0.1739014554177629	0.6766674841945262	relaxed	not_significant	9	9
Morus_000338-R1	20	293	5.171740361630785	2.064262311715538	0.150787880030769	intensified	not_significant	1	1
Morus_000339-R1	20	317	0.3166517580369637	0.2508482318698952	0.6164784436789597	relaxed	not_significant	9	9
Morus_000339-R1	20	317	0.2625464013755144	1.113648451274457	0.2912902291654141	relaxed	not_significant	1	1
Morus_000346-R1	20	772	0.6438163858487447	0.6067156195149437	0.4360271242284887	relaxed	not_significant	9	9
Morus_000346-R1	20	772	1.383708641095167	0.3246969337706105	0.5687985384016632	intensified	not_significant	1	1
Morus_000347-R1	20	749	1.295337515149765	0.66544615998464	0.414643802692469	intensified	not_significant	9	9
Morus_000347-R1	20	749	0.3012531125070377	2.112583319485566	0.1460925132082379	relaxed	not_significant	1	1
Morus_000350-R1	20	328	0.1075468140148696	1.729013740255141	0.1885369011164456	relaxed	not_significant	9	9
Morus_000350-R1	20	328	50	3.384741811844833	0.06580248425241186	intensified	not_significant	1	1
Morus_000355-R1	20	575	2.065503559791222	2.915962861530716	0.08770704909374816	intensified	not_significant	9	9
Morus_000355-R1	20	575	0.4301233353503136	0.9161543481459375	0.3384867450307506	relaxed	not_significant	1	1
Morus_000356-R1	20	799	1.097183280926528	0.1233058073230495	0.7254763690284318	intensified	not_significant	9	9
Morus_000356-R1	20	799	1.463050349724164	1.244675996216756	0.2645717747540695	intensified	not_significant	1	1
Morus_000362-R1	20	646	0.8531290749744983	0.4011617780670349	0.5264898755314777	relaxed	not_significant	9	9
Morus_000362-R1	20	646	1.169349192216737	0.1808392194798216	0.6706530184337397	intensified	not_significant	1	1
Morus_000370-R1	20	447	0.4514819447881576	1.655357334804648	0.1982313348940167	relaxed	not_significant	9	9
Morus_000370-R1	20	447	13.65515047621148	2.790522837012759	0.09482328495764236	intensified	not_significant	1	1
Morus_000376-R1	20	323	1.262835507644518	0.2747105401831504	0.600189262898438	intensified	not_significant	9	9
Morus_000376-R1	20	323	0.7212457697878544	0.2445806145751703	0.6209171528125076	relaxed	not_significant	1	1
Morus_000377-R1	20	232	50	6.111668036339779	0.01342923301044663	intensified	significant_intensified	9	9
Morus_000377-R1	20	232	14.48351118763329	0.6704531206414686	0.4128936732194483	intensified	not_significant	1	1
Morus_000378-R1	20	166	16.21939617689927	3.670955892212532	0.05536842102942496	intensified	not_significant	9	9
Morus_000378-R1	20	166	1	-0.0009627633439777128	1	intensified	not_significant	0	1
Morus_000379-R1	20	322	1.161408587838598	0.2270677963706476	0.6337065885229298	intensified	not_significant	9	9
Morus_000379-R1	20	322	0.2887553938673198	0.3558507173047474	0.5508197205427054	relaxed	not_significant	1	1
Morus_000382-R1	20	771	1.178830187844946	0.4171431069789833	0.5183660316285181	intensified	not_significant	9	9
Morus_000382-R1	20	771	0.910181216114255	0.09018905323682702	0.7639369510717537	relaxed	not_significant	1	1
Morus_000383-R1	20	711	1.195968393775314	0.3392683952461084	0.5602518227666559	intensified	not_significant	9	9
Morus_000383-R1	20	711	0.5018300783403687	1.654563330806923	0.198338973706978	relaxed	not_significant	1	1
Morus_000394-R1	20	360	0.9408201283756419	0.02391554663608986	0.8770999922420001	relaxed	not_significant	9	9
Morus_000394-R1	20	360	0.000001805407204685575	0.2507685297669013	0.616534451216415	relaxed	not_significant	1	1
Morus_000398-R1	20	512	0.7374931138087504	0.7750236068495724	0.37866743197625	relaxed	not_significant	9	9
Morus_000398-R1	20	512	0.6891241675290187	0.4498199541430949	0.5024204677034556	relaxed	not_significant	1	1
Morus_000399-R1	20	284	1.214877219116077	0.1020500224385614	0.7493832597506145	intensified	not_significant	9	9
Morus_000399-R1	20	284	1	-2.41408542933641E-7	1	intensified	not_significant	0	1
Morus_000400-R1	20	908	1.121086002212523	0.09542340782172687	0.7573924280126322	intensified	not_significant	9	9
Morus_000400-R1	20	908	0.330579019602453	1.10633046521798	0.2928810172768401	relaxed	not_significant	1	1
Morus_000402-R1	20	463	0.8856419307179954	0.1520263384172722	0.6966063893277193	relaxed	not_significant	9	9
Morus_000402-R1	20	463	5.202821492362786	14.87563246965419	0.0001148368613366202	intensified	significant_intensified	1	1
Morus_000404-R1	20	409	0.7646780550373914	0.4666641320300187	0.4945258400876744	relaxed	not_significant	9	9
Morus_000404-R1	20	409	0.5989402088597295	0.5075340595467424	0.4762082957443764	relaxed	not_significant	1	1
Morus_000406-R1	20	266	0.7332898994170253	0.3102481955656913	0.5775279225985488	relaxed	not_significant	9	9
Morus_000406-R1	20	266	0.07055959314932944	1.407566010806477	0.2354608699207588	relaxed	not_significant	1	1
Morus_000409-R1	20	494	0.6814116629208049	0.779044658449493	0.3774334765542556	relaxed	not_significant	9	9
Morus_000409-R1	20	494	0	2.40135027811084	0.1212305697266456	relaxed	not_significant	1	1
Morus_000411-R1	20	290	0.5990299529261832	0.9981616815503003	0.3177557364015838	relaxed	not_significant	9	9
Morus_000411-R1	20	290	1.443256732432032	0.4604155759125206	0.4974298173064846	intensified	not_significant	1	1
Morus_000412-R1	20	330	0.9804753475995427	0.001551848725284799	0.9685766532042178	relaxed	not_significant	9	9
Morus_000412-R1	20	330	18.47297712980686	1.931338085445532	0.1646121260163735	intensified	not_significant	1	1
Morus_000413-R1	20	273	0.549320573527201	0.9615022657226291	0.3268086730959028	relaxed	not_significant	9	9
Morus_000413-R1	20	273	3.256174540225069E-16	1.282179145853661	0.2574942529305237	relaxed	not_significant	1	1
Morus_000415-R1	20	258	4.185521554054304	27.16717043344852	1.866005326922604E-7	intensified	significant_intensified	9	9
Morus_000415-R1	20	258	0.2284981945815115	0.749854754280932	0.3865222203693508	relaxed	not_significant	1	1
Morus_000416-R1	20	417	1.163967656853841	0.1899734516473472	0.6629387144217498	intensified	not_significant	9	9
Morus_000416-R1	20	417	11.53625136968706	1.623896123429404	0.2025493835138876	intensified	not_significant	1	1
Morus_000421-R1	20	332	2.216995752182479	5.470338723660461	0.01934187649285846	intensified	significant_intensified	9	9
Morus_000421-R1	20	332	0	2.411057804763914	0.1204809295328747	relaxed	not_significant	1	1
Morus_000427-R1	20	202	0.2167847795081998	4.349500457263275	0.03701980329579757	relaxed	significant_relaxed	9	9
Morus_000427-R1	20	202	0.220073060859821	0.2919274409200625	0.5889880202306677	relaxed	not_significant	1	1
Morus_000433-R1	20	293	5.438932303050248	7.230397613800051	0.007167932989190051	intensified	significant_intensified	9	9
Morus_000433-R1	20	293	1.843367665344343	2.748961078254979	0.09731764428866252	intensified	not_significant	1	1
Morus_000434-R1	20	131	6.656500879453798	9.748373775735217	0.001794814226100172	intensified	significant_intensified	9	9
Morus_000434-R1	20	131	4.016852090849743	3.569703466366718	0.05884281816207793	intensified	not_significant	1	1
Morus_000438-R1	20	496	1.873888577949275	1.807813268593236	0.1787707717225968	intensified	not_significant	9	9
Morus_000438-R1	20	496	1	-0.00002167297589039663	1	intensified	not_significant	0	1
Morus_000439-R1	20	156	1.352367931571605	0.3640076404763022	0.5462888753273478	intensified	not_significant	9	9
Morus_000439-R1	20	156	1	-1.793564479157794E-7	1	intensified	not_significant	0	1
Morus_000449-R1	20	551	0.3336322680044337	2.266186059516258	0.1322249474202292	relaxed	not_significant	9	9
Morus_000449-R1	20	551	1.896776136341696	0.5894499129362885	0.4426319128789566	intensified	not_significant	1	1
Morus_000454-R1	20	660	0.551651506010448	7.52384446803444	0.0060887598123609	relaxed	significant_relaxed	9	9
Morus_000454-R1	20	660	0.2162343300480565	7.397970119267484	0.006529751902040748	relaxed	significant_relaxed	1	1
Morus_000455-R1	20	408	1.738048278313641	2.653850192294158	0.1032994273610804	intensified	not_significant	9	9
Morus_000455-R1	20	408	0.07405192270343529	2.036186549542435	0.1535942823446116	relaxed	not_significant	1	1
Morus_000457-R1	20	246	3.026098406010759	3.091888015853328	0.07868346409851157	intensified	not_significant	9	9
Morus_000457-R1	20	246	0.9124680300191117	0.06083552120617242	0.8051802056547642	relaxed	not_significant	1	1
Morus_000458-R1	20	224	0.4368173936309932	4.060466322054253	0.04389837524214302	relaxed	significant_relaxed	9	9
Morus_000458-R1	20	224	0.8544690171595273	-0.0005479606315930141	1	relaxed	not_significant	1	1
Morus_000460-R1	20	379	0.2987438570460946	7.945091476282869	0.00482179806795402	relaxed	significant_relaxed	9	9
Morus_000460-R1	20	379	3.124235393153093E-9	20.59629389814108	0.000005670578295480233	relaxed	significant_relaxed	1	1
Morus_000470-R2	20	259	0.9973482850155198	-0.001530951676613768	1	relaxed	not_significant	9	9
Morus_000470-R2	20	259	5.773813167422532	4.54124163375127	0.03308758358921837	intensified	significant_intensified	1	1
Morus_000475-R1	20	446	3.428473503499011	1.977023764647129	0.1597042984616908	intensified	not_significant	9	9
Morus_000475-R1	20	446	17.48464935160941	0.5065379841362301	0.4766413890581522	intensified	not_significant	1	1
Morus_000481-R1	20	230	0.8277756653962902	0.2582020563258993	0.6113580654450694	relaxed	not_significant	9	9
Morus_000481-R1	20	230	0.4694277693379549	1.429152219961907	0.2319028465212716	relaxed	not_significant	1	1
Morus_000495-R1	20	401	0.3990321203219344	2.502500048582988	0.1136657302051719	relaxed	not_significant	9	9
Morus_000495-R1	20	401	0.0708788163282813	5.538439862713858	0.01860316032521503	relaxed	significant_relaxed	1	1
Morus_000499-R1	20	437	0.7356625165854744	0.44051978918651	0.5068716819540011	relaxed	not_significant	9	9
Morus_000499-R1	20	437	0	2.200970992447765	0.1379238341286022	relaxed	not_significant	1	1
Morus_000513-R1	20	300	1.336199447960182	0.1499222730390102	0.6986096480525936	intensified	not_significant	9	9
Morus_000513-R1	20	300	0.08712960005451185	4.015592671538798	0.0450813760925034	relaxed	significant_relaxed	1	1
Morus_000515-R1	20	359	3.210018705228549	0.03558214498298184	0.8503810147387455	intensified	not_significant	9	9
Morus_000515-R1	20	359	50	5.198143785899447	0.02261102115206581	intensified	significant_intensified	1	1
Morus_000516-R1	20	251	2.003662864853911	1.153438266469038	0.2828305550892501	intensified	not_significant	9	9
Morus_000516-R1	20	251	1.499680946648559	0.1643115870888323	0.6852175708007511	intensified	not_significant	1	1
Morus_000519-R1	20	644	0.6869184091306234	0.6209582365536335	0.4306914221055147	relaxed	not_significant	9	9
Morus_000519-R1	20	644	1.05976400434596	0.01058429752629308	0.9180581990969863	intensified	not_significant	1	1
Morus_000522-R1	20	591	0.4452191795642949	6.674959864752964	0.009777671398686016	relaxed	significant_relaxed	9	9
Morus_000522-R1	20	591	1.216344543151973	0.09500044093329052	0.7579138580478473	intensified	not_significant	1	1
Morus_000523-R1	20	926	1.598912730921647	1.992365978969246	0.1580937152392521	intensified	not_significant	9	9
Morus_000523-R1	20	926	3.67453584549995	1.844621462776558	0.1744102481752833	intensified	not_significant	1	1
Morus_000525-R1	20	818	0.7436367880938211	2.026402444182168	0.1545861550042266	relaxed	not_significant	9	9
Morus_000525-R1	20	818	0.7514744597093865	1.136363449042619	0.2864220625532853	relaxed	not_significant	1	1
Morus_000528-R3	20	477	1.470174620777555	0.7863258153574861	0.3752134356708021	intensified	not_significant	9	9
Morus_000528-R3	20	477	1	-0.00004821331185667077	1	intensified	not_significant	0	1
Morus_000529-R1	20	710	0.8399335286981089	0.5019758948474191	0.4786332154398668	relaxed	not_significant	9	9
Morus_000529-R1	20	710	1.303412375665691	0.45887491450776	0.4981502532896147	intensified	not_significant	1	1
Morus_000537-R1	20	344	0.8601251267950308	0.07024356745841942	0.7909824759405953	relaxed	not_significant	9	9
Morus_000537-R1	20	344	0.6485323930899208	0.2627396932521151	0.6082441657397937	relaxed	not_significant	1	1
Morus_000548-R2	20	372	0.7645364980266219	0.66959819699332	0.4131917289601514	relaxed	not_significant	9	9
Morus_000548-R2	20	372	2.463206704092783E-16	2.50717097841698	0.1133292140586779	relaxed	not_significant	1	1
Morus_000549-R1	20	1683	2.638868652196935	1.388181351187086	0.2387124661422589	intensified	not_significant	9	9
Morus_000549-R1	20	1683	3.472943233520914	1.662280416803696	0.197295707714053	intensified	not_significant	1	1
Morus_000552-R1	20	176	0.7507024839077794	0.01678883260547082	0.8969052727193843	relaxed	not_significant	9	9
Morus_000552-R1	20	176	0.853211966384565	-4.441862984094769E-7	1	relaxed	not_significant	1	1
Morus_000554-R1	20	272	1.045742356561937	0.001292396294957143	0.9713222961925043	intensified	not_significant	9	9
Morus_000554-R1	20	272	15.25707088688871	2.059648030137396	0.1512451018324699	intensified	not_significant	1	1
Morus_000561-R1	20	650	1.425398181575745	9.313630289048888	0.002274553546748548	intensified	significant_intensified	9	9
Morus_000561-R1	20	650	0.5178783417653139	0.006064950650397805	0.9379252643346911	relaxed	not_significant	1	1
Morus_000563-R1	20	300	1.106720501656874	0.0226542667069225	0.880359623724134	intensified	not_significant	9	9
Morus_000563-R1	20	300	0.1231955498175083	5.228874138501851	0.02221490747072485	relaxed	significant_relaxed	1	1
Morus_000565-R1	20	845	1.161675460255079	0.02778209255848196	0.8676221495588992	intensified	not_significant	9	9
Morus_000565-R1	20	845	0.4060267537189589	1.65998122788551	0.1976058585162411	relaxed	not_significant	1	1
Morus_000567-R1	20	242	0.8909937219389636	0.04791411675614654	0.8267334505110199	relaxed	not_significant	9	9
Morus_000567-R1	20	242	11.64164674519389	0.5453789130060613	0.4602120396356147	intensified	not_significant	1	1
Morus_000568-R1	20	342	0.3820876588538595	2.943675736503792	0.08621433678616575	relaxed	not_significant	9	9
Morus_000568-R1	20	342	14.0656650276354	0.4710410265070095	0.492508637194199	intensified	not_significant	1	1
Morus_000570-R1	20	199	0.2931589791915623	2.582493827831513	0.1080513085885814	relaxed	not_significant	9	9
Morus_000570-R1	20	199	0.367814765735037	0.91593753008965	0.338543910008506	relaxed	not_significant	1	1
Morus_000575-R1	20	556	1.053324521921754	0.01732027764046506	0.8952955235723956	intensified	not_significant	9	9
Morus_000575-R1	20	556	9.633907372474218E-10	0.9139805032255026	0.3390604754206739	relaxed	not_significant	1	1
Morus_000576-R1	20	404	1.51185444797141	0.846431477420083	0.3575638196316416	intensified	not_significant	9	9
Morus_000576-R1	20	404	0.1155027285691254	0.1912781072369398	0.6618549821878124	relaxed	not_significant	1	1
Morus_000579-R1	20	384	1.261409844473881	0.2602321797830882	0.60996068909384	intensified	not_significant	9	9
Morus_000579-R1	20	384	0.998776554268112	-0.00002548916563682724	1	relaxed	not_significant	1	1
Morus_000580-R1	20	323	0.4967531795271577	1.85228902034396	0.1735174023483592	relaxed	not_significant	9	9
Morus_000580-R1	20	323	0.2565030796785575	0.4466568797215587	0.5039268393259235	relaxed	not_significant	1	1
Morus_000584-R1	20	990	2.116110891400138	3.193389031961487	0.0739365826752626	intensified	not_significant	9	9
Morus_000584-R1	20	990	0.2963534945482276	3.17893737023951	0.0745932253640661	relaxed	not_significant	1	1
Morus_000585-R1	20	316	1.837962305385581	1.868785095184649	0.1716142890050183	intensified	not_significant	9	9
Morus_000585-R1	20	316	12.27370035349139	0.9316718246182063	0.3344288790414123	intensified	not_significant	1	1
Morus_000589-R1	20	462	3.360433621339272	2.335119758514338	0.1264852627127818	intensified	not_significant	9	9
Morus_000589-R1	20	462	0.9724784993872106	0.00353341255140549	0.9525996510928854	relaxed	not_significant	1	1
Morus_000590-R1	20	676	0.08735632960592118	2.578247832736452	0.1083415292096278	relaxed	not_significant	9	9
Morus_000590-R1	20	676	26.86980006713152	20.78065910365876	0.000005150044560475742	intensified	significant_intensified	1	1
Morus_000591-R1	20	314	1.604421671994785	0.8477116736466996	0.3572005012637263	intensified	not_significant	9	9
Morus_000591-R1	20	314	0.6463476044252893	0.6480845220612537	0.4207983464934557	relaxed	not_significant	1	1
Morus_000592-R1	20	242	0.9921263781652427	-0.0004225995885462908	1	relaxed	not_significant	9	9
Morus_000592-R1	20	242	0.6640055278529829	0.6599508239251008	0.4165773048628989	relaxed	not_significant	1	1
Morus_000593-R1	20	925	1.368292756273834	1.725869196141502	0.188939300289712	intensified	not_significant	9	9
Morus_000593-R1	20	925	1.798609634674327	2.644286788248792	0.1039227874119544	intensified	not_significant	1	1
Morus_000597-R1	20	168	0.3868806979442712	1.298286221001035	0.2545265025323961	relaxed	not_significant	9	9
Morus_000597-R1	20	168	1	-7.738935892120935E-8	1	intensified	not_significant	0	1
Morus_000600-R1	20	301	0.7433311363300253	0.666988470709839	0.4141035376715793	relaxed	not_significant	9	9
Morus_000600-R1	20	301	22.49386113448187	1.151092017586961	0.2833206688096699	intensified	not_significant	1	1
Morus_000603-R1	20	378	1.002602658468401	0.000004471651664061937	0.9983127722083814	intensified	not_significant	9	9
Morus_000603-R1	20	378	0.6870253580783194	0.6044008280714479	0.4369038201496267	relaxed	not_significant	1	1
Morus_000606-R1	20	294	0.7378558879168415	0.3505087951834867	0.5538252547290787	relaxed	not_significant	9	9
Morus_000606-R1	20	294	1.00152073902518	-0.00007128415563784074	1	intensified	not_significant	1	1
Morus_000629-R1	20	614	0.5016162333055989	7.383128697661959	0.006583853627163183	relaxed	significant_relaxed	9	9
Morus_000629-R1	20	614	0	3.179003288847525	0.07459021603125482	relaxed	not_significant	1	1
Morus_000637-R1	20	603	1.05540176678085	0.01225779126434645	0.9118424223232374	intensified	not_significant	9	9
Morus_000637-R1	20	603	0.3602779956551953	1.179930497104579	0.2773701454745038	relaxed	not_significant	1	1
Morus_000645-R1	20	457	1.310843654005402	0.3743743987815833	0.5406294480290303	intensified	not_significant	9	9
Morus_000645-R1	20	457	0.4246976143745083	0.08916546347882104	0.7652407888057975	relaxed	not_significant	1	1
Morus_000650-R1	20	364	2.298304589155615	7.998558777080689	0.004681459706887936	intensified	significant_intensified	9	9
Morus_000650-R1	20	364	1.452399728908115	0.9791006122413819	0.3224209514731308	intensified	not_significant	1	1
Morus_000651-R1	20	228	0.9449576485244928	0.003613569898789137	0.952065655203239	relaxed	not_significant	9	9
Morus_000651-R1	20	228	1.039141282328387	0.0008594704045208346	0.9766119874749788	intensified	not_significant	1	1
Morus_000652-R1	20	565	1.143448573497232	0.3024221981504525	0.5823678897944572	intensified	not_significant	9	9
Morus_000652-R1	20	565	0.2748348485075525	0.711303070987924	0.3990115630939353	relaxed	not_significant	1	1
Morus_000654-R1	20	312	1.280718429747763	0.3429409319078331	0.5581365594756014	intensified	not_significant	9	9
Morus_000654-R1	20	312	0.1639995684472328	0.2461578397478661	0.619793549188753	relaxed	not_significant	1	1
Morus_000655-R1	20	327	0.9150285183481176	0.04888900874630053	0.8250078816373728	relaxed	not_significant	9	9
Morus_000655-R1	20	327	0.1981467136962701	2.735824455982765	0.09812085148212746	relaxed	not_significant	1	1
Morus_000657-R1	20	312	1.248255166017547	0.5798980440076775	0.4463522872437413	intensified	not_significant	9	9
Morus_000657-R1	20	312	1.408883690843498E-7	1.392325169594187	0.2380128264015053	relaxed	not_significant	1	1
Morus_000660-R1	20	282	2.686637545056861	2.588476650978009	0.107643820823734	intensified	not_significant	9	9
Morus_000660-R1	20	282	5.42047053533226E-8	1.041920063671569	0.3073753360721498	relaxed	not_significant	1	1
Morus_000674-R1	20	373	1.087349179175403	0.0581438047292977	0.8094541566031397	intensified	not_significant	9	9
Morus_000674-R1	20	373	0	2.456316572161086	0.1170529870433736	relaxed	not_significant	1	1
Morus_000675-R1	20	231	0.8537635695581941	0.09377804892619679	0.7594279957495581	relaxed	not_significant	9	9
Morus_000675-R1	20	231	9.765459229166134E-8	1.188345845777803	0.2756634729372048	relaxed	not_significant	1	1
Morus_000680-R1	20	233	0.9278983235075398	0.01405302466173453	0.9056354819079198	relaxed	not_significant	9	9
Morus_000680-R1	20	233	0	2.707702832755785	0.09986470272874326	relaxed	not_significant	1	1
Morus_000682-R1	20	452	0.2757612755813282	0.8054673192591508	0.3694637416190139	relaxed	not_significant	9	9
Morus_000682-R1	20	452	0.2741590461153064	0.5459813039324217	0.4599643963712368	relaxed	not_significant	1	1
Morus_000685-R1	20	587	1.067097201332768	0.0619873484101845	0.8033819872950128	intensified	not_significant	9	9
Morus_000685-R1	20	587	1.258860635134569	0.03728233048786933	0.8468913589987745	intensified	not_significant	1	1
Morus_000688-R1	20	153	0.4909072309585429	0.9294319425907815	0.3350105780057413	relaxed	not_significant	9	9
Morus_000688-R1	20	153	0.8532139631577366	-0.02284801057248842	1	relaxed	not_significant	1	1
Morus_000689-R1	20	628	2.113129304278481	0.95678895797937	0.3279972256920622	intensified	not_significant	9	9
Morus_000689-R1	20	628	0.46792360240234	2.926455831842759	0.08713859469234675	relaxed	not_significant	1	1
Morus_000691-R1	20	482	6.684923532630886	1.640659573806261	0.2002349960693073	intensified	not_significant	9	9
Morus_000691-R1	20	482	1.066555115103678E-8	6.119817799561133	0.01336745780929016	relaxed	significant_relaxed	1	1
Morus_000698-R1	20	337	1.358130810506197	0.09164512365350674	0.7620960477082478	intensified	not_significant	9	9
Morus_000698-R1	20	337	0.1911853795634604	3.308213275877279	0.06893440363611847	relaxed	not_significant	1	1
Morus_000717-R1	20	1083	13.64833637656	1.692781174329866	0.1932347546516346	intensified	not_significant	9	9
Morus_000717-R1	20	1083	2.213444825553298E-10	2.788492328498251	0.0949435161825225	relaxed	not_significant	1	1
Morus_000719-R1	20	543	0.2284939246164363	8.407184834817599	0.003737409553956295	relaxed	significant_relaxed	9	9
Morus_000719-R1	20	543	4.686562820688709E-11	6.750039654119064	0.009374560106674923	relaxed	significant_relaxed	1	1
Morus_000720-R1	20	376	0.4870122850902082	1.728161737661139	0.1886458310455147	relaxed	not_significant	9	9
Morus_000720-R1	20	376	50	1.457597836471905	0.2273127171932958	intensified	not_significant	1	1
Morus_000721-R1	20	186	1.543451577957633	0.4281947165382007	0.5128761054489505	intensified	not_significant	9	9
Morus_000721-R1	20	186	0.6064176240657508	0.379654321711314	0.5377882956183655	relaxed	not_significant	1	1
Morus_000722-R1	20	382	1.200708112635895	0.2936203856261272	0.5879097883753566	intensified	not_significant	9	9
Morus_000722-R1	20	382	27.07971949689477	0.4278448369632315	0.5130483531509569	intensified	not_significant	1	1
Morus_000723-R1	20	320	3.29985663307769	0.07280732307117432	0.7872923333167108	intensified	not_significant	9	9
Morus_000723-R1	20	320	2.054811757236955	0.5016604883476248	0.4787714253154414	intensified	not_significant	1	1
Morus_000728-R1	20	990	1.851029531779398	2.212819649674202	0.136868308684992	intensified	not_significant	9	9
Morus_000728-R1	20	990	1.010303788111748	0.00009686362682259642	0.9921474011275301	intensified	not_significant	1	1
Morus_000730-R1	20	439	1.120257955195622	0.1235385249337924	0.7252279173112466	intensified	not_significant	9	9
Morus_000730-R1	20	439	3.466291297347976	1.883924925653446	0.1698887241591949	intensified	not_significant	1	1
Morus_000731-R1	20	600	0.5679358152879671	1.641771467242506	0.2000825890318553	relaxed	not_significant	9	9
Morus_000731-R1	20	600	10.45310843140135	0.4879067324454809	0.4848625520028474	intensified	not_significant	1	1
Morus_000734-R1	20	481	0.5635524585968203	1.207219206254194	0.2718835511365943	relaxed	not_significant	9	9
Morus_000734-R1	20	481	1.834342496627706	0.6255397673621701	0.4289960922386055	intensified	not_significant	1	1
Morus_000737-R1	20	599	1.327040166446465	1.846832414872551	0.1741522532125847	intensified	not_significant	9	9
Morus_000737-R1	20	599	0	2.245494338227218	0.1340040780670951	relaxed	not_significant	1	1
Morus_000740-R1	20	261	0.5771130256693062	0.6363013274203695	0.425053322259802	relaxed	not_significant	9	9
Morus_000740-R1	20	261	1.319928048164787	0.1066625636312892	0.7439762297324715	intensified	not_significant	1	1
Morus_000746-R1	20	296	0.3731388267981026	3.236995826703605	0.07199253446372222	relaxed	not_significant	9	9
Morus_000746-R1	20	296	0.7191490808601517	0.09342742244825786	0.7598642956673374	relaxed	not_significant	1	1
Morus_000752-R1	20	333	2.189153923544514	1.460919904269758	0.2267838111401368	intensified	not_significant	9	9
Morus_000752-R1	20	333	0.257874802006361	0.3711553772300249	0.5423751612244836	relaxed	not_significant	1	1
Morus_000753-R1	20	409	1.098738843469333	0.05261102395706985	0.8185806276924326	intensified	not_significant	9	9
Morus_000753-R1	20	409	0.7743022150144826	0.1891824196482048	0.6635979553561713	relaxed	not_significant	1	1
Morus_000759-R1	20	611	0.7915852889405545	0.6053214848288917	0.4365548115888181	relaxed	not_significant	9	9
Morus_000759-R1	20	611	1.328879673253357	0.4434184353194723	0.5054771202765388	intensified	not_significant	1	1
Morus_000763-R1	20	719	1.048218649389197	0.04286210442660376	0.8359851402133585	intensified	not_significant	9	9
Morus_000763-R1	20	719	1.132233240533079	0.05342329417180736	0.8172100831976494	intensified	not_significant	1	1
Morus_000767-R1	20	337	1.101627902399716	0.02287745875037217	0.8797761725771077	intensified	not_significant	9	9
Morus_000767-R1	20	337	3.175178964879247	2.936297562287109	0.08660904558005678	intensified	not_significant	1	1
Morus_000769-R2	20	298	1.696356520267569	0.5380438200172648	0.4632445634307782	intensified	not_significant	9	9
Morus_000769-R2	20	298	0.2111102558321134	4.695196284915255	0.03024704394997868	relaxed	significant_relaxed	1	1
Morus_000779-R1	20	286	4.831420185416754	0.9850150596921594	0.3209637972011211	intensified	not_significant	9	9
Morus_000779-R1	20	286	0.9947749431484131	0.00002757449965429259	0.99581021356877	relaxed	not_significant	1	1
Morus_000780-R1	20	277	0.6796233827130069	0.1405457615283012	0.7077390532517813	relaxed	not_significant	9	9
Morus_000780-R1	20	277	1	-0.000004739818905363791	1	intensified	not_significant	0	1
Morus_000784-R1	20	718	11.75739989510522	0.3169599239463423	0.5734403727305586	intensified	not_significant	9	9
Morus_000784-R1	20	718	0.3879411179434704	1.769243998498496	0.183475667918345	relaxed	not_significant	1	1
Morus_000785-R1	20	928	1.604557167369315	0.1148808483521861	0.7346543472768676	intensified	not_significant	9	9
Morus_000785-R1	20	928	0.125249510683783	1.382382442558082	0.2396957473065726	relaxed	not_significant	1	1
Morus_000786-R1	20	652	3.257223841244048	3.841250575116646	0.05000621017429141	intensified	not_significant	9	9
Morus_000786-R1	20	652	4.5670666220455	1.93807446250139	0.1638777586215997	intensified	not_significant	1	1
Morus_000788-R1	20	502	0.4190312503971407	0.465399345300284	0.4951113338203816	relaxed	not_significant	9	9
Morus_000788-R1	20	502	0.2025948410836272	3.636753627210055	0.05651703525650675	relaxed	not_significant	1	1
Morus_000789-R1	20	268	0.7673798898354132	0.5140426623811436	0.4733940358427922	relaxed	not_significant	9	9
Morus_000789-R1	20	268	3.053242941680213	0.6903013473856845	0.406061900264131	intensified	not_significant	1	1
Morus_000796-R1	20	470	1.41565590987595	0.6535987220004245	0.4188289734571574	intensified	not_significant	9	9
Morus_000796-R1	20	470	13.40260801290042	0.8654787491223033	0.3522100306053889	intensified	not_significant	1	1
Morus_000799-R1	20	197	8.318323251422322	12.85178247620479	0.0003371579282709369	intensified	significant_intensified	9	9
Morus_000799-R1	20	197	0.3361932845530412	1.081789892686174	0.2982974896880239	relaxed	not_significant	1	1
Morus_000803-R1	20	183	19.17399565855246	4.537892400120199	0.03315238641155538	intensified	significant_intensified	9	9
Morus_000803-R1	20	183	0	1.662970817685618	0.1972026870124168	relaxed	not_significant	1	1
Morus_000804-R1	20	375	1.309828613658782	0.5997808854317555	0.4386616404724897	intensified	not_significant	9	9
Morus_000804-R1	20	375	2.776747949313041E-10	3.960132364552919	0.04659003972477671	relaxed	significant_relaxed	1	1
Morus_000817-R1	20	290	0.7820138693175835	0.327697052593976	0.5670183039302745	relaxed	not_significant	9	9
Morus_000817-R1	20	290	0.6502690383945426	0.1340237021413486	0.7142960705256876	relaxed	not_significant	1	1
Morus_000819-R1	20	128	0.859809778098965	-1.062453520717099E-7	1	relaxed	not_significant	9	9
Morus_000819-R1	20	128	0.8532121077379893	-1.19550804811297E-8	1	relaxed	not_significant	1	1
Morus_000827-R1	20	421	5.796572281907665E-8	10.56094210595438	0.001155023127756838	relaxed	significant_relaxed	9	9
Morus_000827-R1	20	421	0	0.4774760132795564	0.4895678086814671	relaxed	not_significant	1	1
Morus_000828-R1	20	223	0.2015301410457186	3.594742073109501	0.05796262250439055	relaxed	not_significant	9	9
Morus_000828-R1	20	223	13.93122072500017	1.481678012535212	0.2235121661928847	intensified	not_significant	1	1
Morus_000829-R1	20	324	0.7548939178664792	0.2154533961811467	0.6425262561162384	relaxed	not_significant	9	9
Morus_000829-R1	20	324	1.374746829956055	0.1785434679304672	0.6726279606745384	intensified	not_significant	1	1
Morus_000843-R1	20	205	4.754049332602158	1.916863928987368	0.1662027915503648	intensified	not_significant	9	9
Morus_000843-R1	20	205	0.1799977889057817	0.9992279523153229	0.3174973929982318	relaxed	not_significant	1	1
Morus_000844-R1	20	323	1.058849038198783	0.03929318248174241	0.8428689655373222	intensified	not_significant	9	9
Morus_000844-R1	20	323	1	-0.000003138256943202578	1	intensified	not_significant	0	1
Morus_000851-R1	20	388	1.302963372033349	0.2453689402345844	0.6203549932378017	intensified	not_significant	9	9
Morus_000851-R1	20	388	0.9939092717567378	-8.985362001112662E-7	1	relaxed	not_significant	1	1
Morus_000852-R1	20	545	0.1869806702531309	7.566087127902392	0.005947676770048149	relaxed	significant_relaxed	9	9
Morus_000852-R1	20	545	0.4630735507166416	1.299640425499092	0.2542789145233681	relaxed	not_significant	1	1
Morus_000856-R1	20	441	0.8723658315429103	0.1423556214349446	0.7059503458401247	relaxed	not_significant	9	9
Morus_000856-R1	20	441	0.7303817120231023	1.051909912544943	0.3050676266466236	relaxed	not_significant	1	1
Morus_000858-R1	20	594	0.8433741204745977	0.0985231349204696	0.7536091798282182	relaxed	not_significant	9	9
Morus_000858-R1	20	594	0.00002083025482819529	4.01866406156114	0.04499934492162738	relaxed	significant_relaxed	1	1
Morus_000861-R1	20	301	46.36933007910569	3.25207818868239	0.07133296163458924	intensified	not_significant	9	9
Morus_000861-R1	20	301	0.801183619236464	0.1594303466695237	0.689681525022432	relaxed	not_significant	1	1
Morus_000864-R1	20	491	0.9967110192761519	-0.0002309092606083141	1	relaxed	not_significant	9	9
Morus_000864-R1	20	491	15.29597854354046	3.273398225882374	0.07041162952695479	intensified	not_significant	1	1
Morus_000867-R1	20	155	0.9853707125899279	0.0002477346597515862	0.9874421435035726	relaxed	not_significant	9	9
Morus_000867-R1	20	155	0.853212455638352	0	1	relaxed	not_significant	1	1
Morus_000880-R1	20	505	0.4128026615922392	0.411709080755827	0.5211033157505858	relaxed	not_significant	9	9
Morus_000880-R1	20	505	3.5172109634704	4.981926054335418	0.0256134519996567	intensified	significant_intensified	1	1
Morus_000882-R1	20	306	2.884991027355236	1.939849354950638	0.1636848919079132	intensified	not_significant	9	9
Morus_000882-R1	20	306	0.4013867778976413	0.9219236672533953	0.3369703865572181	relaxed	not_significant	1	1
Morus_000889-R1	20	422	1.250765301071311	0.3124314005053748	0.5761919993717917	intensified	not_significant	9	9
Morus_000889-R1	20	422	5.590547138417695	3.33116048966167	0.06797889397025503	intensified	not_significant	1	1
Morus_000895-R1	20	230	0.2281591283350848	1.560845341074128	0.2115414890706758	relaxed	not_significant	9	9
Morus_000895-R1	20	230	1	-1.81853465619497E-9	1	intensified	not_significant	0	1
Morus_000900-R1	20	436	0.2822964946401786	1.366211693974037	0.2424638350201914	relaxed	not_significant	9	9
Morus_000900-R1	20	436	0.72516556963691	0.2599270407254153	0.6101702832483578	relaxed	not_significant	1	1
Morus_000902-R1	20	637	1.316683053423237	0.9083616747611813	0.3405494886570209	intensified	not_significant	9	9
Morus_000902-R1	20	637	0.4232462980579531	0.2439131773116969	0.6213939883000801	relaxed	not_significant	1	1
Morus_000908-R1	20	357	50	0.5904924260394182	0.4422287638243684	intensified	not_significant	9	9
Morus_000908-R1	20	357	0.8532131769476052	-0.00001783946481737075	1	relaxed	not_significant	1	1
Morus_000910-R1	20	524	1.468589837515145	2.235433801843101	0.1348787652426223	intensified	not_significant	9	9
Morus_000910-R1	20	524	12.21577774872775	0.6739085508934295	0.4116922182634395	intensified	not_significant	1	1
Morus_000911-R1	20	224	0.2376563414567309	2.046330142314673	0.152573576683624	relaxed	not_significant	9	9
Morus_000911-R1	20	224	0.9701304405725096	0.001483180095419812	0.9692794023641833	relaxed	not_significant	1	1
Morus_000912-R1	20	566	0.8968955017904326	0.08397985973897448	0.7719747659151164	relaxed	not_significant	9	9
Morus_000912-R1	20	566	1.399462016383352	0.8834472007947625	0.3472592541361905	intensified	not_significant	1	1
Morus_000916-R1	20	260	2.322046869085596	2.027561236561269	0.1544683029194184	intensified	not_significant	9	9
Morus_000916-R1	20	260	0.1384810884337132	2.511201712930415	0.1130397030535292	relaxed	not_significant	1	1
Morus_000917-R1	20	173	0.09026635427043887	4.267592702327875	0.03884592632219974	relaxed	significant_relaxed	9	9
Morus_000917-R1	20	173	4.274283962640655	2.082082560009439	0.1490367183131823	intensified	not_significant	1	1
Morus_000919-R1	20	190	0.1581830715039807	3.967963548616808	0.04637382441552362	relaxed	significant_relaxed	9	9
Morus_000919-R1	20	190	49.99999995488324	1.199263912782044	0.2734688481079481	intensified	not_significant	1	1
Morus_000920-R1	20	282	1.051348905904063	0.007254681706399424	0.9321227270947353	intensified	not_significant	9	9
Morus_000920-R1	20	282	0.2715682533306549	1.724326864302839	0.1891370340186396	relaxed	not_significant	1	1
Morus_000921-R1	20	127	0.2224925205971674	3.936774782617704	0.0472412673610747	relaxed	significant_relaxed	9	9
Morus_000921-R1	20	127	6.583999628191779	0.9003232617465073	0.3426950476423145	intensified	not_significant	1	1
Morus_000924-R1	20	471	0.3019452186645921	0.4209156079150489	0.5164805270150268	relaxed	not_significant	9	9
Morus_000924-R1	20	471	19.17360840509672	3.653004127099848	0.05596817476698868	intensified	not_significant	1	1
Morus_000930-R1	20	426	1.382934756932236	0.5578775245958241	0.4551166864639543	intensified	not_significant	9	9
Morus_000930-R1	20	426	0.9621879831888607	0.006454924895479053	0.9359648197731425	relaxed	not_significant	1	1
Morus_000936-R1	20	128	4.001292111863598	15.19754812642486	0.00009682906180785711	intensified	significant_intensified	9	9
Morus_000936-R1	20	128	29.37037093865097	1.303572513772451	0.2535616926547668	intensified	not_significant	1	1
Morus_000939-R1	20	278	2.78315673076399	0.4618072880434738	0.4967805438790546	intensified	not_significant	9	9
Morus_000939-R1	20	278	22.68594792186244	3.26204144640451	0.07090080830668388	intensified	not_significant	1	1
Morus_000943-R1	20	439	0.7526302839482583	0.552883970331095	0.4571416940214617	relaxed	not_significant	9	9
Morus_000943-R1	20	439	0.2130400967390429	7.709945076469012	0.005491742257872079	relaxed	significant_relaxed	1	1
Morus_000946-R1	20	253	2.928327966665255	1.081457156060424	0.2983718088921957	intensified	not_significant	9	9
Morus_000946-R1	20	253	0.5789221220586667	0.6507752628722301	0.4198356392234492	relaxed	not_significant	1	1
Morus_000967-R1	20	78	0.4877106105308777	1.45409869256855	0.2278714196597269	relaxed	not_significant	9	9
Morus_000967-R1	20	78	0.5596579546887869	0.1706063224114587	0.6795735110715344	relaxed	not_significant	1	1
Morus_000981-R1	20	95	1.130364368857679	0.1206291232726926	0.7283531538569394	intensified	not_significant	9	9
Morus_000981-R1	20	95	2.060096356104083	-4.062601419718703E-7	1	intensified	not_significant	1	1
Morus_000984-R1	20	301	0.8961927212091468	0.04207258567930694	0.837481472741625	relaxed	not_significant	9	9
Morus_000984-R1	20	301	0.9309641979659272	0.03483008799412346	0.851952148592402	relaxed	not_significant	1	1
Morus_001006-R1	20	480	1.097741941482935	0.0631341237012748	0.8016091971324921	intensified	not_significant	9	9
Morus_001006-R1	20	480	0.763467439680754	0.1273211310217448	0.721225913762904	relaxed	not_significant	1	1
Morus_001028-R1	20	1692	1.944871794038215	1.367593330232921	0.2422258136543254	intensified	not_significant	9	9
Morus_001028-R1	20	1692	0.2059738004379924	0.9072805455725756	0.3408370011408719	relaxed	not_significant	1	1
Morus_001034-R1	20	131	50	5.406193219542502	0.02006542718450122	intensified	significant_intensified	9	9
Morus_001034-R1	20	131	0.05811292407051791	0.04571701665918226	0.8306910309282347	relaxed	not_significant	1	1
Morus_001038-R1	20	365	0.9777059840687919	0.00254283266440325	0.9597825132799702	relaxed	not_significant	9	9
Morus_001038-R1	20	365	20.90503642882792	0.9790476010175553	0.3224340513397258	intensified	not_significant	1	1
Morus_001049-R1	20	494	0.5999484507791246	1.274699831906219	0.2588868428477684	relaxed	not_significant	9	9
Morus_001049-R1	20	494	1.778253818564928	0.139649052643108	0.7086301509795967	intensified	not_significant	1	1
Morus_001052-R1	20	265	50	6.047793725958854	0.01392368411614942	intensified	significant_intensified	9	9
Morus_001052-R1	20	265	0.1678106476146534	1.299676048794481	0.2542724055517825	relaxed	not_significant	1	1
Morus_001059-R1	20	231	1.394834102209025	0.2796389508321226	0.5969379588348602	intensified	not_significant	9	9
Morus_001059-R1	20	231	0.1626393428941622	2.959470630435135	0.08537588844389976	relaxed	not_significant	1	1
Morus_001063-R1	20	146	1.285711263142166	-0.007326564409140701	1	intensified	not_significant	9	9
Morus_001063-R1	20	146	0.6121538703873711	0.9484692330170219	0.330109247218163	relaxed	not_significant	1	1
Morus_001083-R1	20	267	0.1865736292362532	6.246939969290452	0.01244080455658492	relaxed	significant_relaxed	9	9
Morus_001083-R1	20	267	17.36245262994408	3.065158991655608	0.07998733743093778	intensified	not_significant	1	1
Morus_001130-R1	20	163	0.2228040325142215	3.301743663684647	0.06920638390379985	relaxed	not_significant	9	9
Morus_001130-R1	20	163	0	1.425090828450266	0.2325672918186628	relaxed	not_significant	1	1
Morus_001160-R1	20	507	0.8639115375150543	0.6376529181434307	0.4245619896138974	relaxed	not_significant	9	9
Morus_001160-R1	20	507	0.3274242471574574	0.6974700048776867	0.4036351173617194	relaxed	not_significant	1	1
Morus_001194-R1	20	491	2.361295072448405E-10	3.272278554552031	0.07045969691546639	relaxed	not_significant	9	9
Morus_001194-R1	20	491	0.06494232627911706	6.541944946678996	0.01053600986638226	relaxed	significant_relaxed	1	1
Morus_001256-R1	20	297	6.672238024544902E-8	2.12299161874671	0.1451028709669423	relaxed	not_significant	9	9
Morus_001256-R1	20	297	34.6065609806542	0.1520941537496583	0.6965420893746253	intensified	not_significant	1	1
Morus_001277-R1	20	437	0.6600433324198904	0.5291007929508851	0.4669851503178805	relaxed	not_significant	9	9
Morus_001277-R1	20	437	0.1952625916967272	0.8710047930235305	0.3506772896582363	relaxed	not_significant	1	1
Morus_001291-R1	20	526	1.053220870651065	0.2227194928964309	0.6369755680940971	intensified	not_significant	9	9
Morus_001291-R1	20	526	0.7446468233916127	0.6688154538533126	0.4134648988130993	relaxed	not_significant	1	1
Morus_001313-R1	20	237	0.1614518350839304	2.15375321517422	0.1422218482217245	relaxed	not_significant	9	9
Morus_001313-R1	20	237	4.494895821052224E-14	2.610401871131216	0.1061648556703706	relaxed	not_significant	1	1
Morus_001325-R1	20	483	3.189007823368584	1.477608959528879	0.2241489978556298	intensified	not_significant	9	9
Morus_001325-R1	20	483	0.3078559924784052	4.798326115685995	0.02848740172802466	relaxed	significant_relaxed	1	1
Morus_001348-R1	20	349	3.750265975967019	2.855683415798012	0.09105153738808269	intensified	not_significant	9	9
Morus_001348-R1	20	349	1.447318115350397	0.2830126141452638	0.5947334071340729	intensified	not_significant	1	1
Morus_001356-R1	20	497	0.9686869107213795	0.02948378712426347	0.8636667530660193	relaxed	not_significant	9	9
Morus_001356-R1	20	497	1.250296963576655	0.3489552057289984	0.5547051594475929	intensified	not_significant	1	1
Morus_001360-R1	20	457	0.2399914636690927	1.462921593614738	0.2264658362401268	relaxed	not_significant	9	9
Morus_001360-R1	20	457	16.29344059491188	1.325266350168022	0.2496490881246133	intensified	not_significant	1	1
Morus_001364-R1	20	481	1.083013483189634	0.08346992666884034	0.772649007982435	intensified	not_significant	9	9
Morus_001364-R1	20	481	0.2412168632890127	1.928851029291764	0.1648842029569315	relaxed	not_significant	1	1
Morus_001365-R1	20	179	3.875572478312331	4.233658689034655	0.03962992574519864	intensified	significant_intensified	9	9
Morus_001365-R1	20	179	4.944044750560296	1.163623318207101	0.2807153617127269	intensified	not_significant	1	1
Morus_001366-R1	20	175	1.10118646429295	0.01842080277720015	0.8920400605923762	intensified	not_significant	9	9
Morus_001366-R1	20	175	0.04777209649008665	2.863826138091554	0.09059178070346574	relaxed	not_significant	1	1
Morus_001370-R1	20	165	1.320502551003525	0.4833087230958881	0.4869274112321691	intensified	not_significant	9	9
Morus_001370-R1	20	165	40.89450345010788	1.429473320759371	0.2318504120986438	intensified	not_significant	1	1
Morus_001372-R1	20	302	1.861913431502671	1.495816942175225	0.2213161172442611	intensified	not_significant	9	9
Morus_001372-R1	20	302	1	-0.0002434379275655374	1	intensified	not_significant	0	1
Morus_001395-R1	20	296	1.132273366197244	0.0193401070400796	0.889395851064581	intensified	not_significant	9	9
Morus_001395-R1	20	296	0	7.669750244381703	0.005615422917897295	relaxed	significant_relaxed	1	1
Morus_001399-R1	20	170	1.067491575436335	0.007209761803096626	0.9323326902451536	intensified	not_significant	9	9
Morus_001399-R1	20	170	0.8532122524679299	-3.56249074684456E-9	1	relaxed	not_significant	1	1
Morus_001411-R1	20	1178	2.305952200027505	1.867999732601675	0.1717043485969836	intensified	not_significant	9	9
Morus_001411-R1	20	1178	0.000005384831906169086	2.531070370339876	0.1116244739317407	relaxed	not_significant	1	1
Morus_001414-R1	20	505	0.3115509590237864	0.5731458197187749	0.4490115524150115	relaxed	not_significant	9	9
Morus_001414-R1	20	505	0.1097567254019247	2.063498422918201	0.1508634644058102	relaxed	not_significant	1	1
Morus_001424-R1	20	1033	0.7499685135945751	1.138346254039789	0.2860020437815188	relaxed	not_significant	9	9
Morus_001424-R1	20	1033	1.700130124057106	1.363003219628808	0.2430176748847517	intensified	not_significant	1	1
Morus_001429-R1	20	640	0.4662017154611544	3.344490825673347	0.06743033766953621	relaxed	not_significant	9	9
Morus_001429-R1	20	640	0.3550789219144945	0.2059940039180219	0.6499255476715302	relaxed	not_significant	1	1
Morus_001431-R1	20	186	1.163749927439609	0.0656786141403245	0.7977358810355898	intensified	not_significant	9	9
Morus_001431-R1	20	186	0	2.327230101752775	0.127127910797997	relaxed	not_significant	1	1
Morus_001436-R3	20	536	0.7335926535278526	0.8371485830748497	0.3602135529597358	relaxed	not_significant	9	9
Morus_001436-R3	20	536	10.02166372110074	0.3106604175936809	0.5772752092685286	intensified	not_significant	1	1
Morus_001437-R1	20	222	1.066511516771363	0.02297422241827007	0.8795241254704236	intensified	not_significant	9	9
Morus_001437-R1	20	222	0.7970834706826042	0.07263209194388764	0.7875423128528483	relaxed	not_significant	1	1
Morus_001438-R1	20	144	11.63150414747844	0.9023484299523261	0.3421527903752901	intensified	not_significant	9	9
Morus_001438-R1	20	144	3.328152403688132E-10	1.33822858138592	0.2473466032292096	relaxed	not_significant	1	1
Morus_001440-R1	20	387	2.779196966270039	2.61188539729028	0.1060655926971675	intensified	not_significant	9	9
Morus_001440-R1	20	387	2.289279441939862	2.024635656827741	0.154766038097443	intensified	not_significant	1	1
Morus_001446-R1	20	165	2.022789202748716	3.770589408918113	0.05216124925191556	intensified	not_significant	9	9
Morus_001446-R1	20	165	0	1.396278467167122	0.2373476717032311	relaxed	not_significant	1	1
Morus_001450-R1	20	176	1.642144694412481	1.977070637976794	0.159699349466786	intensified	not_significant	9	9
Morus_001450-R1	20	176	0.1864951194686083	2.225088151038108	0.1357849071820103	relaxed	not_significant	1	1
Morus_001453-R1	20	192	0.7611610765047729	0.4426287503965796	0.5058563908885634	relaxed	not_significant	9	9
Morus_001453-R1	20	192	0	0.496220486249058	0.481165531967246	relaxed	not_significant	1	1
Morus_001457-R1	20	208	0.1322829415126465	3.355058725421259	0.0669988210388025	relaxed	not_significant	9	9
Morus_001457-R1	20	208	0.3290981371708825	1.365821549411066	0.2425310987422024	relaxed	not_significant	1	1
Morus_001458-R1	20	130	0.3108413026097055	1.288383329991348	0.2563460962753011	relaxed	not_significant	9	9
Morus_001458-R1	20	130	1	-0.00001543462030895171	1	intensified	not_significant	0	1
Morus_001461-R1	20	163	0.526330774997374	0.9072140513990234	0.3408546950816339	relaxed	not_significant	9	9
Morus_001461-R1	20	163	0.09746407530392806	0.06855617069322761	0.7934507101662831	relaxed	not_significant	1	1
Morus_001472-R1	20	321	14.82060963570016	3.204596777935876	0.07343160716886854	intensified	not_significant	9	9
Morus_001472-R1	20	321	0.1159191148381479	2.112958847143091	0.1460566752415001	relaxed	not_significant	1	1
Morus_001473-R1	20	385	1.135907747843641	0.009650588946897187	0.9217437763355917	intensified	not_significant	9	9
Morus_001473-R1	20	385	1.285764685955604	0.04364102530689706	0.8345229122913911	intensified	not_significant	1	1
Morus_001474-R1	20	527	1.082043849279204	0.08668559528632613	0.7684337955766372	intensified	not_significant	9	9
Morus_001474-R1	20	527	50	1.536795795994294	0.2150953753947893	intensified	not_significant	1	1
Morus_001486-R3	20	285	0.2737807979803322	2.819528151220766	0.09312377521779414	relaxed	not_significant	9	9
Morus_001486-R3	20	285	1.811179579275391E-8	0.628848962698612	0.4277778365305543	relaxed	not_significant	1	1
Morus_001498-R1	20	290	0.9231419092703252	0.04048053148380859	0.8405439568396378	relaxed	not_significant	9	9
Morus_001498-R1	20	290	0.09557521085372743	2.071902674689227	0.1500342426610106	relaxed	not_significant	1	1
Morus_001500-R1	20	159	0.4023461844070915	2.117506253109696	0.1456234855980827	relaxed	not_significant	9	9
Morus_001500-R1	20	159	20.57642372014449	1.010079087079703	0.3148838929985005	intensified	not_significant	1	1
Morus_001502-R1	20	196	1.000001785948639	-0.0003514490058478259	1	intensified	not_significant	9	9
Morus_001502-R1	20	196	18.11963774700319	1.188168645597671	0.2756992736940113	intensified	not_significant	1	1
Morus_001507-R1	20	993	0.4042578194487949	7.999438814202222	0.004679184961843275	relaxed	significant_relaxed	9	9
Morus_001507-R1	20	993	0.3989902251448852	0.5983674232029443	0.4392016069476927	relaxed	not_significant	1	1
Morus_001516-R1	20	525	3.393686253405958	5.806399747037176	0.01596795208901269	intensified	significant_intensified	9	9
Morus_001516-R1	20	525	0.2215049853297797	5.740571827946042	0.01657739466497343	relaxed	significant_relaxed	1	1
Morus_001519-R1	20	353	0.146382959319059	5.908209180554877	0.01507048468390959	relaxed	significant_relaxed	9	9
Morus_001519-R1	20	353	0.5486482667994684	1.412779859521834	0.2345954684588033	relaxed	not_significant	1	1
Morus_001522-R1	20	315	0.6644125177149899	1.002857066939214	0.3166201675359761	relaxed	not_significant	9	9
Morus_001522-R1	20	315	50	4.013778384864963	0.04512990632249603	intensified	significant_intensified	1	1
Morus_001527-R1	20	233	1.43498278579195	0.1719557855167295	0.6783794565531994	intensified	not_significant	9	9
Morus_001527-R1	20	233	0.1344208425727692	0.253095403016232	0.6149038934112454	relaxed	not_significant	1	1
Morus_001534-R6	20	789	0.6255672566991419	1.059528834237426	0.3033226715813747	relaxed	not_significant	9	9
Morus_001534-R6	20	789	29.07526662752681	0.5067025244661636	0.4765698027497778	intensified	not_significant	1	1
Morus_001536-R1	20	185	50	3.412849212483252	0.06469066095773801	intensified	not_significant	9	9
Morus_001536-R1	20	185	0.1948423577658978	1.544878428976062	0.213893119031996	relaxed	not_significant	1	1
Morus_001537-R1	20	1312	0.9567398646956303	0.0211734041768068	0.8843075587988878	relaxed	not_significant	9	9
Morus_001537-R1	20	1312	6.747919210997479	4.069962004861736	0.04365225621314239	intensified	significant_intensified	1	1
Morus_001538-R1	20	284	4.057414816908567E-9	2.028937053160007	0.1543285112545368	relaxed	not_significant	9	9
Morus_001538-R1	20	284	1.534659810889338E-10	4.250167206249898	0.03924646617274508	relaxed	significant_relaxed	1	1
Morus_001541-R1	20	526	3.421361201979756	3.714351400833038	0.05394658007973729	intensified	not_significant	9	9
Morus_001541-R1	20	526	13.33597627683467	10.46878524725253	0.001214085248824603	intensified	significant_intensified	1	1
Morus_001542-R1	20	329	0.5735868787451383	1.162875859154155	0.2808699101407367	relaxed	not_significant	9	9
Morus_001542-R1	20	329	2.019426546217246	1.285614969880044	0.2568576312769433	intensified	not_significant	1	1
Morus_001546-R1	20	570	0.8727011435050083	0.05264484942563286	0.8185233325623383	relaxed	not_significant	9	9
Morus_001546-R1	20	570	0.5360496094778986	2.274251951038423	0.1315385786787234	relaxed	not_significant	1	1
Morus_001564-R1	20	451	4.741018016985598	2.121598616093252	0.145234881509404	intensified	not_significant	9	9
Morus_001564-R1	20	451	0.5133842359043498	0.3578272039712829	0.5497154340522286	relaxed	not_significant	1	1
Morus_001571-R1	20	358	5.331248254949464	1.153128648312304	0.282895170504053	intensified	not_significant	9	9
Morus_001571-R1	20	358	1.099919369831254	0.006118699653598014	0.9376513687677086	intensified	not_significant	1	1
Morus_001572-R1	20	297	0.658874655986521	0.7058562769443597	0.4008228692716215	relaxed	not_significant	9	9
Morus_001572-R1	20	297	4.606110932232735E-8	1.514664501658444	0.2184287022373224	relaxed	not_significant	1	1
Morus_001574-R1	20	382	1.132834533077297	0.3420803064491338	0.5586308839429586	intensified	not_significant	9	9
Morus_001574-R1	20	382	18.15291592170204	37.98470403097781	7.130144252798232E-10	intensified	significant_intensified	1	1
Morus_001587-R1	20	142	1.01291947176297E-8	0.9325480320039787	0.3342016947325841	relaxed	not_significant	9	9
Morus_001587-R1	20	142	0.6304531998571347	0.3185277735933596	0.5724937452367942	relaxed	not_significant	1	1
Morus_001588-R1	20	335	1.186359711282446	0.1542425279458257	0.6945135736890532	intensified	not_significant	9	9
Morus_001588-R1	20	335	50	6.626312515917562	0.01004830704590154	intensified	significant_intensified	1	1
Morus_001590-R1	20	505	1.575740204245782	1.190452692824692	0.2752382618631551	intensified	not_significant	9	9
Morus_001590-R1	20	505	0.1927470236174009	0.3924135230890897	0.531033472177052	relaxed	not_significant	1	1
Morus_001609-R1	20	374	1.517819718175149	1.018300723444554	0.3129224217368503	intensified	not_significant	9	9
Morus_001609-R1	20	374	0.3275736392037268	2.656900763373415	0.103101447562848	relaxed	not_significant	1	1
Morus_001611-R1	20	237	0.4577616946165351	1.160119294449032	0.2814408012488853	relaxed	not_significant	9	9
Morus_001611-R1	20	237	4.174725056067147E-9	0.1652026450415178	0.6844110458325707	relaxed	not_significant	1	1
Morus_001621-R1	20	263	4.178091942783061E-9	3.285582537684604	0.06989082245875333	relaxed	not_significant	9	9
Morus_001621-R1	20	263	0	0.4275665798804766	0.5131854124995329	relaxed	not_significant	1	1
Morus_001639-R1	20	613	0.4599143556118825	5.309328357107006	0.0212115322347991	relaxed	significant_relaxed	9	9
Morus_001639-R1	20	613	0.8985123222301385	0.02774479059917212	0.8677102293609031	relaxed	not_significant	1	1
Morus_001641-R1	20	382	1.92257069994749	2.047614713863368	0.1524448649994027	intensified	not_significant	9	9
Morus_001641-R1	20	382	0.8257470082554993	0.07695816453724547	0.7814627350228753	relaxed	not_significant	1	1
Morus_001642-R1	20	159	3.285438737464208	3.321376944264557	0.06838453175368775	intensified	not_significant	9	9
Morus_001642-R1	20	159	0.8532129096918106	-0.000001139269670602516	1	relaxed	not_significant	1	1
Morus_001645-R1	20	440	0.8319910979530942	0.08248605978405976	0.7739562274923264	relaxed	not_significant	9	9
Morus_001645-R1	20	440	1.213112085991337	0.06969155461501941	0.791786406436336	intensified	not_significant	1	1
Morus_001648-R1	20	322	0	2.093499593134766	0.1479268708419438	relaxed	not_significant	9	9
Morus_001648-R1	20	322	0.3904051291541282	0.2063409887114176	0.6496505419364613	relaxed	not_significant	1	1
Morus_001651-R1	20	147	6.511069313298151	20.52823637221718	0.000005875805412447477	intensified	significant_intensified	9	9
Morus_001651-R1	20	147	19.56985030080149	1.41679367403367	0.2339318703917785	intensified	not_significant	1	1
Morus_001657-R1	20	457	0.2274030347618199	0.5455703674497272	0.4601333096950414	relaxed	not_significant	9	9
Morus_001657-R1	20	457	32.0472815060342	1.348901860397746	0.2454701868730894	intensified	not_significant	1	1
Morus_001658-R1	20	197	6.115683817967729	1.86268848916734	0.1723148305644596	intensified	not_significant	9	9
Morus_001658-R1	20	197	8.957622486657577	0.9588636843745917	0.3274733378797554	intensified	not_significant	1	1
Morus_001660-R1	20	323	0.5591388645275521	0.7397074766931837	0.3897545999186559	relaxed	not_significant	9	9
Morus_001660-R1	20	323	0	2.867357755814737	0.09039316146571652	relaxed	not_significant	1	1
Morus_001662-R1	20	410	1.167068196258508	0.2175157874380602	0.6409393178734204	intensified	not_significant	9	9
Morus_001662-R1	20	410	0.6374070354564652	0.7183007906296552	0.3967018468904107	relaxed	not_significant	1	1
Morus_001668-R1	20	462	0.05643769241410293	3.63778871577415	0.05648190540248699	relaxed	not_significant	9	9
Morus_001668-R1	20	462	0.7519341997452539	0.7427929605901227	0.3887676596088182	relaxed	not_significant	1	1
Morus_001669-R1	20	310	1.249985082878559	0.2497589384947787	0.6172448674486659	intensified	not_significant	9	9
Morus_001669-R1	20	310	0.232480470479457	1.111211620494942	0.2918187207928071	relaxed	not_significant	1	1
Morus_001672-R1	20	610	1.79056174569254	2.280087055845797	0.1310445179314467	intensified	not_significant	9	9
Morus_001672-R1	20	610	17.0363821181899	1.773462287378607	0.1829541735673141	intensified	not_significant	1	1
Morus_001673-R1	20	303	0.1531793599968347	3.222892591345953	0.0726152067708753	relaxed	not_significant	9	9
Morus_001673-R1	20	303	0.9879571634789007	0.0003860357119265245	0.9843243390545479	relaxed	not_significant	1	1
Morus_001678-R1	20	461	1.088554975616876	0.02336662792004063	0.878507524051081	intensified	not_significant	9	9
Morus_001678-R1	20	461	0.238698225567811	1.186995819402	0.2759363737750391	relaxed	not_significant	1	1
Morus_001681-R1	20	476	0.6823004762088022	1.158709259908392	0.281733389530522	relaxed	not_significant	9	9
Morus_001681-R1	20	476	0.9405928298721815	0.007040275953841046	0.9331308889857306	relaxed	not_significant	1	1
Morus_001683-R1	20	366	0.8843177318784045	0.08805783404204703	0.7666608910790277	relaxed	not_significant	9	9
Morus_001683-R1	20	366	0.6353211086401306	0.07579045334205148	0.7830852575407399	relaxed	not_significant	1	1
Morus_001688-R1	20	486	0.8557265934065222	-0.00003807075700024143	1	relaxed	not_significant	9	9
Morus_001688-R1	20	486	1.069478638484009	0.009501741605163261	0.9223476960325631	intensified	not_significant	1	1
Morus_001689-R1	20	530	1.122546715501223	0.1028707559835311	0.7484114389465106	intensified	not_significant	9	9
Morus_001689-R1	20	530	0.8311941499763609	0.04593672893861367	0.8302908527275856	relaxed	not_significant	1	1
Morus_001693-R1	20	274	1.818609987419733	1.005481003685873	0.3159878901266853	intensified	not_significant	9	9
Morus_001693-R1	20	274	0.9381675190672231	0.01622952107663878	0.8986276645499763	relaxed	not_significant	1	1
Morus_001694-R1	20	278	0.5834866163085241	0.2489889090484212	0.6177879191437677	relaxed	not_significant	9	9
Morus_001694-R1	20	278	30.86603844711463	10.32397982643488	0.001313128231958949	intensified	significant_intensified	1	1
Morus_001697-R1	20	668	1.050119206852151	0.01181694001206779	0.9134358813117892	intensified	not_significant	9	9
Morus_001697-R1	20	668	0.2404021557613577	2.359409892531403	0.1245292879475134	relaxed	not_significant	1	1
Morus_001700-R1	20	236	0.2649612891187173	2.350945378224424	0.1252070554227719	relaxed	not_significant	9	9
Morus_001700-R1	20	236	4.938750314901203E-10	0.8538841869803946	0.3554558374280599	relaxed	not_significant	1	1
Morus_001703-R1	20	237	0.2671842486046693	2.181420831318974	0.1396854533625447	relaxed	not_significant	9	9
Morus_001703-R1	20	237	0.1873303270370546	1.349979699040887	0.2452816659401662	relaxed	not_significant	1	1
Morus_001712-R1	20	193	0.2301740982964952	3.148128481515414	0.07601410002493714	relaxed	not_significant	9	9
Morus_001712-R1	20	193	0.6718934486210908	0.2406603080585228	0.6237296118160744	relaxed	not_significant	1	1
Morus_001714-R1	20	416	5.439040407880134	26.88348101541033	2.160980366872067E-7	intensified	significant_intensified	9	9
Morus_001714-R1	20	416	0.09859262086481402	6.096996707297876	0.01354118269542004	relaxed	significant_relaxed	1	1
Morus_001718-R1	20	624	0.9290155590711162	0.02764705692425196	0.8679412934454445	relaxed	not_significant	9	9
Morus_001718-R1	20	624	0.844652854450197	0.220120495523588	0.6389481221996646	relaxed	not_significant	1	1
Morus_001742-R1	20	297	0.8197281270139569	0.08084282658910524	0.7761584711136106	relaxed	not_significant	9	9
Morus_001742-R1	20	297	0.4695623735465209	1.059868462339182	0.3032451876124004	relaxed	not_significant	1	1
Morus_001748-R1	20	109	0.9749667345473174	0.001114309315425999	0.973370544179048	relaxed	not_significant	9	9
Morus_001748-R1	20	109	19.05175087352473	0.5839804130343964	0.4447563419013802	intensified	not_significant	1	1
Morus_001749-R1	20	377	0.281086659652289	5.584558181759348	0.01811950335650447	relaxed	significant_relaxed	9	9
Morus_001749-R1	20	377	1	-0.000002029763891187031	1	intensified	not_significant	0	1
Morus_001751-R1	20	273	4.588396419447148	0.2235245209130881	0.6363674334643682	intensified	not_significant	9	9
Morus_001751-R1	20	273	3.570938943862368E-17	2.289714047994494	0.1302339149278897	relaxed	not_significant	1	1
Morus_001791-R1	20	402	0.9043250529799507	0.08159135393179895	0.7751523293587329	relaxed	not_significant	9	9
Morus_001791-R1	20	402	15.36663141973374	1.316188651330776	0.2512772158477392	intensified	not_significant	1	1
Morus_001805-R1	20	622	1.257874496574932	0.2641731058611185	0.6072675615990129	intensified	not_significant	9	9
Morus_001805-R1	20	622	10.42360319448375	0.4972996690466971	0.4806890332378795	intensified	not_significant	1	1
Morus_001808-R1	20	419	2.302480820191783	2.557835414303554	0.1097487574955692	intensified	not_significant	9	9
Morus_001808-R1	20	419	1.725253662702918	1.899665736631505	0.1681157385776111	intensified	not_significant	1	1
Morus_001809-R1	20	269	1.680341933067822	0.2645098057159885	0.6070386491746673	intensified	not_significant	9	9
Morus_001809-R1	20	269	17.54189418829118	1.102701350334883	0.2936740343301794	intensified	not_significant	1	1
Morus_001813-R2	20	514	0.07948573892152032	3.666398773752007	0.05552002222661734	relaxed	not_significant	9	9
Morus_001813-R2	20	514	1.005361190860449	0.0002475973924447317	0.9874456227900176	intensified	not_significant	1	1
Morus_001823-R1	20	408	0.9327409343943937	0.03822732075695967	0.8449873827228773	relaxed	not_significant	9	9
Morus_001823-R1	20	408	0.3787862523758078	1.098713984273672	0.2945485043516651	relaxed	not_significant	1	1
Morus_001826-R1	20	375	0.6955696242971475	0.6134408113357495	0.4334952174792337	relaxed	not_significant	9	9
Morus_001826-R1	20	375	1.286310611434621	0.1301892062047045	0.7182359441017803	intensified	not_significant	1	1
Morus_001835-R1	20	168	0.7084887133245806	0.2981565238656003	0.5850404293803677	relaxed	not_significant	9	9
Morus_001835-R1	20	168	49.53910404388837	2.602176192965544	0.1067170891019763	intensified	not_significant	1	1
Morus_001836-R1	20	424	1.44055795083737	0.4344114367095244	0.5098322246636791	intensified	not_significant	9	9
Morus_001836-R1	20	424	5.191621588892025E-15	1.344713308410974	0.2462044741051065	relaxed	not_significant	1	1
Morus_001839-R1	20	386	0.8181088924998634	0.2624738684717158	0.6084256455182051	relaxed	not_significant	9	9
Morus_001839-R1	20	386	1	-1.421540218871087E-7	1	intensified	not_significant	0	1
Morus_001843-R1	20	181	1.105576433948958	0.03087688099412844	0.8605153470305518	intensified	not_significant	9	9
Morus_001843-R1	20	181	11.00423395726031	0.5946625483261414	0.4406217828600314	intensified	not_significant	1	1
Morus_001858-R1	20	249	0.2916864836116823	16.28096958877268	0.00005460965816728169	relaxed	significant_relaxed	9	9
Morus_001858-R1	20	249	43.76947976253567	4.919049029624148	0.02656213398117924	intensified	significant_intensified	1	1
Morus_001865-R1	20	194	0.8532127433478528	-0.000001772794348653406	1	relaxed	not_significant	9	9
Morus_001865-R1	20	194	1	-1.294451976718847E-7	1	intensified	not_significant	0	1
Morus_001867-R1	20	362	3.364598824206404	1.775996607198067	0.1826416894886203	intensified	not_significant	9	9
Morus_001867-R1	20	362	1.606641588197078	0.483912168497227	0.486655588629197	intensified	not_significant	1	1
Morus_001868-R1	20	252	6.701188467479875	3.642679631913779	0.05631622581449813	intensified	not_significant	9	9
Morus_001868-R1	20	252	0.6983179436536106	0.171035689704695	0.67919299309945	relaxed	not_significant	1	1
Morus_001872-R1	20	145	1.024630330111334	0.002586375947430497	0.9594399284918205	intensified	not_significant	9	9
Morus_001872-R1	20	145	0.434449887178613	0.3940982316307782	0.5301530253533737	relaxed	not_significant	1	1
Morus_001873-R1	20	424	1.194718046007129	0.08950836512849492	0.7648031003276459	intensified	not_significant	9	9
Morus_001873-R1	20	424	3.267298584822691E-7	0.4338099597753171	0.5101253564358939	relaxed	not_significant	1	1
Morus_001878-R1	20	396	0.2035492318316015	2.539387970697135	0.1110378197237071	relaxed	not_significant	9	9
Morus_001878-R1	20	396	6.256396003769838E-14	0.6229181183634864	0.4299649576192666	relaxed	not_significant	1	1
Morus_001879-R1	20	480	0.2063097841938334	0.5726179777793732	0.4492204732260362	relaxed	not_significant	9	9
Morus_001879-R1	20	480	2.646801102992486E-8	0.9942904446088505	0.3186960084745687	relaxed	not_significant	1	1
Morus_001881-R1	20	359	0.8532135018371516	-0.000002788725396385416	1	relaxed	not_significant	9	9
Morus_001881-R1	20	359	0.8544692190548994	-0.0003100706026089028	1	relaxed	not_significant	1	1
Morus_001886-R1	20	358	1.385109889261875	0.502277730141941	0.4785010134669495	intensified	not_significant	9	9
Morus_001886-R1	20	358	1.035360164462644	0.002020751744566951	0.9641449530542832	intensified	not_significant	1	1
Morus_001890-R1	20	383	0.8592474700341498	0.09655596041466197	0.7560024296642639	relaxed	not_significant	9	9
Morus_001890-R1	20	383	0.2826503670280987	4.178410979043292	0.04094207056680765	relaxed	significant_relaxed	1	1
Morus_001931-R1	20	264	0.8722756853307951	0.1044123630545073	0.7465975339708782	relaxed	not_significant	9	9
Morus_001931-R1	20	264	0.8849904282662274	0.004400554127641954	0.9471097870283683	relaxed	not_significant	1	1
Morus_001953-R1	20	177	0.2700120276773398	1.632487633110486	0.2013593189996379	relaxed	not_significant	9	9
Morus_001953-R1	20	177	1	-0.000009084161774808308	1	intensified	not_significant	0	1
Morus_001973-R1	20	86	0.3374399484829405	0.3850638904079915	0.534905510285112	relaxed	not_significant	9	9
Morus_001973-R1	20	86	0.9515095868453217	0.006409584266293678	0.9361896319995884	relaxed	not_significant	1	1
Morus_001990-R1	20	205	26.28331339791765	11.01767314222889	0.0009024728549409389	intensified	significant_intensified	9	9
Morus_001990-R1	20	205	0.5469065599008506	0.0154541244100983	0.9010661730854959	relaxed	not_significant	1	1
Morus_001991-R1	20	146	1.797119343777902	1.431105080766429	0.2315841734418095	intensified	not_significant	9	9
Morus_001991-R1	20	146	0.8532133046489612	-0.00002813892524500261	1	relaxed	not_significant	1	1
Morus_001994-R1	20	244	0.1087139883204574	5.663904509102395	0.01731752933784081	relaxed	significant_relaxed	9	9
Morus_001994-R1	20	244	0.2741283585644041	0.6955165900244538	0.4042942983245351	relaxed	not_significant	1	1
Morus_002011-R1	20	363	0.1465077802680473	1.659716307956842	0.1976416318039761	relaxed	not_significant	9	9
Morus_002011-R1	20	363	0.08627563840113868	13.82478630792775	0.0002006714115796449	relaxed	significant_relaxed	1	1
Morus_002021-R1	20	396	1.131151690823192	0.1043722659051127	0.7466445256323258	intensified	not_significant	9	9
Morus_002021-R1	20	396	0.3362733184746438	1.78404218034666	0.1816537524100421	relaxed	not_significant	1	1
Morus_002037-R1	20	304	1.333676726139677	0.1848827627618448	0.6672102216624203	intensified	not_significant	9	9
Morus_002037-R1	20	304	0	0.5501527796068331	0.4582552752381396	relaxed	not_significant	1	1
Morus_002040-R1	20	120	0.4463540842085207	0.6997056845002589	0.4028826062362374	relaxed	not_significant	9	9
Morus_002040-R1	20	120	1	-0.00005959453369541734	1	intensified	not_significant	0	1
Morus_002065-R1	20	326	3.354677484123709	1.899625792391817	0.168120210817352	intensified	not_significant	9	9
Morus_002065-R1	20	326	0.2172640977004809	4.479620344045543	0.03430133992991868	relaxed	significant_relaxed	1	1
Morus_002070-R1	20	336	0.5599726095930827	5.888396599663793	0.01524097115262824	relaxed	significant_relaxed	9	9
Morus_002070-R1	20	336	0.7077185338677319	0.7442030909569439	0.3883177959013008	relaxed	not_significant	1	1
Morus_002088-R1	20	140	3.264768557315814	2.027930185719015	0.1544308012623234	intensified	not_significant	9	9
Morus_002088-R1	20	140	16.87855820254006	1.235105413707515	0.2664164494104215	intensified	not_significant	1	1
Morus_002101-R1	20	829	2.777311192041649E-10	2.39345696471355	0.1218439219105949	relaxed	not_significant	9	9
Morus_002101-R1	20	829	1.095585372107356	0.01025506440601021	0.9193382799853941	intensified	not_significant	1	1
Morus_002110-R1	20	299	9.81091119469043	3.968264761897444	0.04636552921166792	intensified	significant_intensified	9	9
Morus_002110-R1	20	299	50	2.889684398895042	0.08914838744143649	intensified	not_significant	1	1
Morus_002130-R1	20	815	1.132399844516288	0.1244019625592045	0.7243083929753236	intensified	not_significant	9	9
Morus_002130-R1	20	815	5.394047591924905	3.723277693365162	0.05365894010984162	intensified	not_significant	1	1
Morus_002135-R1	20	134	18.7523518368605	1.936265248931704	0.1640746220316041	intensified	not_significant	9	9
Morus_002135-R1	20	134	1	-0.000008131270988087635	1	intensified	not_significant	0	1
Morus_002139-R1	20	240	0.7048139673938735	0.3727609964112162	0.5415031216672155	relaxed	not_significant	9	9
Morus_002139-R1	20	240	1.772511260669786E-10	1.295874686920797	0.2549681367186178	relaxed	not_significant	1	1
Morus_002142-R1	20	164	0.7308198793444323	0.2094211942935544	0.6472214446701987	relaxed	not_significant	9	9
Morus_002142-R1	20	164	1	-0.00002964682516903849	1	intensified	not_significant	0	1
Morus_002157-R1	20	321	3.16012710716559	3.680363218640196	0.05505685506010882	intensified	not_significant	9	9
Morus_002157-R1	20	321	4.044356039553157E-9	1.712925090284443	0.1906062944729543	relaxed	not_significant	1	1
Morus_002175-R1	20	844	0.9692449331170172	0.00946723065317201	0.922488398188909	relaxed	not_significant	9	9
Morus_002175-R1	20	844	1.468323524613805	0.782485375097167	0.3763821000032292	intensified	not_significant	1	1
Morus_002181-R1	20	404	0.7094319925252833	0.2352152542453041	0.6276834726121081	relaxed	not_significant	9	9
Morus_002181-R1	20	404	0.8602935967070198	-0.00007958465721458197	1	relaxed	not_significant	1	1
Morus_002182-R1	20	410	3.06400616061104	4.916955177116506	0.02659434698616125	intensified	significant_intensified	9	9
Morus_002182-R1	20	410	1.62220935420709E-15	2.862911528683071	0.09064329579186947	relaxed	not_significant	1	1
Morus_002183-R1	20	370	1.717075634524337	1.282853292892469	0.257369187174018	intensified	not_significant	9	9
Morus_002183-R1	20	370	0.04463124936886652	6.903191224176226	0.008604202964642815	relaxed	significant_relaxed	1	1
Morus_002186-R1	20	343	1.230601161911641	0.2296807316906779	0.6317606622509353	intensified	not_significant	9	9
Morus_002186-R1	20	343	1.127766282669767	0.01095350135437911	0.9166464151712651	intensified	not_significant	1	1
Morus_002187-R1	20	597	1.268180493965863	0.4241676436577109	0.5148647629075731	intensified	not_significant	9	9
Morus_002187-R1	20	597	10.98490177292527	1.384255913946618	0.2393775386041895	intensified	not_significant	1	1
Morus_002188-R1	20	530	1.834053287059241	0.7685596547598834	0.3806630038297287	intensified	not_significant	9	9
Morus_002188-R1	20	530	1.059807859663336	0.003199380236765137	0.9548932578823672	intensified	not_significant	1	1
Morus_002192-R1	20	804	2.618996111592542	8.370298031937637	0.003814030675468816	intensified	significant_intensified	9	9
Morus_002192-R1	20	804	0.7905895410408451	0.1266811782606965	0.7218982346032199	relaxed	not_significant	1	1
Morus_002198-R2	20	321	0.7684203493312721	0.2660200283189624	0.6060141535521359	relaxed	not_significant	9	9
Morus_002198-R2	20	321	30.64200446606113	1.300133797381022	0.2541887854830872	intensified	not_significant	1	1
Morus_002201-R1	20	352	0.7462676382022504	0.3923406478024845	0.5310716169401652	relaxed	not_significant	9	9
Morus_002201-R1	20	352	0.1363756457293395	7.182418496187893	0.007362140122103011	relaxed	significant_relaxed	1	1
Morus_002206-R1	20	307	1.001369839116881	0.00007117022960301256	0.993268930210544	intensified	not_significant	9	9
Morus_002206-R1	20	307	1.517370314318209	1.25602963262827	0.2624039671708056	intensified	not_significant	1	1
Morus_002207-R1	20	329	0.8898601885742292	0.1342032329221183	0.7141131803206184	relaxed	not_significant	9	9
Morus_002207-R1	20	329	0.7752356677532937	0.04289479187991674	0.8359235004882055	relaxed	not_significant	1	1
Morus_002208-R1	20	212	1.076705809845852	0.02225004829051613	0.8814238308526635	intensified	not_significant	9	9
Morus_002208-R1	20	212	0.1612116380899592	0.7639166027202009	0.3821056043762467	relaxed	not_significant	1	1
Morus_002209-R1	20	251	3.282526634759846	0.7769011167183635	0.3780905672063088	intensified	not_significant	9	9
Morus_002209-R1	20	251	0.1718240896332989	0.4284950829069203	0.5127283135376192	relaxed	not_significant	1	1
Morus_002210-R1	20	173	0.3263226108005591	0.9442189866276749	0.3311951830087101	relaxed	not_significant	9	9
Morus_002210-R1	20	173	0.1104034853656437	1.660244664575657	0.1975702930452925	relaxed	not_significant	1	1
Morus_002215-R1	20	367	0.7845375909317779	0.1742719476724233	0.6763427679444398	relaxed	not_significant	9	9
Morus_002215-R1	20	367	1.376990201470149	0.3464000479916649	0.5561580841381126	intensified	not_significant	1	1
Morus_002219-R2	20	751	0.2243564020158145	1.070193275667407	0.3009017935509554	relaxed	not_significant	9	9
Morus_002219-R2	20	751	0.1836281128669161	3.671065295244262	0.05536478693019031	relaxed	not_significant	1	1
Morus_002225-R1	20	199	0.3410115923665558	0.6784616823097167	0.4101169420992509	relaxed	not_significant	9	9
Morus_002225-R1	20	199	1.257914207037047	0.08864669295098793	0.7659047067631708	intensified	not_significant	1	1
Morus_002230-R1	20	542	1.881640747462016	1.228715981222194	0.267656894598065	intensified	not_significant	9	9
Morus_002230-R1	20	542	4.827946667375607E-8	2.115008430656417	0.1458612506517077	relaxed	not_significant	1	1
Morus_002234-R1	20	218	0.7080727421840244	0.9628253147934629	0.326476066887737	relaxed	not_significant	9	9
Morus_002234-R1	20	218	1.036625100658481	0.005933977091444831	0.9385978400786891	intensified	not_significant	1	1
Morus_002236-R1	20	223	0.9504641316527329	0.005021535464038607	0.9435069556089249	relaxed	not_significant	9	9
Morus_002236-R1	20	223	50	4.749426420250984	0.02930806189418333	intensified	significant_intensified	1	1
Morus_002241-R1	20	480	0.8484588610094991	0.2723705616444931	0.6017459943669133	relaxed	not_significant	9	9
Morus_002241-R1	20	480	1.098562446016342	0.03462890068476554	0.8523754214990857	intensified	not_significant	1	1
Morus_002250-R1	20	382	1.216137604824651	0.2626276023675018	0.6083206765527783	intensified	not_significant	9	9
Morus_002250-R1	20	382	6.493067646703002E-15	0.09775712703776662	0.7545379537503027	relaxed	not_significant	1	1
Morus_002255-R1	20	404	1.228956423458662	0.3073308739367349	0.5793227049685149	intensified	not_significant	9	9
Morus_002255-R1	20	404	35.77913928489549	0.7574583661607903	0.3841250927334058	intensified	not_significant	1	1
Morus_002257-R1	20	423	3.387752694341914	0.444217655378452	0.5050937661355654	intensified	not_significant	9	9
Morus_002257-R1	20	423	12.88548613147322	0.7671499802900144	0.3811001753547557	intensified	not_significant	1	1
Morus_002260-R1	20	120	50	3.814165459093147	0.05082091607624406	intensified	not_significant	9	9
Morus_002260-R1	20	120	1.044749731081029E-15	1.478891427248527	0.223948049427746	relaxed	not_significant	1	1
Morus_002262-R1	20	283	0.8492991037571566	0.1512638776857784	0.6973304657539079	relaxed	not_significant	9	9
Morus_002262-R1	20	283	19.43661552378533	2.836911123046775	0.09212114617455824	intensified	not_significant	1	1
Morus_002267-R1	20	839	0.7253233527394277	1.338646940856052	0.2472727239727481	relaxed	not_significant	9	9
Morus_002267-R1	20	839	0.8814430828440376	0.08862102289640461	0.7659376139256018	relaxed	not_significant	1	1
Morus_002268-R1	20	464	1.123212213167131	0.1199602774204322	0.7290775758880685	intensified	not_significant	9	9
Morus_002268-R1	20	464	0.6682110746953366	0.3562276063266836	0.5506088277363268	relaxed	not_significant	1	1
Morus_002273-R1	20	525	1.020981814406176	0.001146089265603223	0.9729936225298994	intensified	not_significant	9	9
Morus_002273-R1	20	525	0.8874542502345638	0.07431659815301828	0.7851524797905782	relaxed	not_significant	1	1
Morus_002276-R1	20	661	0.8650997168104393	0.1109954387993639	0.7390136766456569	relaxed	not_significant	9	9
Morus_002276-R1	20	661	0.8040447842791208	0.2675634980587347	0.6049709010689439	relaxed	not_significant	1	1
Morus_002285-R1	20	350	0.8685583805170947	0.09508365389956452	0.7578111735058684	relaxed	not_significant	9	9
Morus_002285-R1	20	350	7.249469843144301	7.957128513351563	0.004789834515836588	intensified	significant_intensified	1	1
Morus_002287-R1	20	321	1.187980854715941	0.09724984740751097	0.7551552237844313	intensified	not_significant	9	9
Morus_002287-R1	20	321	0.8125481005705147	0.07774854786202923	0.7803720165237036	relaxed	not_significant	1	1
Morus_002289-R1	20	346	1.372743908096897	0.1376734142086207	0.7106049964851835	intensified	not_significant	9	9
Morus_002289-R1	20	346	0.132474721581648	1.099873469594968	0.2942938741708935	relaxed	not_significant	1	1
Morus_002294-R1	20	260	6.553189455595171E-10	6.661802295818234	0.009850124341893696	relaxed	significant_relaxed	9	9
Morus_002294-R1	20	260	1	-0.00003561705489119049	1	intensified	not_significant	0	1
Morus_002295-R1	20	558	1.215282342430112	0.1995558387006895	0.6550795993352257	intensified	not_significant	9	9
Morus_002295-R1	20	558	1.31194453695378	0.1913328649425239	0.6618095932375493	intensified	not_significant	1	1
Morus_002298-R1	20	367	0.3351096317212274	2.165242430005492	0.1411623589313745	relaxed	not_significant	9	9
Morus_002298-R1	20	367	0.4019321874750963	0.1621812269468137	0.6871562027004308	relaxed	not_significant	1	1
Morus_002299-R1	20	581	0.598702227722316	1.406985423645892	0.235557475423058	relaxed	not_significant	9	9
Morus_002299-R1	20	581	0.2708833428793276	1.379993497952455	0.2401022549337956	relaxed	not_significant	1	1
Morus_002313-R1	20	156	0.8532125813058469	-0.000001268075948246405	1	relaxed	not_significant	9	9
Morus_002313-R1	20	156	0.8532135019681019	0	1	relaxed	not_significant	1	1
Morus_002314-R1	20	271	1.276065805806281	0.2001638078154429	0.6545886575828526	intensified	not_significant	9	9
Morus_002314-R1	20	271	1.215824803332369	0.05756573854159797	0.8103855999520833	intensified	not_significant	1	1
Morus_002316-R1	20	292	0.786321268169709	0.660658809609231	0.4163274550866813	relaxed	not_significant	9	9
Morus_002316-R1	20	292	3.300994680755431E-17	5.907935066046775	0.0150728299797499	relaxed	significant_relaxed	1	1
Morus_002320-R1	20	292	0.8665682485054418	0.1324641435148806	0.7158906881184353	relaxed	not_significant	9	9
Morus_002320-R1	20	292	1.000970534684826	-0.0001032342925100238	1	intensified	not_significant	1	1
Morus_002323-R1	20	680	5.683553630698559	5.660908797610318	0.01734713219300044	intensified	significant_intensified	9	9
Morus_002323-R1	20	680	0.1109225843343101	2.388641051726154	0.12221983289053	relaxed	not_significant	1	1
Morus_002324-R1	20	222	0.8582483694591589	-0.000001298967617913149	1	relaxed	not_significant	9	9
Morus_002324-R1	20	222	1	-0.000006337676495604683	1	intensified	not_significant	0	1
Morus_002327-R1	20	422	10.89716393126238	2.099193693697998	0.1473768386009968	intensified	not_significant	9	9
Morus_002327-R1	20	422	1.336035175338854	0.1071656066651485	0.7433944186796384	intensified	not_significant	1	1
Morus_002328-R1	20	69	13.29891717875637	1.346997606144555	0.2458036859635411	intensified	not_significant	9	9
Morus_002328-R1	20	69	30.59517040259679	0.988849738509316	0.3200236710881631	intensified	not_significant	1	1
Morus_002330-R1	20	602	0.6324723291103349	2.13621922263701	0.1438560451327031	relaxed	not_significant	9	9
Morus_002330-R1	20	602	0.2201327820876751	0.5410400015316554	0.4620020354841753	relaxed	not_significant	1	1
Morus_002331-R1	20	386	0.6795755430853597	1.843188265054778	0.1745777224454098	relaxed	not_significant	9	9
Morus_002331-R1	20	386	0.430004651206875	2.576148766021106	0.1084853199547335	relaxed	not_significant	1	1
Morus_002337-R1	20	602	1.291521927304772	0.370755722746253	0.5425926224670024	intensified	not_significant	9	9
Morus_002337-R1	20	602	3.404931086839945	1.430205692564414	0.2317308723491341	intensified	not_significant	1	1
Morus_002341-R1	20	797	1.557692798361448	1.259386863390318	0.2617671809490383	intensified	not_significant	9	9
Morus_002341-R1	20	797	0.7571264233070086	0.4163644584659778	0.5187567059605943	relaxed	not_significant	1	1
Morus_002347-R1	20	201	8.27673576429312	6.102976977262188	0.01349543477873871	intensified	significant_intensified	9	9
Morus_002351-R1	20	572	1.168069382856718	0.2662673251306842	0.6058467448012774	intensified	not_significant	9	9
Morus_002351-R1	20	572	9.49966119442182E-7	1.138526984617783	0.2859637984081834	relaxed	not_significant	1	1
Morus_002356-R1	20	290	0.9518525822549176	0.01967865239112143	0.8884382757938113	relaxed	not_significant	9	9
Morus_002356-R1	20	290	0.4160225032076033	2.829896189055034	0.09252434021678058	relaxed	not_significant	1	1
Morus_002360-R1	20	352	1.022097392214735	0.0007633173936483217	0.9779586905010785	intensified	not_significant	9	9
Morus_002360-R1	20	352	1	-5.248139132163487E-7	1	intensified	not_significant	0	1
Morus_002365-R1	20	238	0.9123283469127867	0.2654940087177238	0.6063705729093002	relaxed	not_significant	9	9
Morus_002365-R1	20	238	0.858707914006227	0.03649862196925824	0.8484894559244258	relaxed	not_significant	1	1
Morus_002367-R1	20	310	1.705314454489416	1.154883323325521	0.2825292273892596	intensified	not_significant	9	9
Morus_002367-R1	20	310	15.65957486186193	1.330668448305005	0.2486863350213551	intensified	not_significant	1	1
Morus_002370-R1	20	237	1.103823988115159	0.008404152732964576	0.9269569233989954	intensified	not_significant	9	9
Morus_002370-R1	20	237	1.224724890434308	0.03353772520722487	0.8546936001285307	intensified	not_significant	1	1
Morus_002372-R1	20	375	0.9355370428581569	0.01384382652304339	0.9063372271976504	relaxed	not_significant	9	9
Morus_002372-R1	20	375	0.136454657592109	1.201305982505801	0.2730608107027319	relaxed	not_significant	1	1
Morus_002380-R1	20	309	1.354995243884655	0.2119221845605352	0.6452649691785889	intensified	not_significant	9	9
Morus_002380-R1	20	309	6.826628359216877E-8	2.593237610807591	0.1073207590298785	relaxed	not_significant	1	1
Morus_002381-R1	20	689	1.026380843815884	0.006520234581330442	0.9356423871863818	intensified	not_significant	9	9
Morus_002381-R1	20	689	0.3484138950870383	1.812359814381125	0.1782254071159803	relaxed	not_significant	1	1
Morus_002382-R1	20	354	1.727379218392852	2.214434109980175	0.1367251880390017	intensified	not_significant	9	9
Morus_002382-R1	20	354	0.0964537656966053	7.294503577599244	0.006916587808048713	relaxed	significant_relaxed	1	1
Morus_002385-R1	20	716	2.368770333282405	7.436060382664436	0.00639296839040826	intensified	significant_intensified	9	9
Morus_002385-R1	20	716	1.364743686754224	0.851001008259118	0.3562693116232385	intensified	not_significant	1	1
Morus_002388-R1	20	567	0.2360417600503395	3.808024008907523	0.05100759174510905	relaxed	not_significant	9	9
Morus_002388-R1	20	567	0.9928138612667118	0.00008364656059711706	0.992702769728786	relaxed	not_significant	1	1
Morus_002398-R1	20	834	0.5861925436553427	0.7126298538933042	0.398572144237644	relaxed	not_significant	9	9
Morus_002398-R1	20	834	0.108186716910103	0.2701302842360747	0.6032443899634081	relaxed	not_significant	1	1
Morus_002403-R1	20	290	1.448838710173336	0.7740210636948177	0.378975971510467	intensified	not_significant	9	9
Morus_002403-R1	20	290	3.296479102008901	1.773591786742145	0.1829381911564745	intensified	not_significant	1	1
Morus_002404-R1	20	396	0.8392912935622601	0.2417430722316567	0.6229500010804199	relaxed	not_significant	9	9
Morus_002404-R1	20	396	0.6624992520126615	0.343120311092207	0.5580336329015525	relaxed	not_significant	1	1
Morus_002406-R1	20	319	0.7286477855932748	0.4710905963593177	0.4924858706948673	relaxed	not_significant	9	9
Morus_002406-R1	20	319	0.3268166367785768	0.1758044643811445	0.675003890065639	relaxed	not_significant	1	1
Morus_002414-R1	20	203	1.023466601437601	0.002291433769642026	0.9618207070053763	intensified	not_significant	9	9
Morus_002414-R1	20	203	0	0.9080236198369676	0.3406393549479486	relaxed	not_significant	1	1
Morus_002416-R1	20	593	0.2454730826737579	1.675512163990788	0.1955218492890971	relaxed	not_significant	9	9
Morus_002416-R1	20	593	4.441742976297546	0.508355054364074	0.4758518088098272	intensified	not_significant	1	1
Morus_002424-R1	20	364	0.4291447350315748	3.107151524378423	0.07794917491516073	relaxed	not_significant	9	9
Morus_002424-R1	20	364	1.421559388817447	0.1081777426607005	0.7422283640835187	intensified	not_significant	1	1
Morus_002430-R1	20	346	1.435369983746597	0.795239406197652	0.3725205312701827	intensified	not_significant	9	9
Morus_002430-R1	20	346	0.2770912461299693	5.610580477074109	0.01785234815048642	relaxed	significant_relaxed	1	1
Morus_002431-R1	20	260	0.3195800484028686	1.865311082613061	0.1720130746514859	relaxed	not_significant	9	9
Morus_002431-R1	20	260	0.3213065301188547	2.214806654946187	0.1366921860272492	relaxed	not_significant	1	1
Morus_002434-R1	20	160	0.701512127366356	0.4367022913679648	0.5087184285245401	relaxed	not_significant	9	9
Morus_002434-R1	20	160	0.1592776928478929	2.16303290519545	0.1413654215765938	relaxed	not_significant	1	1
Morus_002437-R1	20	474	0.2065359516546186	1.441091721820158	0.2299627578791493	relaxed	not_significant	9	9
Morus_002437-R1	20	474	2.712938793519064E-16	0.8560689766736687	0.3548411038308914	relaxed	not_significant	1	1
Morus_002446-R1	20	700	1.330847626727728	0.7883929410472774	0.3745865076328482	intensified	not_significant	9	9
Morus_002446-R1	20	700	24.10419042409675	0.9235802507118933	0.3365366680649006	intensified	not_significant	1	1
Morus_002447-R1	20	499	0.6373160161217541	1.666110900467174	0.1967802581101126	relaxed	not_significant	9	9
Morus_002447-R1	20	499	0	3.862786708271415	0.04936826699989061	relaxed	significant_relaxed	1	1
Morus_002453-R1	20	1322	0.8029711555347198	0.3625855613827298	0.5470737757504871	relaxed	not_significant	9	9
Morus_002453-R1	20	1322	0.9763972270245267	0.002210818896855926	0.962497808716986	relaxed	not_significant	1	1
Morus_002458-R1	20	623	0.4132245590991766	0.7806357460121944	0.3769467766221279	relaxed	not_significant	9	9
Morus_002458-R1	20	623	0.6214746067741682	0.7146411340163468	0.3979073601660926	relaxed	not_significant	1	1
Morus_002462-R1	20	486	0.1080895940918933	6.813654041290647	0.009046346188953502	relaxed	significant_relaxed	9	9
Morus_002462-R1	20	486	0.1051632533652352	16.33949862741065	0.00005294874627181922	relaxed	significant_relaxed	1	1
Morus_002466-R1	20	382	0.8896640682904846	0.09154429106729367	0.7622230133645513	relaxed	not_significant	9	9
Morus_002466-R1	20	382	0.3542443802127978	0.2742355801547092	0.6005045572909169	relaxed	not_significant	1	1
Morus_002471-R1	20	112	5.878517179565492E-8	4.985906211056772	0.02555459727289755	relaxed	significant_relaxed	9	9
Morus_002471-R1	20	112	22.17046439274343	2.135352659745422	0.1439373565022396	intensified	not_significant	1	1
Morus_002475-R1	20	476	1.666641346148739	3.279634885237101	0.07014453209736393	intensified	not_significant	9	9
Morus_002475-R1	20	476	0.04295572053662364	4.681065435595883	0.03049682828518419	relaxed	significant_relaxed	1	1
Morus_002476-R1	20	363	1.2721741503605	0.6960362991712827	0.4041187690158377	intensified	not_significant	9	9
Morus_002476-R1	20	363	0.8398780676012441	0.127860106150365	0.7206611540192651	relaxed	not_significant	1	1
Morus_002493-R1	20	487	1.895552883556185	3.657727983381847	0.05580968952400678	intensified	not_significant	9	9
Morus_002493-R1	20	487	1.071202572245033	0.0100265363798826	0.9202390591035721	intensified	not_significant	1	1
Morus_002495-R1	20	359	0.8546410617896681	0.03749180881641223	0.8464671592665329	relaxed	not_significant	9	9
Morus_002495-R1	20	359	0.2056302771367343	2.342269003262118	0.1259060434210509	relaxed	not_significant	1	1
Morus_002497-R1	20	331	1.94853847167787	0.2758798639806628	0.5994145046024768	intensified	not_significant	9	9
Morus_002497-R1	20	331	0.8003592913956901	0.05169999339068454	0.8201311277456638	relaxed	not_significant	1	1
Morus_002500-R1	20	393	0.8741849337974451	0.05169944785484404	0.8201320604903939	relaxed	not_significant	9	9
Morus_002500-R1	20	393	1.192809972073413	0.07337898786772712	0.7864790496427304	intensified	not_significant	1	1
Morus_002503-R1	20	350	2.818183059473287	1.430089762508942	0.2317497898179318	intensified	not_significant	9	9
Morus_002503-R1	20	350	0.7096812349433412	0.1329508527160215	0.7153919012351297	relaxed	not_significant	1	1
Morus_002504-R1	20	214	1.919386612241515E-10	2.876735476271278	0.08986804525309355	relaxed	not_significant	9	9
Morus_002504-R1	20	214	1	4.547473508864641E-13	0.9999994619468846	intensified	not_significant	0	1
Morus_002509-R1	20	519	3.62167334607292	7.502440463951643	0.006161544304480904	intensified	significant_intensified	9	9
Morus_002509-R1	20	519	0.6894333158227354	0.5643621846356837	0.4525079721965807	relaxed	not_significant	1	1
Morus_002519-R1	20	379	1.471922986187	0.859870553125802	0.3537749189495427	intensified	not_significant	9	9
Morus_002519-R1	20	379	0.2595922679212117	0.5854981147522267	0.4441652690900096	relaxed	not_significant	1	1
Morus_002523-R1	20	256	50	2.75882610957342	0.09671918378383337	intensified	not_significant	9	9
Morus_002523-R1	20	256	0.1580672350488609	1.111916219434079	0.2916657840616926	relaxed	not_significant	1	1
Morus_002524-R1	20	291	0.4015531896543802	5.253907770775186	0.02189754081264417	relaxed	significant_relaxed	9	9
Morus_002524-R1	20	291	1.165825957189434	0.2370052220958314	0.6263775178981275	intensified	not_significant	1	1
Morus_002544-R1	20	441	1.082101467740495	0.0152683153282851	0.9016596864600941	intensified	not_significant	9	9
Morus_002544-R1	20	441	0.2772459127714695	0.6341369102638055	0.4258419161709167	relaxed	not_significant	1	1
Morus_002545-R1	20	292	0.8532132554847209	-0.00002154074354621116	1	relaxed	not_significant	9	9
Morus_002545-R1	20	292	0.4292241328979357	0.9096000571389595	0.3402205576469109	relaxed	not_significant	1	1
Morus_002551-R1	20	378	0.178477250618744	2.020549097928779	0.1551830164381084	relaxed	not_significant	9	9
Morus_002551-R1	20	378	0.1726249780163404	0.1963800238281692	0.6576587910845566	relaxed	not_significant	1	1
Morus_002552-R1	20	279	0.09346861472864632	9.044820846203947	0.00263440043192964	relaxed	significant_relaxed	9	9
Morus_002552-R1	20	279	0	0.8518072703418511	0.3560415721113672	relaxed	not_significant	1	1
Morus_002553-R1	20	246	1.275024788394229	0.283075279350669	0.5946926177275622	intensified	not_significant	9	9
Morus_002553-R1	20	246	0	4.572109589777938	0.03249652413184867	relaxed	significant_relaxed	1	1
Morus_002554-R1	20	1774	1.721407090203153	2.002273547044751	0.1570634665324243	intensified	not_significant	9	9
Morus_002554-R1	20	1774	0.09483917657552847	0.3774418964640063	0.5389754796769382	relaxed	not_significant	1	1
Morus_002556-R1	20	302	0.2243977365586491	0.004586293393003871	0.9460067943525922	relaxed	not_significant	9	9
Morus_002556-R1	20	302	1.411260792916643	0.4463005820043691	0.5040970046657408	intensified	not_significant	1	1
Morus_002558-R1	20	247	0.1353974566034607	5.320380832106821	0.02107740445949302	relaxed	significant_relaxed	9	9
Morus_002558-R1	20	247	0.8544213374486115	-0.0006537855106216739	1	relaxed	not_significant	1	1
Morus_002560-R1	20	649	0.9603755674124298	0.01489334840516676	0.9028686803066098	relaxed	not_significant	9	9
Morus_002560-R1	20	649	0.3560112612514443	0.7760222006108961	0.3783604598235089	relaxed	not_significant	1	1
Morus_002565-R2	20	345	1.218666559087215	0.2345578574422689	0.6281646483610717	intensified	not_significant	9	9
Morus_002565-R2	20	345	1.317050117177615E-7	25.89041064403318	3.613598251739347E-7	relaxed	significant_relaxed	1	1
Morus_002574-R1	20	264	0.5728848098987389	0.8455898576853542	0.3578029469527723	relaxed	not_significant	9	9
Morus_002574-R1	20	264	0	1.547363145538839	0.2135251345988378	relaxed	not_significant	1	1
Morus_002578-R1	20	228	0.6002432828102955	0.6591829820358726	0.4168485296241305	relaxed	not_significant	9	9
Morus_002578-R1	20	228	34.00986028503355	2.883246683924881	0.08950538971180233	intensified	not_significant	1	1
Morus_002586-R1	20	553	0.1788864045286528	6.870637276212619	0.008762339949718645	relaxed	significant_relaxed	9	9
Morus_002586-R1	20	553	17.53200305572775	5.252857282080186	0.02191076364288558	intensified	significant_intensified	1	1
Morus_002588-R1	20	282	16.64370274006672	2.75833621064794	0.09674880858091006	intensified	not_significant	9	9
Morus_002588-R1	20	282	10.98182744321347	12.18468272186237	0.0004818353386656371	intensified	significant_intensified	1	1
Morus_002590-R1	20	606	1.307187420594064	0.7436942249023559	0.3884800500001035	intensified	not_significant	9	9
Morus_002590-R1	20	606	12.74223051286664	0.9980181486262154	0.3177905336011465	intensified	not_significant	1	1
Morus_002597-R1	20	420	2.504986783783328	1.383190935697712	0.2395583619303919	intensified	not_significant	9	9
Morus_002597-R1	20	420	5.638837549581425E-16	1.337227501746383	0.2475234963094817	relaxed	not_significant	1	1
Morus_002598-R1	20	264	0.619720787267108	0.1366947789879305	0.711589212967759	relaxed	not_significant	9	9
Morus_002598-R1	20	264	4.618065507506044E-16	3.067411153162084	0.07987658123408381	relaxed	not_significant	1	1
Morus_002599-R1	20	239	0.8532131833041641	-0.00001301232168771094	1	relaxed	not_significant	9	9
Morus_002599-R1	20	239	0.1002384789116674	1.235597771240009	0.2663211605402283	relaxed	not_significant	1	1
Morus_002602-R1	20	242	0.5072078374997608	0.696155664455091	0.4040784696496192	relaxed	not_significant	9	9
Morus_002602-R1	20	242	1	-0.00002876268627005629	1	intensified	not_significant	0	1
Morus_002605-R1	20	388	1.019649399459832	0.008185880050405103	0.9279090814358738	intensified	not_significant	9	9
Morus_002605-R1	20	388	1	-2.276465238537639E-8	1	intensified	not_significant	0	1
Morus_002613-R1	20	292	0.5256221812591982	3.824189016638229	0.05051778948674202	relaxed	not_significant	9	9
Morus_002613-R1	20	292	0.000002029914713485841	0.8477619978748407	0.357186229654483	relaxed	not_significant	1	1
Morus_002617-R1	20	579	0.485390572849601	1.482673525446444	0.2233566925602197	relaxed	not_significant	9	9
Morus_002617-R1	20	579	11.86241514952867	1.461938142712825	0.2266219936619388	intensified	not_significant	1	1
Morus_002620-R3	20	260	0.6826878596133062	0.508666861817801	0.4757165315940531	relaxed	not_significant	9	9
Morus_002620-R3	20	260	1	-0.00004736215851153247	1	intensified	not_significant	0	1
Morus_002632-R1	20	448	0.6862407406038257	0.8802303612883406	0.3481385931414966	relaxed	not_significant	9	9
Morus_002632-R1	20	448	0.4492736369096678	1.645923394476085	0.1995146883750788	relaxed	not_significant	1	1
Morus_002634-R1	20	296	1.264522834566518	0.7196058919380448	0.3962732142129424	intensified	not_significant	9	9
Morus_002634-R1	20	296	0	9.018001346173151	0.002673335508263319	relaxed	significant_relaxed	1	1
Morus_002635-R1	20	351	13.36903532418065	1.689724670319265	0.1936372677212522	intensified	not_significant	9	9
Morus_002635-R1	20	351	19.3555655528704	4.086892482339863	0.04321702918705184	intensified	significant_intensified	1	1
Morus_002646-R1	20	330	0.4030683881974703	1.077924630239067	0.2991622947407179	relaxed	not_significant	9	9
Morus_002646-R1	20	330	1.163966013175423	0.0746245767813889	0.7847187018947008	intensified	not_significant	1	1
Morus_002649-R1	20	177	0.3926964091504566	0.2340856386986161	0.6285107986763948	relaxed	not_significant	9	9
Morus_002649-R1	20	177	0	1.959680633879998	0.1615474782830286	relaxed	not_significant	1	1
Morus_002650-R1	20	528	0.9061947607964884	0.02932029460316699	0.8640415836970927	relaxed	not_significant	9	9
Morus_002650-R1	20	528	1.058812799456394	0.004796260416696896	0.9447866135077323	intensified	not_significant	1	1
Morus_002651-R1	20	421	0.6864120594143508	1.056871757673434	0.3039297504254492	relaxed	not_significant	9	9
Morus_002651-R1	20	421	0	5.748847809625659	0.01649947481691949	relaxed	significant_relaxed	1	1
Morus_002658-R1	20	202	0.1401316663930067	1.547131679677477	0.2135593827099518	relaxed	not_significant	9	9
Morus_002658-R1	20	202	7.168557777971885E-8	3.014402401737698	0.08252786838614656	relaxed	not_significant	1	1
Morus_002659-R1	20	373	0.6870409305086193	0.3040699167995626	0.5813421268869248	relaxed	not_significant	9	9
Morus_002659-R1	20	373	38.25583311649805	0.6058828888926655	0.4363421999308325	intensified	not_significant	1	1
Morus_002661-R1	20	232	0.4604054066232713	5.243301065745072	0.02203143120874473	relaxed	significant_relaxed	9	9
Morus_002661-R1	20	232	1.785610582968264	0.6341740944176308	0.42582834975996	intensified	not_significant	1	1
Morus_002675-R1	20	358	0.92886545482683	0.01723073065295466	0.8955649838306496	relaxed	not_significant	9	9
Morus_002675-R1	20	358	11.35645726747072	0.7043510153589523	0.4013255408771466	intensified	not_significant	1	1
Morus_002683-R1	20	233	1.262250852263284	0.2404152388312468	0.6239063681993811	intensified	not_significant	9	9
Morus_002683-R1	20	233	32.07606151788664	0.9095627339161183	0.3402304649472494	intensified	not_significant	1	1
Morus_002685-R1	20	680	0.8056546740828812	0.4500781138667662	0.5022978617084337	relaxed	not_significant	9	9
Morus_002685-R1	20	680	0.6066742574719703	1.026753233247291	0.3109224616345897	relaxed	not_significant	1	1
Morus_002686-R1	20	1080	1.751201043323318	0.4248851015327091	0.5145094839738131	intensified	not_significant	9	9
Morus_002686-R1	20	1080	0.2078202438518773	1.333779018801579	0.2481340376115372	relaxed	not_significant	1	1
Morus_002692-R1	20	362	0.7321803356423116	0.2377633864825839	0.6258262023223659	relaxed	not_significant	9	9
Morus_002692-R1	20	362	5.349620049800816E-7	2.635772534352327	0.1044812290855728	relaxed	not_significant	1	1
Morus_002693-R1	20	747	0.3523729906917015	2.901972875419233	0.08847121093716825	relaxed	not_significant	9	9
Morus_002693-R1	20	747	0.3086196440879212	1.909585697760122	0.1670092873489584	relaxed	not_significant	1	1
Morus_002696-R1	20	319	2.417731849266851	2.400853946415737	0.1212690363499171	intensified	not_significant	9	9
Morus_002696-R1	20	319	0.7547110162299668	0.2239474067228002	0.6360485135140567	relaxed	not_significant	1	1
Morus_002699-R1	20	516	1.023611790285594	0.01333360349963186	0.9080716280614962	intensified	not_significant	9	9
Morus_002699-R1	20	516	0.5073224981384776	1.168977221084788	0.2796114937763413	relaxed	not_significant	1	1
Morus_002700-R1	20	249	0.2853081030732323	2.570722183744238	0.1088580253675919	relaxed	not_significant	9	9
Morus_002700-R1	20	249	2.85230935193816E-15	2.720873852400928	0.09904377877061532	relaxed	not_significant	1	1
Morus_002717-R1	20	431	0.6352729209252787	0.3990440331344871	0.527583371343904	relaxed	not_significant	9	9
Morus_002717-R1	20	431	8.76281942605614	0.1664261350488232	0.6833077446754489	intensified	not_significant	1	1
Morus_002721-R1	20	194	4.214881902443981	0.2699215651755367	0.6033843919090819	intensified	not_significant	9	9
Morus_002721-R1	20	194	0	0.4981381411766961	0.4803193511601759	relaxed	not_significant	1	1
Morus_002734-R1	20	417	1.583318767903256	1.416320831263874	0.2340099267450142	intensified	not_significant	9	9
Morus_002734-R1	20	417	0.1876908696513565	3.267342875825307	0.07067200448352084	relaxed	not_significant	1	1
Morus_002741-R1	20	494	1.221673646633201	0.4466493907466429	0.5039304149985713	intensified	not_significant	9	9
Morus_002741-R1	20	494	0.2127960613393219	1.887484221456361	0.1694859496824546	relaxed	not_significant	1	1
Morus_002746-R1	20	387	0.1863667178524704	2.404828181149242	0.1209614047682583	relaxed	not_significant	9	9
Morus_002746-R1	20	387	0.5824856026017998	1.151052323322801	0.283328969885829	relaxed	not_significant	1	1
Morus_002760-R1	20	381	2.766227015080162	3.717096098841466	0.05385796169634594	intensified	not_significant	9	9
Morus_002760-R1	20	381	1.325340380199727	0.2267236153429621	0.6339639325628381	intensified	not_significant	1	1
Morus_002763-R1	20	260	0.8294866227789576	0.04274849908188116	0.8361995601154516	relaxed	not_significant	9	9
Morus_002763-R1	20	260	0.9609859254085956	-0.0003955804568249732	1	relaxed	not_significant	1	1
Morus_002766-R1	20	316	5.139584435527256	0.5951057206420955	0.4404515321003114	intensified	not_significant	9	9
Morus_002766-R1	20	316	0.2963049454140521	1.082419035487874	0.2981570309654431	relaxed	not_significant	1	1
Morus_002773-R1	20	297	3.247858649745731	0.7531239408640431	0.3854889714619586	intensified	not_significant	9	9
Morus_002773-R1	20	297	33.95409229022815	3.339834348275872	0.06762141650109854	intensified	not_significant	1	1
Morus_002777-R1	20	659	2.35148212213124	1.711571693758742	0.1907815782616751	intensified	not_significant	9	9
Morus_002777-R1	20	659	0.7640876573929866	0.3891421503994934	0.5327506688784744	relaxed	not_significant	1	1
Morus_002778-R1	20	869	0.7757822191933981	0.7614843027549796	0.3828644127821854	relaxed	not_significant	9	9
Morus_002778-R1	20	869	1.072735871337843	0.04201745749560359	0.837586498668644	intensified	not_significant	1	1
Morus_002781-R1	20	299	0.595739732227989	0.9795999284542631	0.3222975973962097	relaxed	not_significant	9	9
Morus_002781-R1	20	299	21.2453125257782	0.343114354993304	0.5580370498911412	intensified	not_significant	1	1
Morus_002782-R2	20	207	12.24628712237939	1.245364601827532	0.2644396635369873	intensified	not_significant	9	9
Morus_002782-R2	20	207	1	-0.00007867815111239906	1	intensified	not_significant	0	1
Morus_002784-R1	20	213	0.6373976900248184	0.05688055205109777	0.8114960759315559	relaxed	not_significant	9	9
Morus_002784-R1	20	213	0.3078966902186075	0.1291687235093377	0.7192954964815244	relaxed	not_significant	1	1
Morus_002790-R1	20	510	1.556395898357165	0.4700484044979021	0.4929649010991863	intensified	not_significant	9	9
Morus_002790-R1	20	510	17.71785271630116	0.8977641471146853	0.3433819337758462	intensified	not_significant	1	1
Morus_002800-R1	20	552	1.085109574348386	0.03149661643510626	0.8591369805462283	intensified	not_significant	9	9
Morus_002800-R1	20	552	3.548884733929632E-9	0.6286109564152866	0.427865282427675	relaxed	not_significant	1	1
Morus_002813-R1	20	186	15.04326986707116	1.989804514766547	0.1583613206212116	intensified	not_significant	9	9
Morus_002813-R1	20	186	0	2.197657846786569	0.1382206123325787	relaxed	not_significant	1	1
Morus_002814-R1	20	327	0.5855411437566631	2.034580214522066	0.153756629703277	relaxed	not_significant	9	9
Morus_002814-R1	20	327	0.8544687950749154	-0.00004731507124233758	1	relaxed	not_significant	1	1
Morus_002815-R1	20	451	0.3297653093422335	7.654935835144897	0.005661720494625655	relaxed	significant_relaxed	9	9
Morus_002815-R1	20	451	0.1143063410074439	1.061501799715188	0.3028729091230988	relaxed	not_significant	1	1
Morus_002818-R1	20	329	1.48109852908356	1.480529301001297	0.2236917266779688	intensified	not_significant	9	9
Morus_002818-R1	20	329	1	-0.0002756288158707321	1	intensified	not_significant	0	1
Morus_002819-R1	20	206	1.008253615376726	-0.0004550862313408288	1	intensified	not_significant	9	9
Morus_002819-R1	20	206	0	4.930048361718946	0.02639357890455218	relaxed	significant_relaxed	1	1
Morus_002820-R1	20	888	1.562933223419783	0.5414462784337957	0.4618339591558357	intensified	not_significant	9	9
Morus_002820-R1	20	888	1.296356272471279	0.3264617375953094	0.5677500106472158	intensified	not_significant	1	1
Morus_002821-R1	20	196	0.30968639796876	2.109509568875183	0.1463862254180722	relaxed	not_significant	9	9
Morus_002821-R1	20	196	0	0.5884645858623117	0.4430134688124371	relaxed	not_significant	1	1
Morus_002822-R1	20	685	1.135709173167245	0.2318932778507587	0.6301235312569005	intensified	not_significant	9	9
Morus_002822-R1	20	685	0.6072067485104495	0.9629301020740968	0.326449743193834	relaxed	not_significant	1	1
Morus_002830-R1	20	112	1.615906021092624	0.1430641234987888	0.7052536623962671	intensified	not_significant	9	9
Morus_002830-R1	20	112	1	-4.16577222495107E-7	1	intensified	not_significant	0	1
Morus_002838-R1	20	543	1.902366694130813	0.481807137344731	0.4876048960019902	intensified	not_significant	9	9
Morus_002838-R1	20	543	3.057504605196169	2.841807607715964	0.09184084465222986	intensified	not_significant	1	1
Morus_002849-R1	20	181	2.948083980619113	3.560552263661066	0.05916805047458717	intensified	not_significant	9	9
Morus_002849-R1	20	181	1.648440530488598	0.07372791885472907	0.7859843102834612	intensified	not_significant	1	1
Morus_002863-R1	20	242	0.8544692006339708	-0.0000162811784321093	1	relaxed	not_significant	9	9
Morus_002863-R1	20	242	0.8532133033104795	-0.000001319780494668521	1	relaxed	not_significant	1	1
Morus_002867-R1	20	161	1.366314396618414	0.1264632853917647	0.7221275847893043	intensified	not_significant	9	9
Morus_002867-R1	20	161	11.7581503980422	0.5086299213430721	0.4757325548992798	intensified	not_significant	1	1
Morus_002889-R1	20	344	0.7534232355907307	0.9166899560914317	0.3383455853217726	relaxed	not_significant	9	9
Morus_002889-R1	20	344	0.3126989339101753	1.570498174855857	0.2101346814631352	relaxed	not_significant	1	1
Morus_002904-R3	20	263	2.607216968547459E-14	1.675650401903567	0.1955034158388478	relaxed	not_significant	9	9
Morus_002904-R3	20	263	20.66903576936864	2.031807784801913	0.1540372886097667	intensified	not_significant	1	1
Morus_002909-R1	20	365	0.8666583413317166	0.1294101176345066	0.7190444347739315	relaxed	not_significant	9	9
Morus_002909-R1	20	365	0.1463551961705377	4.69404153351843	0.03026737570443527	relaxed	significant_relaxed	1	1
Morus_002915-R1	20	276	0.5916949855149143	0.8137670786077251	0.3670088514310542	relaxed	not_significant	9	9
Morus_002915-R1	20	276	0.7100002107584102	0.2292990608430046	0.6320440520521426	relaxed	not_significant	1	1
Morus_002917-R1	20	411	1.22597354387701	0.2670093982587787	0.6053449850786115	intensified	not_significant	9	9
Morus_002917-R1	20	411	0.3575835275598764	1.732146255481894	0.1881370329005506	relaxed	not_significant	1	1
Morus_002922-R1	20	455	0.3861939276276802	1.107103661392102	0.2927124159777275	relaxed	not_significant	9	9
Morus_002922-R1	20	455	0.2015559042973177	2.079603034231695	0.1492789940144332	relaxed	not_significant	1	1
Morus_002926-R1	20	371	0.1076779434058648	13.60862155028826	0.0002251491459073218	relaxed	significant_relaxed	9	9
Morus_002926-R1	20	371	5.512450627900689E-10	10.66539265018855	0.0010915867726492	relaxed	significant_relaxed	1	1
Morus_002943-R1	20	452	4.683202471307325	6.168618025993965	0.01300361502475034	intensified	significant_intensified	9	9
Morus_002943-R1	20	452	42.17210206201379	1.444547676000184	0.2294048430562693	intensified	not_significant	1	1
Morus_002944-R1	20	469	3.37607115126428	7.285627975081297	0.006950842888483244	intensified	significant_intensified	9	9
Morus_002944-R1	20	469	0.4001366943054875	1.365243068643395	0.2426308748212824	relaxed	not_significant	1	1
Morus_002949-R1	20	343	1.261424430907453	0.1679920977639995	0.6819024938690164	intensified	not_significant	9	9
Morus_002949-R1	20	343	0.1554145718591762	0.7919912166817085	0.3734987037206597	relaxed	not_significant	1	1
Morus_002957-R1	20	317	0.8532132012580623	-0.00002113048503815662	1	relaxed	not_significant	9	9
Morus_002957-R1	20	317	0.8532125002376182	-0.00001469171911594458	1	relaxed	not_significant	1	1
Morus_002966-R1	20	220	16.57193576745514	1.83489705595548	0.1755502231332832	intensified	not_significant	9	9
Morus_002966-R1	20	220	0.7914847471915645	0.1060424704460274	0.7446955122059458	relaxed	not_significant	1	1
Morus_002970-R1	20	255	0.2234436662294876	0.8067283648579178	0.3690892818947598	relaxed	not_significant	9	9
Morus_002970-R1	20	255	0.1251462037456198	0.6588535371424769	0.4169649797951054	relaxed	not_significant	1	1
Morus_002973-R1	20	728	0.8243572876392052	0.3574855484457657	0.5499060246399299	relaxed	not_significant	9	9
Morus_002973-R1	20	728	15.15919411985137	21.11718486348036	0.000004320362820720014	intensified	significant_intensified	1	1
Morus_002979-R1	20	341	5.193891231033824E-7	3.06518933455709	0.07998584413638055	relaxed	not_significant	9	9
Morus_002979-R1	20	341	1.935742959680548E-8	2.471081033689643	0.115958146809875	relaxed	not_significant	1	1
Morus_002980-R1	20	333	1.058552591420216	0.00006343167115119286	0.9936453951951606	intensified	not_significant	9	9
Morus_002980-R1	20	333	0.555332276086413	0.3945641299887939	0.529910004924484	relaxed	not_significant	1	1
Morus_002986-R1	20	515	0.9519831632240845	0.01900478535571892	0.8903527672542771	relaxed	not_significant	9	9
Morus_002986-R1	20	515	0.09804375028544358	2.910536343114472	0.08800260432966722	relaxed	not_significant	1	1
Morus_002988-R1	20	710	2.474423991411856	1.783734414402716	0.181691429762507	intensified	not_significant	9	9
Morus_002988-R1	20	710	1.198902569510554	0.06770914383378113	0.7947019396280693	intensified	not_significant	1	1
Morus_002998-R1	20	534	0.9704085042831715	0.002773964552943653	0.9579960854892734	relaxed	not_significant	9	9
Morus_002998-R1	20	534	0.6553022928017382	1.002393184480752	0.3167321194311967	relaxed	not_significant	1	1
Morus_003004-R1	20	677	1.551527348642756	0.6417209666542476	0.4230882965167497	intensified	not_significant	9	9
Morus_003004-R1	20	677	5.600241047520511	4.661313256168796	0.03084958739411281	intensified	significant_intensified	1	1
Morus_003007-R1	20	477	1.466887808005318	1.019259904556748	0.3126946262571532	intensified	not_significant	9	9
Morus_003007-R1	20	477	8.277338061755203E-11	1.605684749130887	0.2050994558440603	relaxed	not_significant	1	1
Morus_003015-R3	20	260	7.551255942973168E-8	9.422131096315297	0.002143822312899668	relaxed	significant_relaxed	9	9
Morus_003015-R3	20	260	19.29087649172765	1.148638561118332	0.2838343279277113	intensified	not_significant	1	1
Morus_003016-R1	20	374	0.5039353672025083	4.591074882369867	0.03213885302985153	relaxed	significant_relaxed	9	9
Morus_003016-R1	20	374	0.8730757590589278	0.1876769127147782	0.6648571770285538	relaxed	not_significant	1	1
Morus_003017-R1	20	402	2.372835342934678	2.647886049931003	0.103687698990626	intensified	not_significant	9	9
Morus_003017-R1	20	402	0.6922268718602564	0.2525183673978972	0.6153073734044288	relaxed	not_significant	1	1
Morus_003018-R1	20	183	0.4011488292373208	0.7788834889383907	0.3774828262343564	relaxed	not_significant	9	9
Morus_003018-R1	20	183	1	-3.82619873562362E-8	1	intensified	not_significant	0	1
Morus_003022-R3	20	240	0.3578066436495653	2.376404640275268	0.1231807566729616	relaxed	not_significant	9	9
Morus_003022-R3	20	240	0.7354046847526254	0.2651430031746713	0.6066086552129737	relaxed	not_significant	1	1
Morus_003023-R3	20	253	13.75659042248245	4.647509887175147	0.03109862876159519	intensified	significant_intensified	9	9
Morus_003023-R3	20	253	0.8532129711982783	-0.000001622227046027547	1	relaxed	not_significant	1	1
Morus_003024-R1	20	221	0.7007009033762428	0.1225867345251572	0.7262457267316078	relaxed	not_significant	9	9
Morus_003024-R1	20	221	0.7335283650088721	0.2263272620302814	0.6342605828291645	relaxed	not_significant	1	1
Morus_003028-R1	20	316	0.3328499198534183	0.2690764189865149	0.6039519920945866	relaxed	not_significant	9	9
Morus_003028-R1	20	316	1	-2.025708454311825E-7	1	intensified	not_significant	0	1
Morus_003034-R1	20	277	1.309302023025278	0.1536644800089562	0.6950577614451326	intensified	not_significant	9	9
Morus_003034-R1	20	277	2.005261111765356	0.6565461624368254	0.4177819324312063	intensified	not_significant	1	1
Morus_003050-R1	20	363	1.454081006926355	0.4815737832132072	0.4877103210451739	intensified	not_significant	9	9
Morus_003050-R1	20	363	12.68850112684393	0.8966609836570569	0.3436786047548184	intensified	not_significant	1	1
Morus_003051-R1	20	180	23.78796487777065	3.958497027354497	0.04663532459512365	intensified	significant_intensified	9	9
Morus_003051-R1	20	180	0.226862006495795	1.43335782308759	0.2312172208488391	relaxed	not_significant	1	1
Morus_003056-R1	20	283	0.7892056871535912	0.09757933712262457	0.7547540922766601	relaxed	not_significant	9	9
Morus_003056-R1	20	283	0	2.459651127218422	0.1168047228133799	relaxed	not_significant	1	1
Morus_003059-R1	20	408	14.48069595557608	3.043280440746457	0.08107193187821093	intensified	not_significant	9	9
Morus_003059-R1	20	408	0.8582485097587808	-0.000006439310709538404	1	relaxed	not_significant	1	1
Morus_003061-R1	20	412	1.079072622934321	0.1219291236056961	0.7269515452016118	intensified	not_significant	9	9
Morus_003061-R1	20	412	19.25863088656494	0.1638217453610196	0.6856620272155884	intensified	not_significant	1	1
Morus_003063-R1	20	297	3.45539497985102	6.999444580179443	0.008153501011123998	intensified	significant_intensified	9	9
Morus_003063-R1	20	297	0.08895666940754762	4.163615452796876	0.04130115561633507	relaxed	significant_relaxed	1	1
Morus_003064-R1	20	158	0.5777966670184227	1.731924845280901	0.1881652636593054	relaxed	not_significant	9	9
Morus_003064-R1	20	158	0.7808546994219667	0.1361586382427049	0.712130110157742	relaxed	not_significant	1	1
Morus_003073-R1	20	310	0.5623972769525331	1.304173706163056	0.2534522533223933	relaxed	not_significant	9	9
Morus_003073-R1	20	310	14.75928789242552	1.104744803969879	0.2932271712537108	intensified	not_significant	1	1
Morus_003081-R1	20	217	1.631428183175314E-10	5.861338805880223	0.01547701724628214	relaxed	significant_relaxed	9	9
Morus_003081-R1	20	217	1	-0.0001496431477789884	1	intensified	not_significant	0	1
Morus_003086-R1	20	156	0.7899508101544052	0.2701284634285912	0.6032456110046736	relaxed	not_significant	9	9
Morus_003086-R1	20	156	0	0.4082193379772434	0.5228746854908828	relaxed	not_significant	1	1
Morus_003095-R1	20	286	1.886469575841347	4.975724174049901	0.02570544020310561	intensified	significant_intensified	9	9
Morus_003095-R1	20	286	17.38634336636374	1.327008327074509	0.2493381376664368	intensified	not_significant	1	1
Morus_003107-R1	20	148	0.8474194629462583	-0.008140921005178825	1	relaxed	not_significant	9	9
Morus_003107-R1	20	148	1	-0.008269081427897618	1	intensified	not_significant	0	1
Morus_003109-R1	20	181	0.2747126813168551	1.964388114491612	0.1610447940894872	relaxed	not_significant	9	9
Morus_003109-R1	20	181	1.166351600547332	0.0955586181939907	0.7572260088842644	intensified	not_significant	1	1
Morus_003110-R1	20	193	1.223381160747959	0.379109500650884	0.5380802022382636	intensified	not_significant	9	9
Morus_003110-R1	20	193	0	1.522127860927412	0.2172977683101314	relaxed	not_significant	1	1
Morus_003121-R1	20	141	1.64318722417325	0.2422161803174276	0.6226100347648578	intensified	not_significant	9	9
Morus_003121-R1	20	141	4.328726148206837E-7	0.3472078163515562	0.5556979891803396	relaxed	not_significant	1	1
Morus_003129-R1	20	777	0.8884745548688513	0.03982292057480663	0.8418272085998654	relaxed	not_significant	9	9
Morus_003129-R1	20	777	0.6585138157400754	0.5593072708088584	0.4545394884293831	relaxed	not_significant	1	1
Morus_003130-R1	20	859	1.445073262764596	1.529536189154896	0.2161820678871543	intensified	not_significant	9	9
Morus_003130-R1	20	859	0.8728685938666463	0.1434942347259494	0.7048316873602634	relaxed	not_significant	1	1
Morus_003132-R1	20	307	1.0676538596028	0.02118047207477503	0.8842883866743587	intensified	not_significant	9	9
Morus_003132-R1	20	307	17.70117284118234	1.011523122129802	0.314538222487743	intensified	not_significant	1	1
Morus_003134-R1	20	420	8.152471658700287	16.64555911567368	0.00004505567008594724	intensified	significant_intensified	9	9
Morus_003134-R1	20	420	0	3.040568028603957	0.0812074964356001	relaxed	not_significant	1	1
Morus_003135-R1	20	246	0.8532131075755313	-0.00000140989186547813	1	relaxed	not_significant	9	9
Morus_003135-R1	20	246	1	-0.000006130580459284829	1	intensified	not_significant	0	1
Morus_003151-R1	20	338	0.7672875397399659	0.2436818337691875	0.6215594558655784	relaxed	not_significant	9	9
Morus_003151-R1	20	338	0.1569752912060892	2.794495587763322	0.09458852795485484	relaxed	not_significant	1	1
Morus_003152-R1	20	348	9.765154566847244	1.181741970267467	0.277001650239481	intensified	not_significant	9	9
Morus_003152-R1	20	348	18.77669782144252	1.027083890176982	0.3108445634811098	intensified	not_significant	1	1
Morus_003161-R1	20	770	0.859244302305936	0.3480211981204775	0.5552354248749123	relaxed	not_significant	9	9
Morus_003161-R1	20	770	25.84247373803431	2.492478280253636	0.1143914697264102	intensified	not_significant	1	1
Morus_003163-R1	20	354	0.7161836793723831	0.2622394388426983	0.608585787985054	relaxed	not_significant	9	9
Morus_003163-R1	20	354	2.843198000263361E-17	0.5003908868538929	0.4793284202837992	relaxed	not_significant	1	1
Morus_003171-R1	20	767	1.37031433307972	0.1641586957066465	0.6853562134452433	intensified	not_significant	9	9
Morus_003171-R1	20	767	0.9370048377429977	0.02665861811692594	0.870302176073583	relaxed	not_significant	1	1
Morus_003176-R1	20	175	0.1527007310171301	4.434133732172995	0.03522709212516228	relaxed	significant_relaxed	9	9
Morus_003176-R1	20	175	1	-0.00004508846859607729	1	intensified	not_significant	0	1
Morus_003183-R1	20	255	1.578352835896549	0.6472604739137751	0.4210938377696418	intensified	not_significant	9	9
Morus_003183-R1	20	255	1.159329273529623	0.0218032477282577	0.8826117098737787	intensified	not_significant	1	1
Morus_003188-R1	20	131	1.000345192672264	-0.0006303688844582211	1	intensified	not_significant	9	9
Morus_003188-R1	20	131	0	0.4309556693990544	0.5115203881166545	relaxed	not_significant	1	1
Morus_003189-R1	20	172	0.8432216146929469	0.1315719189565243	0.7168077548516663	relaxed	not_significant	9	9
Morus_003189-R1	20	172	0.0931192886392897	2.144699584521277	0.1430630382767552	relaxed	not_significant	1	1
Morus_003195-R1	20	226	1.524191753734076	0.08105735271146841	0.7758696003472416	intensified	not_significant	9	9
Morus_003195-R1	20	226	6.601350387691902	1.768318741007533	0.1835902850710763	intensified	not_significant	1	1
Morus_003208-R1	20	198	0.715737823551002	0.3330698899585514	0.5638569926878015	relaxed	not_significant	9	9
Morus_003208-R1	20	198	0.8924107975930341	0.06919504183815661	0.792512423170821	relaxed	not_significant	1	1
Morus_003209-R1	20	296	1.294054402940466	0.5413442511844551	0.461876158580523	intensified	not_significant	9	9
Morus_003209-R1	20	296	6.255715199368188E-16	3.761390787595701	0.05244893578154441	relaxed	not_significant	1	1
Morus_003211-R1	20	292	0.8713123865786436	0.1005192213042392	0.7512074357170688	relaxed	not_significant	9	9
Morus_003211-R1	20	292	0.1179385398909508	1.992947702416132	0.158033012198494	relaxed	not_significant	1	1
Morus_003214-R1	20	288	2.700849814560859	3.769799696377049	0.05218588183066231	intensified	not_significant	9	9
Morus_003214-R1	20	288	0.1994072693538629	0.892986839434343	0.3446691843050642	relaxed	not_significant	1	1
Morus_003222-R1	20	208	0	20.19457143602131	0.000006995116307861871	relaxed	significant_relaxed	9	9
Morus_003222-R1	20	208	0.01289480619222336	5.518514378301461	0.018816231776839	relaxed	significant_relaxed	1	1
Morus_003225-R1	20	209	0.7728206572223433	0.1511011144898475	0.6974853070059763	relaxed	not_significant	9	9
Morus_003225-R1	20	209	1	-0.0002525079503357119	1	intensified	not_significant	0	1
Morus_003227-R1	20	279	1.235307124694506	0.1245940950398108	0.7241042684208618	intensified	not_significant	9	9
Morus_003227-R1	20	279	0	0.4336977579846462	0.5101800705945714	relaxed	not_significant	1	1
Morus_003236-R1	20	254	1.772114822918166	0.4920924977941468	0.4829953710718147	intensified	not_significant	9	9
Morus_003236-R1	20	254	0.4769065815515323	0.8747862365908077	0.349633674993133	relaxed	not_significant	1	1
Morus_003243-R1	20	246	1.428437265870559	0.529608119918521	0.4667716606381319	intensified	not_significant	9	9
Morus_003243-R1	20	246	10.51860226138412	1.034343546121818	0.3091406724745259	intensified	not_significant	1	1
Morus_003251-R1	20	225	3.11267064526942	2.78578550859902	0.09510405152612433	intensified	not_significant	9	9
Morus_003251-R1	20	225	1	-0.0001325781404375448	1	intensified	not_significant	0	1
Morus_003257-R1	20	734	1.101181719073813	0.1107756103701831	0.7392628364989308	intensified	not_significant	9	9
Morus_003257-R1	20	734	0	10.31207576499037	0.001321625442797902	relaxed	significant_relaxed	1	1
Morus_003258-R1	20	442	0.7928674138424363	0.2765802808662556	0.5989514324103091	relaxed	not_significant	9	9
Morus_003258-R1	20	442	1.145628465119604	0.01282379737494921	0.9098385347700398	intensified	not_significant	1	1
Morus_003264-R1	20	248	0.8082886395444866	0.1444979003194931	0.7038498124453791	relaxed	not_significant	9	9
Morus_003264-R1	20	248	1.385062925561677	0.2590330838343107	0.6107852185969607	intensified	not_significant	1	1
Morus_003267-R1	20	324	1.843668170089021	1.749346412262639	0.1859589186107334	intensified	not_significant	9	9
Morus_003267-R1	20	324	1.447108500735416	0.5441894568839416	0.4607016470183907	intensified	not_significant	1	1
Morus_003275-R1	20	273	1.754772415071865	2.284743346206596	0.1306517528485552	intensified	not_significant	9	9
Morus_003275-R1	20	273	0.6749384791465773	0.5361134765407769	0.464047906077406	relaxed	not_significant	1	1
Morus_003281-R1	20	267	1.205151119168394	0.256799745569424	0.6123273467246211	intensified	not_significant	9	9
Morus_003281-R1	20	267	1	-0.0002828516135195969	1	intensified	not_significant	0	1
Morus_003284-R1	20	166	0.5608969377756852	0.7859935170258723	0.3753143540923145	relaxed	not_significant	9	9
Morus_003284-R1	20	166	0	0.5712803914993856	0.4497505711114762	relaxed	not_significant	1	1
Morus_003290-R1	20	257	0.805307244951512	0.04659396257648041	0.8290997248866845	relaxed	not_significant	9	9
Morus_003290-R1	20	257	1.358484170846517	0.01044519936840516	0.918596532271725	intensified	not_significant	1	1
Morus_003309-R1	20	196	0.7385126599136382	0.03174262198490396	0.8585937159810166	relaxed	not_significant	9	9
Morus_003309-R1	20	196	19.8327528070647	0.5405940341975111	0.4621866437023086	intensified	not_significant	1	1
Morus_003313-R1	20	218	0.2111249235528026	0.4455516018451817	0.5044550329756832	relaxed	not_significant	9	9
Morus_003313-R1	20	218	1.395245200532851	0.07480781936192216	0.7844610669599186	intensified	not_significant	1	1
Morus_003316-R1	20	413	0.5186266037444935	2.115198060391776	0.1458431846567263	relaxed	not_significant	9	9
Morus_003316-R1	20	413	0.5971728445025677	0.3855603552565299	0.5346423485152068	relaxed	not_significant	1	1
Morus_003329-R1	20	181	1.026901555607659	0.0005267891087896714	0.9816886515804548	intensified	not_significant	9	9
Morus_003329-R1	20	181	0	1.879602770404745	0.1703793024050649	relaxed	not_significant	1	1
Morus_003330-R1	20	273	1.826221350413719	0.161050028081263	0.6881916159187682	intensified	not_significant	9	9
Morus_003330-R1	20	273	0.497555801159864	1.493353126747024	0.2216969313318767	relaxed	not_significant	1	1
Morus_003333-R2	20	262	0.4874010872020319	2.113960217026943	0.1459611593289976	relaxed	not_significant	9	9
Morus_003333-R2	20	262	0.2116158911896434	0.1666867861395076	0.6830733101171087	relaxed	not_significant	1	1
Morus_003334-R1	20	445	0.9426250724891281	0.005061528465375886	0.9432828158486659	relaxed	not_significant	9	9
Morus_003334-R1	20	445	0.3697269671666795	0.2635182251597143	0.6077133245996849	relaxed	not_significant	1	1
Morus_003359-R1	20	318	18.66935088867342	2.899418334495749	0.08861152263011685	intensified	not_significant	9	9
Morus_003359-R1	20	318	9.537735943443021	0.7221852744423813	0.3954280337807141	intensified	not_significant	1	1
Morus_003364-R1	20	382	1.007422001549865	-0.002809304156471626	1	intensified	not_significant	9	9
Morus_003364-R1	20	382	16.08493492034541	0.3035513133672794	0.5816645843200203	intensified	not_significant	1	1
Morus_003369-R1	20	163	1.949554831697854	1.0334335943121	0.3093535773284266	intensified	not_significant	9	9
Morus_003369-R1	20	163	0.9102019949150231	0.00753075374814216	0.9308464524383961	relaxed	not_significant	1	1
Morus_003372-R1	20	225	0.7983454003794849	0.1181750966284199	0.7310222346297184	relaxed	not_significant	9	9
Morus_003372-R1	20	225	0.3253568701964103	3.309706052602451	0.06887181035154288	relaxed	not_significant	1	1
Morus_003382-R1	20	789	1.162155480781866	0.2975492731093254	0.5854229011180334	intensified	not_significant	9	9
Morus_003382-R1	20	789	6.931411067645538E-16	4.928445419907803	0.02641807321358669	relaxed	significant_relaxed	1	1
Morus_003383-R1	20	230	0.7973860565365439	0.6644723339486518	0.4149854672368096	relaxed	not_significant	9	9
Morus_003383-R1	20	230	1.2588841300632	0.3275037139246706	0.5671327021001968	intensified	not_significant	1	1
Morus_003399-R1	20	276	1.649078043694771	0.1882262492554219	0.6643970131477105	intensified	not_significant	9	9
Morus_003399-R1	20	276	15.42925304551272	1.986999802936225	0.1586549302235547	intensified	not_significant	1	1
Morus_003416-R1	20	131	0.8441758956990799	0.2589787948882076	0.6108226059045244	relaxed	not_significant	9	9
Morus_003416-R1	20	131	1	-0.00005298918108564976	1	intensified	not_significant	0	1
Morus_003424-R1	20	675	0.7093794500832468	0.5453425551804685	0.4602269931218873	relaxed	not_significant	9	9
Morus_003424-R1	20	675	50	3.030389987219678	0.08171837266959914	intensified	not_significant	1	1
Morus_003432-R1	20	382	0.5176544924317452	1.636170677016707	0.2008516772451632	relaxed	not_significant	9	9
Morus_003432-R1	20	382	1	-0.0003339583363413112	1	intensified	not_significant	0	1
Morus_003438-R2	20	690	0.9851507807197052	0.0006543016661453294	0.9795928800744541	relaxed	not_significant	9	9
Morus_003438-R2	20	690	0.8201746282450895	0.1181679085057112	0.7310300979968638	relaxed	not_significant	1	1
Morus_003439-R1	20	264	0.8532124158800056	-4.357220859674271E-7	1	relaxed	not_significant	9	9
Morus_003439-R1	20	264	1	-0.0003156244029014488	1	intensified	not_significant	0	1
Morus_003441-R1	20	315	0.774433242703468	0.6336747714931334	0.4260105789300735	relaxed	not_significant	9	9
Morus_003441-R1	20	315	0.05240398832654605	0.3720947056253863	0.5418646823298104	relaxed	not_significant	1	1
Morus_003444-R1	20	453	1.772563607120111	2.20053640081278	0.1379627223533025	intensified	not_significant	9	9
Morus_003444-R1	20	453	0.1300074882319188	1.194060611855093	0.2745120104165137	relaxed	not_significant	1	1
Morus_003445-R1	20	483	1.299948107929275	1.260613342135912	0.2615350252835834	intensified	not_significant	9	9
Morus_003445-R1	20	483	4.161254813256211	2.930286981209065	0.08693203839744679	intensified	not_significant	1	1
Morus_003446-R1	20	537	0.6928606781694518	0.369863886224266	0.5430784711873131	relaxed	not_significant	9	9
Morus_003446-R1	20	537	1.419703717874014	0.7999980279637384	0.3710939591809629	intensified	not_significant	1	1
Morus_003447-R1	20	380	0.5470750402622607	1.956618072461424	0.1618754718725138	relaxed	not_significant	9	9
Morus_003447-R1	20	380	1.667917218705356E-9	0.8380082836083602	0.359967024706436	relaxed	not_significant	1	1
Morus_003450-R1	20	166	0.1958673386506053	2.590047798888008	0.107537090458236	relaxed	not_significant	9	9
Morus_003450-R1	20	166	1	-0.001472089353683259	1	intensified	not_significant	0	1
Morus_003454-R1	20	292	1.229384004886676	0.2081260777722491	0.6482401464509384	intensified	not_significant	9	9
Morus_003454-R1	20	292	1.691979811707231E-8	2.764657534698927	0.09636730835616925	relaxed	not_significant	1	1
Morus_003457-R1	20	378	1.083945744365069	0.04448408410371485	0.832955547275796	intensified	not_significant	9	9
Morus_003457-R1	20	378	0	1.558514499665762	0.2118828587507461	relaxed	not_significant	1	1
Morus_003461-R1	20	374	0.7223255757934421	0.5733972463294776	0.4489120905059647	relaxed	not_significant	9	9
Morus_003461-R1	20	374	1.235891252245554	0.1983809850507896	0.6560308541544428	intensified	not_significant	1	1
Morus_003466-R1	20	109	0.7475557594980824	1.023827436460124	0.3116128477525409	relaxed	not_significant	9	9
Morus_003466-R1	20	109	1	-0.0004272525829946971	1	intensified	not_significant	0	1
Morus_003470-R2	20	257	0.02874344856787713	3.2311269144775	0.07225095459624542	relaxed	not_significant	9	9
Morus_003470-R2	20	257	6.346303925675477	2.567112551710125	0.10910671904458	intensified	not_significant	1	1
Morus_003471-R1	20	242	0.5445767828179313	2.231611405851254	0.1352127660070574	relaxed	not_significant	9	9
Morus_003471-R1	20	242	0	0.4453781605279801	0.5045380036130058	relaxed	not_significant	1	1
Morus_003472-R1	20	402	0.8946879313524551	0.06838149834675278	0.7937080577094585	relaxed	not_significant	9	9
Morus_003472-R1	20	402	2.082481901772907	3.037706215684011	0.08135079307012349	intensified	not_significant	1	1
Morus_003482-R1	20	343	2.319816232083491	1.17497666962845	0.2783810235755074	intensified	not_significant	9	9
Morus_003482-R1	20	343	11.93466492674026	0.554407871807598	0.4565222124799699	intensified	not_significant	1	1
Morus_003489-R1	20	231	2.56291440550336	2.028545730076075	0.1543682575442945	intensified	not_significant	9	9
Morus_003489-R1	20	231	10.52722994029411	0.4361448014328744	0.5089890890189523	intensified	not_significant	1	1
Morus_003499-R1	20	222	2.860903409457171	1.533979134865149	0.2155162286078508	intensified	not_significant	9	9
Morus_003499-R1	20	222	1.871328035601341E-13	0.7875340399018569	0.3748468207963432	relaxed	not_significant	1	1
Morus_003501-R1	20	416	1.213556010386706	0.1303244766559146	0.7180958474244404	intensified	not_significant	9	9
Morus_003501-R1	20	416	1.105295399929878	0.052096626126513	0.8194543387938311	intensified	not_significant	1	1
Morus_003505-R1	20	155	0.2406575804915445	2.505795959465104	0.1134281628234913	relaxed	not_significant	9	9
Morus_003505-R1	20	155	0.1736745469512265	4.166348206300427	0.04123458390628409	relaxed	significant_relaxed	1	1
Morus_003512-R1	20	303	1.192662490405459	0.2527325610089974	0.6151575357019312	intensified	not_significant	9	9
Morus_003512-R1	20	303	20.91528875659267	2.210780302166313	0.1370493351883668	intensified	not_significant	1	1
Morus_003530-R1	20	223	0.1605331884154534	1.289479568245952	0.2561438818075682	relaxed	not_significant	9	9
Morus_003530-R1	20	223	38.20980504656251	3.38202959266664	0.06591084357586663	intensified	not_significant	1	1
Morus_003554-R1	20	322	1.021004878095197	0.000007258635378093459	0.9978503536056664	intensified	not_significant	9	9
Morus_003554-R1	20	322	0.3520929476162993	0.1879880183660134	0.6645964744198081	relaxed	not_significant	1	1
Morus_003562-R1	20	261	0.7498694620683153	0.2555042535332177	0.6132257548109402	relaxed	not_significant	9	9
Morus_003562-R1	20	261	50	0.08130963479061393	0.775530417434493	intensified	not_significant	1	1
Morus_003583-R1	20	392	3.103525571185211	0.2104570375749972	0.6464094183261718	intensified	not_significant	9	9
Morus_003583-R1	20	392	0.8532130433993064	-0.000006061461135686841	1	relaxed	not_significant	1	1
Morus_003594-R1	20	18	1.538111446683275E-8	0.7850974724993875	0.3755866712338175	relaxed	not_significant	9	9
Morus_003594-R1	20	18	1	-0.002453591132280053	1	intensified	not_significant	0	1
Morus_003597-R1	20	338	0.7940198445910459	0.2125913899208172	0.6447438370320542	relaxed	not_significant	9	9
Morus_003597-R1	20	338	0.1591683509409405	0.1031118917981075	0.7481267259698561	relaxed	not_significant	1	1
Morus_003606-R1	20	322	1.171075314269157	0.2524989589637698	0.6153209543767137	intensified	not_significant	9	9
Morus_003606-R1	20	322	0.1910660894904866	5.615018850568958	0.01780718956714367	relaxed	significant_relaxed	1	1
Morus_003607-R1	20	273	1.023849593505885	0.007960100419950322	0.9289075519771203	intensified	not_significant	9	9
Morus_003607-R1	20	273	1.043031108899907	0.003461384394540801	0.953084700668648	intensified	not_significant	1	1
Morus_003608-R1	20	243	0.9539606965191658	0.05417765796119056	0.8159470406476934	relaxed	not_significant	9	9
Morus_003608-R1	20	243	1.087297332725643	0.02334392145621678	0.8785661102821987	intensified	not_significant	1	1
Morus_003609-R1	20	432	0.705349460158628	2.72288617724189	0.09891900452020808	relaxed	not_significant	9	9
Morus_003609-R1	20	432	0.3851291905960599	1.224524618149189	0.2684745182169181	relaxed	not_significant	1	1
Morus_003610-R1	20	240	5.668301442786089	6.100171476212381	0.01351687649739675	intensified	significant_intensified	9	9
Morus_003610-R1	20	240	4.734281243527604	3.356855099892528	0.06692576401178196	intensified	not_significant	1	1
Morus_003626-R1	20	330	0.5519299813558493	0.5644656134791148	0.4524665539257265	relaxed	not_significant	9	9
Morus_003626-R1	20	330	14.06514338049196	0.3639695234778628	0.546309886280955	intensified	not_significant	1	1
Morus_003627-R1	20	434	0.5890911261229749	1.433309092298259	0.2312251512560288	relaxed	not_significant	9	9
Morus_003627-R1	20	434	4.55788722711887	1.551165200662581	0.2129635081824638	intensified	not_significant	1	1
Morus_003633-R1	20	283	1.278160634592418	0.0838007400288916	0.7722113475825024	intensified	not_significant	9	9
Morus_003633-R1	20	283	15.74571225797517	2.480637261667653	0.1152555461280488	intensified	not_significant	1	1
Morus_003635-R1	20	317	0.6084419671556839	0.5733294548881531	0.448938904758754	relaxed	not_significant	9	9
Morus_003635-R1	20	317	16.9218495210339	1.547101124276196	0.2135639042304508	intensified	not_significant	1	1
Morus_003646-R1	20	344	0.08803251303966517	5.769071914322922	0.01631064622250999	relaxed	significant_relaxed	9	9
Morus_003646-R1	20	344	1	-0.0003175537440256448	1	intensified	not_significant	0	1
Morus_003648-R1	20	232	0	1.811616977428002	0.1783143799832374	relaxed	not_significant	9	9
Morus_003648-R1	20	232	0.7763988286198162	0.1655363606555511	0.6841096415539709	relaxed	not_significant	1	1
Morus_003649-R1	20	646	1.439926088731973	1.282319118647138	0.2574682794214296	intensified	not_significant	9	9
Morus_003649-R1	20	646	1.424442720815766	0.6810725389404979	0.4092176437730145	intensified	not_significant	1	1
Morus_003658-R1	20	302	0.3622591130573259	0.3018703370989897	0.5827122563925429	relaxed	not_significant	9	9
Morus_003658-R1	20	302	4.60710026906534	2.784180022397777	0.09519940885736489	intensified	not_significant	1	1
Morus_003659-R1	20	259	1.041711933066701	0.004993534065306449	0.9436644230820924	intensified	not_significant	9	9
Morus_003659-R1	20	259	0.1238247614487678	2.498888771729071	0.1139266588635869	relaxed	not_significant	1	1
Morus_003661-R1	20	251	0.9122123625719882	0.03826272585911283	0.8449165255756534	relaxed	not_significant	9	9
Morus_003661-R1	20	251	0.4159276096123368	0.8455754489536957	0.3578070427820533	relaxed	not_significant	1	1
Morus_003663-R1	20	374	0.5539048673660708	0.7913274182046734	0.3736990450419388	relaxed	not_significant	9	9
Morus_003663-R1	20	374	6.018445372016904E-16	1.855081324888488	0.1731935609663586	relaxed	not_significant	1	1
Morus_003688-R1	20	432	1.911897773461379	2.082912182212567	0.1489557547428888	intensified	not_significant	9	9
Morus_003688-R1	20	432	0.5175989540181738	0.8474904519771371	0.3572632475106978	relaxed	not_significant	1	1
Morus_003710-R1	20	238	3.777931656384532	5.390138274864057	0.02025086602008941	intensified	significant_intensified	9	9
Morus_003710-R1	20	238	0.5513270760016203	0.7816582435898454	0.3766344693508089	relaxed	not_significant	1	1
Morus_003717-R1	20	320	1.098914211529673	0.05363772990585858	0.8168500995704395	intensified	not_significant	9	9
Morus_003717-R1	20	320	0.340884554484777	4.367491274976601	0.03663088384377888	relaxed	significant_relaxed	1	1
Morus_003718-R1	20	420	0.8305942579522868	0.09800698996696156	0.7542345607049781	relaxed	not_significant	9	9
Morus_003718-R1	20	420	0.2759314094499924	3.855378408886281	0.04958674004023911	relaxed	significant_relaxed	1	1
Morus_003723-R1	20	280	0.7955800545293755	0.6827851449324953	0.4086293162490779	relaxed	not_significant	9	9
Morus_003723-R1	20	280	6.329906332692322	1.767405023964784	0.1837035541337971	intensified	not_significant	1	1
Morus_003727-R1	20	633	5.770681464730216E-7	0.9187904819646064	0.3377927527830937	relaxed	not_significant	9	9
Morus_003727-R1	20	633	2.327340696886553	0.2989810238050268	0.5845219335797986	intensified	not_significant	1	1
Morus_003730-R1	20	327	8.534243751462878	5.77122940541085	0.01629063409624409	intensified	significant_intensified	9	9
Morus_003730-R1	20	327	0.7709683693663669	0.3401184094573182	0.5597608817485813	relaxed	not_significant	1	1
Morus_003733-R1	20	215	0.5961044085558036	1.895613690854134	0.1685701094833045	relaxed	not_significant	9	9
Morus_003733-R1	20	215	0	4.239741099455387	0.03948818832691214	relaxed	significant_relaxed	1	1
Morus_003735-R2	20	220	0.7838786991562892	0.1235077381161318	0.7252607705365781	relaxed	not_significant	9	9
Morus_003735-R2	20	220	50	0.4857971935039131	0.4858080942694493	intensified	not_significant	1	1
Morus_003737-R1	20	248	3.872182480310496	1.430566505614024	0.2316720067905991	intensified	not_significant	9	9
Morus_003737-R1	20	248	12.28681766159729	0.2340807825808042	0.6285143605919908	intensified	not_significant	1	1
Morus_003747-R1	20	162	22.72753677834656	3.06755200185944	0.07986966010804863	intensified	not_significant	9	9
Morus_003747-R1	20	162	1	-0.0000114574822873692	1	intensified	not_significant	0	1
Morus_003749-R1	20	827	7.230638541234375	5.737494993822111	0.01660646028310997	intensified	significant_intensified	9	9
Morus_003749-R1	20	827	0.4425404062009525	1.613019060452643	0.2040679340717647	relaxed	not_significant	1	1
Morus_003751-R1	20	216	0.7956515306705856	0.2845131137228236	0.5937583045610839	relaxed	not_significant	9	9
Morus_003751-R1	20	216	15.13676422419477	3.783840082586721	0.05174976633721728	intensified	not_significant	1	1
Morus_003762-R1	20	431	3.097562545940989	2.306908106526862	0.1288000263241664	intensified	not_significant	9	9
Morus_003762-R1	20	431	6.298065764391101E-16	2.237302207659013	0.1347158399391781	relaxed	not_significant	1	1
Morus_003779-R1	20	325	1.138178006848305	0.06894059909427597	0.7928855569499229	intensified	not_significant	9	9
Morus_003779-R1	20	325	49.30935000794442	0.8597788464803671	0.3538005872641697	intensified	not_significant	1	1
Morus_003787-R1	20	330	0.558536081701391	1.147802277165283	0.2840096829933266	relaxed	not_significant	9	9
Morus_003787-R1	20	330	1.175957276408767	0.07918712931768823	0.7784020247460636	intensified	not_significant	1	1
Morus_003789-R1	20	288	0.7283105516222328	0.2321370410509189	0.629943752408801	relaxed	not_significant	9	9
Morus_003789-R1	20	288	4.498543790728627E-15	1.332660484787993	0.2483324658259592	relaxed	not_significant	1	1
Morus_003802-R1	20	579	1.673790533115478	2.09653464949406	0.1476334060803343	intensified	not_significant	9	9
Morus_003802-R1	20	579	0.7116473282498891	0.1398172079552751	0.7084627999759917	relaxed	not_significant	1	1
Morus_003806-R1	20	48	0.488793517124963	1.482932491724569	0.2233162698926003	relaxed	not_significant	9	9
Morus_003806-R1	20	48	1	-0.00006251534466628073	1	intensified	not_significant	0	1
Morus_003807-R1	20	166	1.824741961223096	2.153920914023729	0.1422063195628367	intensified	not_significant	9	9
Morus_003807-R1	20	166	1.053807833760986	0.01029679445173315	0.9191748930956873	intensified	not_significant	1	1
Morus_003812-R1	20	242	0.8376821218012225	0.2488312130508348	0.617899261237673	relaxed	not_significant	9	9
Morus_003812-R1	20	242	1	-0.00003905902303813491	1	intensified	not_significant	0	1
Morus_003819-R1	20	158	0.3422347450277621	1.028414371913186	0.3105313773065731	relaxed	not_significant	9	9
Morus_003819-R1	20	158	1	-0.00004700646377386875	1	intensified	not_significant	0	1
Morus_003823-R1	20	177	0.05899754579661975	0.4113440142218678	0.5212881239857862	relaxed	not_significant	9	9
Morus_003823-R1	20	177	3.136956807481992	1.563451796808749	0.2111605257987794	intensified	not_significant	1	1
Morus_003827-R1	20	185	0.858248100488752	-0.00001365503749184427	1	relaxed	not_significant	9	9
Morus_003827-R1	20	185	1	-3.695236046041828E-7	1	intensified	not_significant	0	1
Morus_003835-R1	20	318	0.3916031239924006	1.301112400645252	0.2540101308449302	relaxed	not_significant	9	9
Morus_003835-R1	20	318	4.875014858968778	2.659278605048712	0.1029474154049015	intensified	not_significant	1	1
Morus_003836-R1	20	687	1.054926210853082	0.01301317063007446	0.9091781140919037	intensified	not_significant	9	9
Morus_003836-R1	20	687	0.6437328409738284	0.5885291406011675	0.4429884552442486	relaxed	not_significant	1	1
Morus_003837-R1	20	391	0.3946771195291545	3.861763562210399	0.0493983792852265	relaxed	significant_relaxed	9	9
Morus_003837-R1	20	391	0.755245284922306	0.4096149417373454	0.522165010467561	relaxed	not_significant	1	1
Morus_003843-R1	20	967	0.5478104096921119	0.06789511596616649	0.7944265083041644	relaxed	not_significant	9	9
Morus_003843-R1	20	967	0.1053340451642705	1.156991899159038	0.282090268821455	relaxed	not_significant	1	1
Morus_003844-R1	20	374	0.3821750745568605	2.540047879505437	0.1109914207351926	relaxed	not_significant	9	9
Morus_003844-R1	20	374	0.5332682172225939	0.2593469887251558	0.6105691375778683	relaxed	not_significant	1	1
Morus_003845-R1	20	261	1.385031760730853	0.4025903567098794	0.5257545119895124	intensified	not_significant	9	9
Morus_003845-R1	20	261	0.2534514354580251	0.2447588521727084	0.6207899519921883	relaxed	not_significant	1	1
Morus_003854-R1	20	751	1.193185826445177	0.3789155282502179	0.5381841994545039	intensified	not_significant	9	9
Morus_003854-R1	20	751	0.7130440207607706	0.4686717950935417	0.4935988403252433	relaxed	not_significant	1	1
Morus_003855-R1	20	441	0.2091375121776956	3.500021617676794	0.06136802807134933	relaxed	not_significant	9	9
Morus_003855-R1	20	441	1.415914845903243	0.3731794544619333	0.5412762733935276	intensified	not_significant	1	1
Morus_003858-R1	20	747	2.67329557740628	0.6875903277177713	0.4069852109161459	intensified	not_significant	9	9
Morus_003858-R1	20	747	0.6029072356593932	0.9798246193640807	0.3222421087053959	relaxed	not_significant	1	1
Morus_003860-R1	20	206	3.232533369548192	4.064042556476579	0.04380551170169933	intensified	significant_intensified	9	9
Morus_003860-R1	20	206	1.854035844081924E-7	3.039623078047043	0.0812547818479249	relaxed	not_significant	1	1
Morus_003865-R1	20	497	1.333324422464632	0.4855150276816858	0.4859347985149263	intensified	not_significant	9	9
Morus_003865-R1	20	497	0	2.544840849865068	0.1106550605872731	relaxed	not_significant	1	1
Morus_003871-R1	20	553	2.810054369508165	5.451733555139072	0.01954891899865052	intensified	significant_intensified	9	9
Morus_003871-R1	20	553	2.55972069143141E-7	0.1239170829958312	0.724824325914433	relaxed	not_significant	1	1
Morus_003875-R1	20	432	1.267738795598268	0.292473303902625	0.5886399211467821	intensified	not_significant	9	9
Morus_003875-R1	20	432	0.67458125755885	0.4209609619038019	0.5164579320978757	relaxed	not_significant	1	1
Morus_003876-R1	20	342	1.350191014148091	0.7240367771373712	0.3948229569746913	intensified	not_significant	9	9
Morus_003876-R1	20	342	0.1262464674000119	0.8024461233826514	0.3703630237535726	relaxed	not_significant	1	1
Morus_003888-R1	20	753	2.221477828674134	2.302712171866006	0.1291483141030572	intensified	not_significant	9	9
Morus_003888-R1	20	753	1.717799718332032	1.41387221585137	0.2344146455768439	intensified	not_significant	1	1
Morus_003890-R1	20	700	1.076743767806339	0.0195482143699337	0.8888062175360161	intensified	not_significant	9	9
Morus_003890-R1	20	700	0.4399580079920205	3.216893004473604	0.07288184362670569	relaxed	not_significant	1	1
Morus_003896-R1	20	289	1.491402746220184	0.212067057141212	0.6451520676552038	intensified	not_significant	9	9
Morus_003896-R1	20	289	1.957211297754609	0.4448584923175076	0.5047867416985894	intensified	not_significant	1	1
Morus_003899-R1	20	207	7.999790337554514E-8	3.761256246721132	0.05245315598067446	relaxed	not_significant	9	9
Morus_003899-R1	20	207	2.590361664445207	0.5098057401646656	0.4752229618115279	intensified	not_significant	1	1
Morus_003905-R1	20	287	1.981114350481574	2.600526988163438	0.1068281877658767	intensified	not_significant	9	9
Morus_003905-R1	20	287	15.87079896629578	0.8406457753012546	0.3592121441255779	intensified	not_significant	1	1
Morus_003906-R1	20	662	0.7744874694135218	0.1260866080610867	0.7225245942245381	relaxed	not_significant	9	9
Morus_003906-R1	20	662	0.9862828096566308	0.0001808572214940796	0.9892701191844285	relaxed	not_significant	1	1
Morus_003908-R1	20	753	0.2930434848226745	2.256308324631391	0.1330709484916592	relaxed	not_significant	9	9
Morus_003908-R1	20	753	1.02620024412709	0.001601687152287923	0.9680763172806304	intensified	not_significant	1	1
Morus_003910-R2	20	244	0.2530440547608075	3.106511712007432	0.07797980610947375	relaxed	not_significant	9	9
Morus_003910-R2	20	244	6.01341214846525E-16	2.372006517647151	0.1235281858248976	relaxed	not_significant	1	1
Morus_003913-R1	20	284	1.400738813791397	0.8185237195802983	0.3656121494071838	intensified	not_significant	9	9
Morus_003913-R1	20	284	0.08474317605909094	3.630238541832114	0.05673868361559831	relaxed	not_significant	1	1
Morus_003914-R2	20	559	0.2826908882588356	1.552951428302549	0.2127002585800221	relaxed	not_significant	9	9
Morus_003914-R2	20	559	1.52897473054819	0.4957621674802795	0.4813681310782721	intensified	not_significant	1	1
Morus_003917-R1	20	203	0.1410292148312624	4.855966231702951	0.02755067824858759	relaxed	significant_relaxed	9	9
Morus_003917-R1	20	203	0.3959486100854166	1.724396461078413	0.1891281062150307	relaxed	not_significant	1	1
Morus_003919-R1	20	206	4.832726331830488	2.806597503087687	0.09387729280485468	intensified	not_significant	9	9
Morus_003919-R1	20	206	3.421239770533392	0.9860418112230036	0.3207117185341163	intensified	not_significant	1	1
Morus_003926-R1	20	223	3.566555520063234	1.901413359306389	0.1679202045248704	intensified	not_significant	9	9
Morus_003926-R1	20	223	1	-0.00001766611921993899	1	intensified	not_significant	0	1
Morus_003928-R1	20	178	46.79501301822747	4.491631463997237	0.03406115718913394	intensified	significant_intensified	9	9
Morus_003928-R1	20	178	0.6948749594544658	0.1902661502308547	0.662695195306374	relaxed	not_significant	1	1
Morus_003933-R1	20	250	0.3950658128188539	2.881327664219953	0.08961210833216826	relaxed	not_significant	9	9
Morus_003933-R1	20	250	0.264627119135026	0.3374797518308696	0.5612875819122719	relaxed	not_significant	1	1
Morus_003934-R1	20	270	1.38066650802257	0.1990301741484473	0.6555048029127317	intensified	not_significant	9	9
Morus_003934-R1	20	270	0.2097902166245596	2.093224960832686	0.1479534579832875	relaxed	not_significant	1	1
Morus_003938-R1	20	324	0.4651957680331581	0.9984384582658095	0.3176886505460595	relaxed	not_significant	9	9
Morus_003938-R1	20	324	1.088919598170631	0.005419758376774553	0.9413135457833721	intensified	not_significant	1	1
Morus_003939-R1	20	209	0.3457021987056473	0.5546917165302148	0.4564069729009634	relaxed	not_significant	9	9
Morus_003939-R1	20	209	0.05893819107333868	9.250620676621566	0.00235415622385815	relaxed	significant_relaxed	1	1
Morus_003944-R1	20	270	0.797491304976611	0.311273634241843	0.5768996821832398	relaxed	not_significant	9	9
Morus_003944-R1	20	270	0.2995209877692088	0.1787453097440448	0.672453726075974	relaxed	not_significant	1	1
Morus_003948-R1	20	336	24.91356319604544	2.179080739059827	0.1398980000987818	intensified	not_significant	9	9
Morus_003948-R1	20	336	0.3177513595169485	1.849289312982364	0.1738660741610143	relaxed	not_significant	1	1
Morus_003952-R1	20	396	0.3445834123344225	1.794902379648192	0.1803299961257209	relaxed	not_significant	9	9
Morus_003952-R1	20	396	0.9988820774383806	1.808912202250212E-7	0.9996606492662738	relaxed	not_significant	1	1
Morus_003956-R1	20	232	0.9887063794599896	0.00006629433755733771	0.9935035891865199	relaxed	not_significant	9	9
Morus_003956-R1	20	232	0.2075812295620276	0.6409359876047347	0.423372065674994	relaxed	not_significant	1	1
Morus_003958-R1	20	64	3.126019025164806	3.737305172217248	0.05321019743351274	intensified	not_significant	9	9
Morus_003958-R1	20	64	0.8544689899454884	-0.000378400145791602	1	relaxed	not_significant	1	1
Morus_003966-R1	20	146	0.8489008339998024	0.04288770685298005	0.8359368588593939	relaxed	not_significant	9	9
Morus_003966-R1	20	146	2.485341261072817	0.0002798371006065281	0.9866533444376494	intensified	not_significant	1	1
Morus_003967-R1	20	408	5.357539350501397	1.203588537074211	0.2726056233120444	intensified	not_significant	9	9
Morus_003967-R1	20	408	0.6980484006594662	0.5182563576863686	0.4715864193781261	relaxed	not_significant	1	1
Morus_003977-R1	20	195	2.32752822465058	5.150238250997973	0.02324318373276801	intensified	significant_intensified	9	9
Morus_003977-R1	20	195	0	1.4305699384322	0.2316714468233365	relaxed	not_significant	1	1
Morus_003984-R1	20	153	0.8960280993221916	0.01352038585764603	0.9074328595099731	relaxed	not_significant	9	9
Morus_003984-R1	20	153	17.12229392439016	1.23530480464342	0.2663778549869891	intensified	not_significant	1	1
Morus_003997-R1	20	257	0.1320720083289043	15.53488603243568	0.00008099660591576185	relaxed	significant_relaxed	9	9
Morus_003997-R1	20	257	23.3530033631673	1.835638746616496	0.1754629742678436	intensified	not_significant	1	1
Morus_004009-R1	20	61	0.5715315792427248	0.7526948147940402	0.3856243754404767	relaxed	not_significant	9	9
Morus_004009-R1	20	61	1	-2.014465962929535E-7	1	intensified	not_significant	0	1
Morus_004031-R1	20	142	1.225893722605877	0.2119188200904318	0.6452675917196675	intensified	not_significant	9	9
Morus_004031-R1	20	142	23.45624361438422	2.509821829139582	0.1131387225612827	intensified	not_significant	1	1
Morus_004036-R1	20	112	0	3.644601316289027	0.05625127001693331	relaxed	not_significant	9	9
Morus_004036-R1	20	112	7.77904260750742	1.044984824775838	0.306664960883505	intensified	not_significant	1	1
Morus_004043-R1	20	85	1.001989308722357	-0.002764398302133486	1	intensified	not_significant	9	9
Morus_004043-R1	20	85	1.126409265282576	0.02134395285429491	0.8838458428119632	intensified	not_significant	1	1
Morus_004052-R1	20	357	0.07224121212975991	0.5978910251578782	0.4393838287876797	relaxed	not_significant	9	9
Morus_004052-R1	20	357	1.975271084485156E-8	2.599841587768424	0.1068743970788867	relaxed	not_significant	1	1
Morus_004054-R1	20	191	42.7023237641729	6.616434977607696	0.01010418909232225	intensified	significant_intensified	9	9
Morus_004054-R1	20	191	4.729398805342193	1.300666844975694	0.2540914526906271	intensified	not_significant	1	1
Morus_004063-R1	20	700	0.1519704310619773	0.8180100674162532	0.3657626185022095	relaxed	not_significant	9	9
Morus_004063-R1	20	700	50	5.950985524332282	0.01470906051046816	intensified	significant_intensified	1	1
Morus_004064-R1	20	364	0.7678550453880769	0.1381813448751927	0.7100957372543339	relaxed	not_significant	9	9
Morus_004064-R1	20	364	2.67396992868112	0.7483540694720432	0.3869978429995883	intensified	not_significant	1	1
Morus_004066-R1	20	232	0.623409876764222	0.01548987845580996	0.9009523835356973	relaxed	not_significant	9	9
Morus_004066-R1	20	232	3.348679034496558	0.3178073034750923	0.5729283645170926	intensified	not_significant	1	1
Morus_004069-R1	20	229	0	1.069597954432993	0.3010362760786844	relaxed	not_significant	9	9
Morus_004069-R1	20	229	0	0.8177609996314459	0.3658356112605934	relaxed	not_significant	1	1
Morus_004077-R1	20	411	0.7005029539961229	0.6618918790036332	0.4158928324147489	relaxed	not_significant	9	9
Morus_004077-R1	20	411	29.05804175062594	22.60829623783502	0.000001986250602659112	intensified	significant_intensified	1	1
Morus_004093-R1	20	213	0.2957604675321598	0.6774832997921294	0.4104546901900991	relaxed	not_significant	9	9
Morus_004093-R1	20	213	1.085573870881291	0.01631983063089137	0.8983475381678615	intensified	not_significant	1	1
Morus_004095-R1	20	286	1.372185267865493	0.5524746859227889	0.4573082981946036	intensified	not_significant	9	9
Morus_004095-R1	20	286	0.3875727189376612	0.5930202601884957	0.4412535736914023	relaxed	not_significant	1	1
Morus_004097-R1	20	20	1.710722717501287	0.02162652731936987	0.8830849739778179	intensified	not_significant	9	9
Morus_004101-R1	20	238	4.140250036151061	1.10088345267377	0.2940723051693531	intensified	not_significant	9	9
Morus_004101-R1	20	238	0	1.757852510753764	0.1848925999578894	relaxed	not_significant	1	1
Morus_004103-R1	20	460	0.8532118758243457	-1.510034053353593E-8	1	relaxed	not_significant	9	9
Morus_004103-R1	20	460	1	-0.0002131151795765618	1	intensified	not_significant	0	1
Morus_004105-R1	20	323	0.3084646175259309	1.765190059380075	0.1839784690795914	relaxed	not_significant	9	9
Morus_004105-R1	20	323	12.94938633244897	2.56759896818312	0.1090731699274348	intensified	not_significant	1	1
Morus_004110-R1	20	388	7.541088750871455E-11	3.943252706500061	0.04705970147772209	relaxed	significant_relaxed	9	9
Morus_004110-R1	20	388	0.5233462115961854	0.7383326825838594	0.3901955033882799	relaxed	not_significant	1	1
Morus_004111-R1	20	226	1.035811445251704	0.00664354352375085	0.9350380143932243	intensified	not_significant	9	9
Morus_004111-R1	20	226	1.017397648583266	0.0003330342879053205	0.9854400316577131	intensified	not_significant	1	1
Morus_004129-R1	20	219	0.5909608198789722	0.4929362226448575	0.4826204383199558	relaxed	not_significant	9	9
Morus_004129-R1	20	219	0.4837062460872804	1.041241862389597	0.3075328234437228	relaxed	not_significant	1	1
Morus_004135-R1	20	305	0.2860133110147833	4.669464307482485	0.03070350296035973	relaxed	significant_relaxed	9	9
Morus_004135-R1	20	305	17.56215336090968	1.388265983889141	0.2386981518588599	intensified	not_significant	1	1
Morus_004138-R1	20	470	2.894512915546861	1.381872659423607	0.2397824227929505	intensified	not_significant	9	9
Morus_004138-R1	20	470	0.4642483131257221	1.071880385034092	0.3005210974072619	relaxed	not_significant	1	1
Morus_004143-R1	20	203	1.000196166042386	3.013915375049692E-7	0.9995619682743311	intensified	not_significant	9	9
Morus_004143-R1	20	203	35.74569098989381	3.785492044552029	0.05169870801325738	intensified	not_significant	1	1
Morus_004146-R1	20	188	1.696866037541112	0.4043624482101222	0.5248448633020322	intensified	not_significant	9	9
Morus_004146-R1	20	188	0	4.948596718845693	0.02611185484502909	relaxed	significant_relaxed	1	1
Morus_004153-R1	20	530	1.28214311453733	0.7157190045945754	0.3975517536963484	intensified	not_significant	9	9
Morus_004153-R1	20	530	15.66736316173676	0.2094647116618944	0.6471872813670329	intensified	not_significant	1	1
Morus_004157-R1	20	120	2.42595457234005	0.2406426898360223	0.6237423152479128	intensified	not_significant	9	9
Morus_004157-R1	20	120	12.36386662813119	0.385693473469928	0.5345718262816005	intensified	not_significant	1	1
Morus_004164-R1	20	323	0.7887252564228104	0.2202617066595849	0.6388405833844591	relaxed	not_significant	9	9
Morus_004164-R1	20	323	1	-0.000008420831363764592	1	intensified	not_significant	0	1
Morus_004171-R1	20	121	0.3417243539142684	0.6454820409355762	0.4217326143379518	relaxed	not_significant	9	9
Morus_004171-R1	20	121	1	-7.469029696949292E-7	1	intensified	not_significant	0	1
Morus_004175-R1	20	147	0.853211382772189	-3.456416379776783E-7	1	relaxed	not_significant	9	9
Morus_004175-R1	20	147	0.8532129287685402	-2.136857801815495E-9	1	relaxed	not_significant	1	1
Morus_004176-R1	20	249	0.9721219267843233	0.002565171765127161	0.9596063921095715	relaxed	not_significant	9	9
Morus_004176-R1	20	249	22.97680105590785	1.107289936442612	0.2926718158298304	intensified	not_significant	1	1
Morus_004181-R1	20	215	0.1422005401361822	8.809911953340361	0.002995984915698746	relaxed	significant_relaxed	9	9
Morus_004181-R1	20	215	0	1.534922543146877	0.2153751596334272	relaxed	not_significant	1	1
Morus_004184-R1	20	181	0.8693262357092506	0.06688092547574342	0.7959334912708992	relaxed	not_significant	9	9
Morus_004184-R1	20	181	1	-5.866427272849251E-7	1	intensified	not_significant	0	1
Morus_004197-R1	20	246	0.918498609581067	0.03612977766897529	0.8492477380335763	relaxed	not_significant	9	9
Morus_004197-R1	20	246	0	2.727406130477448	0.09863936964338904	relaxed	not_significant	1	1
Morus_004199-R1	20	279	0.1014752495032756	0.3132484892967113	0.5756935902266895	relaxed	not_significant	9	9
Morus_004199-R1	20	279	0	0.1669878395650812	0.6828028029145243	relaxed	not_significant	1	1
Morus_004267-R1	20	98	0.6628656163582803	0.4325339387960412	0.5107481954137492	relaxed	not_significant	9	9
Morus_004267-R1	20	98	1	-0.00004555762347990822	1	intensified	not_significant	0	1
Morus_004276-R1	20	278	0.3092187102363326	4.959119738693062	0.02595341559191056	relaxed	significant_relaxed	9	9
Morus_004276-R1	20	278	0.1484339785573312	1.235412332963278	0.2663570445257853	relaxed	not_significant	1	1
Morus_004281-R1	20	206	2.541355100593679	1.108046408397513	0.2925070106015254	intensified	not_significant	9	9
Morus_004281-R1	20	206	2.233109464200485	1.060301185995286	0.3031465015309007	intensified	not_significant	1	1
Morus_004288-R1	20	195	0.4137345415743749	1.281300209927394	0.2576574232442745	relaxed	not_significant	9	9
Morus_004288-R1	20	195	1	-0.000002504962139937561	1	intensified	not_significant	0	1
Morus_004328-R1	20	226	0.7697983917779487	0.4573183023280762	0.4988799422113076	relaxed	not_significant	9	9
Morus_004328-R1	20	226	1.134981671615567	0.03558429943359442	0.8503765386656097	intensified	not_significant	1	1
Morus_004337-R1	20	301	1.71091734052115	1.933937485157003	0.1643283073055961	intensified	not_significant	9	9
Morus_004337-R1	20	301	45.93740793236144	1.290551289271207	0.2559463799903797	intensified	not_significant	1	1
Morus_004358-R1	20	133	1.070648295218413	0.001741631763252371	0.9667116567591045	intensified	not_significant	9	9
Morus_004358-R1	20	133	0.000003299122355374266	2.223986313870228	0.135881814268299	relaxed	not_significant	1	1
Morus_004387-R1	20	632	1.47447332060097	3.460242008675777	0.06286111383197579	intensified	not_significant	9	9
Morus_004387-R1	20	632	0.9283841545467689	0.03410443876782665	0.8534848412826745	relaxed	not_significant	1	1
Morus_004390-R1	20	434	1.184341649088937	0.3122362355670703	0.5763111729389612	intensified	not_significant	9	9
Morus_004390-R1	20	434	1.024434144786317	0.00141555534901272	0.9699875784814257	intensified	not_significant	1	1
Morus_004402-R1	20	390	0.767130546296165	0.6707993201725913	0.4127730664600143	relaxed	not_significant	9	9
Morus_004402-R1	20	390	0.230940605415706	1.667404208211337	0.196606580454431	relaxed	not_significant	1	1
Morus_004429-R1	20	304	0.9421009456373627	0.008370959485546337	0.9271009096316705	relaxed	not_significant	9	9
Morus_004429-R1	20	304	1.459776126740975E-13	1.980261195066305	0.1593628931916009	relaxed	not_significant	1	1
Morus_004459-R1	20	487	1.303236952491835	0.2339270608999868	0.6286271375362932	intensified	not_significant	9	9
Morus_004459-R1	20	487	0.9539999606884925	0.002093861053253931	0.9635025557931841	relaxed	not_significant	1	1
Morus_004462-R3	20	171	1.141233533482072	0.02716456238704268	0.8690882166424152	intensified	not_significant	9	9
Morus_004462-R3	20	171	1	-0.001577052929405909	1	intensified	not_significant	0	1
Morus_004469-R1	20	353	0.894071873846896	0.08975013874169235	0.7644950430728503	relaxed	not_significant	9	9
Morus_004469-R1	20	353	0.7344600851879468	0.39904908074368	0.5275807601919527	relaxed	not_significant	1	1
Morus_004470-R1	20	383	1.615431971380149	3.10682299491782	0.07796490173602733	intensified	not_significant	9	9
Morus_004470-R1	20	383	9.460175171094669	0.3132316811561395	0.5757038342804839	intensified	not_significant	1	1
Morus_004495-R1	20	554	1.799382793195479	3.281681706510426	0.07005710951572808	intensified	not_significant	9	9
Morus_004495-R1	20	554	16.29233190474017	1.633859741756169	0.2011700222103675	intensified	not_significant	1	1
Morus_004506-R1	20	355	0.1501463881959816	7.250122872026623	0.007089616089580031	relaxed	significant_relaxed	9	9
Morus_004506-R1	20	355	0.8532130349707892	-8.251790859503672E-7	1	relaxed	not_significant	1	1
Morus_004510-R1	20	500	0.9975076563445463	0.00003276542793173576	0.9954328464608195	relaxed	not_significant	9	9
Morus_004510-R1	20	500	0.5015738857628181	0.02458206976461952	0.8754129539072832	relaxed	not_significant	1	1
Morus_004513-R1	20	276	16.81322675215893	2.380255597264295	0.1228774408953124	intensified	not_significant	9	9
Morus_004513-R1	20	276	38.86013498443961	1.428393333589611	0.2320268263922652	intensified	not_significant	1	1
Morus_004518-R1	20	358	0.6472637965166282	1.240430708053282	0.265388062086539	relaxed	not_significant	9	9
Morus_004518-R1	20	358	4.598143616610839	1.243387362615067	0.2648192238006095	intensified	not_significant	1	1
Morus_004519-R1	20	330	3.401707725738756	0.1909262968001713	0.6621467844642723	intensified	not_significant	9	9
Morus_004519-R1	20	330	21.3428978903586	4.158343883732869	0.04142989372453898	intensified	significant_intensified	1	1
Morus_004521-R1	20	329	0.382521131867717	5.107311701062827	0.02382520979275671	relaxed	significant_relaxed	9	9
Morus_004521-R1	20	329	10.73049851562772	0.870655164884738	0.3507739952162037	intensified	not_significant	1	1
Morus_004522-R1	20	262	0.01076585315931919	6.330678209716098	0.01186669290010545	relaxed	significant_relaxed	9	9
Morus_004522-R1	20	262	0.4299701612856744	0.445692473449526	0.5043876601748556	relaxed	not_significant	1	1
Morus_004532-R1	20	279	3.459227665100905	1.419520945006298	0.2334822693215536	intensified	not_significant	9	9
Morus_004532-R1	20	279	1.002522076420317	-0.001899743041576585	1	intensified	not_significant	1	1
Morus_004534-R1	20	219	2.332665332345592E-7	1.858562050340879	0.1727908521014789	relaxed	not_significant	9	9
Morus_004534-R1	20	219	0.5169204932519401	1.253995651843525	0.2627906994412449	relaxed	not_significant	1	1
Morus_004536-R1	20	260	1.053831283889741	0.00325119783565242	0.9545298400960628	intensified	not_significant	9	9
Morus_004536-R1	20	260	23.59447029820836	1.721287146026043	0.1895274453648784	intensified	not_significant	1	1
Morus_004540-R1	20	300	1.408348885277671	0.2825151538982027	0.5950574146850702	intensified	not_significant	9	9
Morus_004540-R1	20	300	1.240717301851882	0.3364288659122394	0.561897837267906	intensified	not_significant	1	1
Morus_004541-R1	20	172	2.037488683556138	0.4327686516871836	0.510633530915489	intensified	not_significant	9	9
Morus_004541-R1	20	172	1	-0.0004738877200907154	1	intensified	not_significant	0	1
Morus_004545-R1	20	255	0.2594715349995416	1.772879723022925	0.1830260918779332	relaxed	not_significant	9	9
Morus_004545-R1	20	255	11.2491188755951	1.064551136257251	0.302179466786089	intensified	not_significant	1	1
Morus_004547-R1	20	112	8.396316848572834	0.7017045527345545	0.4022115319719014	intensified	not_significant	9	9
Morus_004547-R1	20	112	1	-0.00002425469529043767	1	intensified	not_significant	0	1
Morus_004548-R1	20	176	0.6912768815553905	0.3012014447704132	0.583130201427377	relaxed	not_significant	9	9
Morus_004548-R1	20	176	0.6738774295127914	0.4790742741006397	0.4888419319124552	relaxed	not_significant	1	1
Morus_004553-R1	20	181	0.5706876642179468	1.347162240790112	0.245774831039938	relaxed	not_significant	9	9
Morus_004553-R1	20	181	0.07654053156586373	2.208694222046233	0.1372347875766009	relaxed	not_significant	1	1
Morus_004556-R1	20	827	0.8435794787292288	0.4202374280575896	0.5168185961004479	relaxed	not_significant	9	9
Morus_004556-R1	20	827	0.8740823893596656	0.04350571310169471	0.8347759438930371	relaxed	not_significant	1	1
Morus_004557-R1	20	390	0.7186895655247598	0.9222482682880582	0.336885342134314	relaxed	not_significant	9	9
Morus_004557-R1	20	390	1.327134207777599	0.2028326107520115	0.6524440939854388	intensified	not_significant	1	1
Morus_004563-R1	20	333	0.3084084450704618	2.910562076991482	0.08800120019072888	relaxed	not_significant	9	9
Morus_004563-R1	20	333	1.657304108298393	0.8278606612666408	0.3628918714832718	intensified	not_significant	1	1
Morus_004564-R1	20	304	0.8721288847224431	0.04031859632141277	0.8408589422646402	relaxed	not_significant	9	9
Morus_004564-R1	20	304	0.9604711346355592	0.006546552333929867	0.9355129166426281	relaxed	not_significant	1	1
Morus_004568-R1	20	317	1.076231027093149	0.004519467576301395	0.9464010024158621	intensified	not_significant	9	9
Morus_004568-R1	20	317	1	-0.0001017031972878613	1	intensified	not_significant	0	1
Morus_004571-R1	20	253	4.132131278977726	9.837729585708985	0.001709683896988556	intensified	significant_intensified	9	9
Morus_004571-R1	20	253	2.032610136336905	-0.0001499374602644821	1	intensified	not_significant	1	1
Morus_004573-R1	20	193	1.592182956124309	0.3138067802638034	0.5753535336750832	intensified	not_significant	9	9
Morus_004573-R1	20	193	1.587303315698208	0.08336821861576027	0.772783754803428	intensified	not_significant	1	1
Morus_004578-R1	20	348	1.110705037343346	0.03859269695203693	0.8442577761401013	intensified	not_significant	9	9
Morus_004578-R1	20	348	0.8532108484898732	-0.000001130233613366727	1	relaxed	not_significant	1	1
Morus_004579-R1	20	313	0.7540763977458196	0.4956400119008322	0.4814221534086208	relaxed	not_significant	9	9
Morus_004579-R1	20	313	4.225649231198164	7.283582179326004	0.006958763112476785	intensified	significant_intensified	1	1
Morus_004580-R1	20	529	0.4976871798252712	2.807374321577299	0.09383183795131933	relaxed	not_significant	9	9
Morus_004580-R1	20	529	0.9031220336819239	0.05781755143743794	0.8099792462139437	relaxed	not_significant	1	1
Morus_004581-R1	20	335	0.3085889530345801	7.822999452773729	0.005158551376530096	relaxed	significant_relaxed	9	9
Morus_004581-R1	20	335	0.8678429675326496	-0.001234559060321772	1	relaxed	not_significant	1	1
Morus_004583-R4	20	293	2.111311230466042	0.8511713805319232	0.3562211710572499	intensified	not_significant	9	9
Morus_004583-R4	20	293	0.1669794967757154	4.22592632904707	0.03981088269589106	relaxed	significant_relaxed	1	1
Morus_004586-R1	20	308	10.20254193319415	0.4703490628371583	0.4928266271895804	intensified	not_significant	9	9
Morus_004586-R1	20	308	0.6965930984343753	0.2715501469720039	0.6022938112262909	relaxed	not_significant	1	1
Morus_004588-R2	20	579	1.21039664132802	0.07910004753739486	0.7785207228281161	intensified	not_significant	9	9
Morus_004588-R2	20	579	0.4631012525496335	1.370268110222241	0.2417658240689111	relaxed	not_significant	1	1
Morus_004589-R1	20	507	0.2211383084771059	0.8523559677923913	0.3558866992767783	relaxed	not_significant	9	9
Morus_004589-R1	20	507	0	2.621758057741317	0.1054075977618193	relaxed	not_significant	1	1
Morus_004596-R1	20	886	0.0932827152789167	1.102775083498273	0.2936578951987387	relaxed	not_significant	9	9
Morus_004596-R1	20	886	0.4899279420493304	0.3800829187493946	0.5375588630212588	relaxed	not_significant	1	1
Morus_004603-R1	20	307	0.2429572151273148	1.591278054874238	0.2071436305092892	relaxed	not_significant	9	9
Morus_004603-R1	20	307	0.1334715918885882	1.402426685087448	0.2363176867772355	relaxed	not_significant	1	1
Morus_004605-R1	20	891	1.004914041593765	0.0008623204339528456	0.9765732530226311	intensified	not_significant	9	9
Morus_004605-R1	20	891	0.3507960911341312	1.279808063471137	0.2579347257490793	relaxed	not_significant	1	1
Morus_004606-R1	20	377	0.8213958228211391	0.5975716219318201	0.4395060652168605	relaxed	not_significant	9	9
Morus_004606-R1	20	377	0.8544692135433068	-0.0001933248231580365	1	relaxed	not_significant	1	1
Morus_004607-R1	20	404	3.353801317068732	1.128646012110039	0.2880643313464248	intensified	not_significant	9	9
Morus_004607-R1	20	404	1.47608445658047E-8	3.487500531665319	0.06183387815238839	relaxed	not_significant	1	1
Morus_004609-R1	20	498	0.4312649045266561	4.525803464905039	0.03338739472525243	relaxed	significant_relaxed	9	9
Morus_004609-R1	20	498	0.7069883296501147	0.4872882631098037	0.4851394482583185	relaxed	not_significant	1	1
Morus_004613-R1	20	337	1.607223009500606	0.6768393267675492	0.4106772198893001	intensified	not_significant	9	9
Morus_004613-R1	20	337	0.6993998583433316	0.2022579438698813	0.6529044386903704	relaxed	not_significant	1	1
Morus_004618-R1	20	650	0.8238923903718385	0.237851374753518	0.6257622902396586	relaxed	not_significant	9	9
Morus_004618-R1	20	650	0.4578209893465428	0.200378597010058	0.654415426858425	relaxed	not_significant	1	1
Morus_004621-R1	20	383	14.83125109855059	4.468381804995261	0.03452767706052673	intensified	significant_intensified	9	9
Morus_004621-R1	20	383	0.3945138072455371	1.022526027033564	0.3119205769658744	relaxed	not_significant	1	1
Morus_004622-R1	20	167	0.5132094111170439	1.594659102301648	0.2066617391157803	relaxed	not_significant	9	9
Morus_004622-R1	20	167	0	4.157511590678951	0.04145025782994427	relaxed	significant_relaxed	1	1
Morus_004623-R1	20	867	0.8330707161713015	0.1964171779654862	0.6576284730782421	relaxed	not_significant	9	9
Morus_004623-R1	20	867	1.204066394900513	0.1172671930598881	0.7320175497528436	intensified	not_significant	1	1
Morus_004627-R1	20	693	0.3173291704895231	3.585067801639525	0.05830103755301408	relaxed	not_significant	9	9
Morus_004627-R1	20	693	10.65726730895518	1.243919312326398	0.2647170416383706	intensified	not_significant	1	1
Morus_004632-R1	20	228	1.811714136331918	0.05420630418620931	0.8158992610690208	intensified	not_significant	9	9
Morus_004632-R1	20	228	50	10.93559624840464	0.0009433412158960097	intensified	significant_intensified	1	1
Morus_004638-R1	20	374	1.249486769348807	0.3019847970381306	0.5826407986228712	intensified	not_significant	9	9
Morus_004638-R1	20	374	0.7497933523065083	0.3294624398877204	0.5659757945444412	relaxed	not_significant	1	1
Morus_004645-R1	20	326	0.3401651519677334	1.538936802893659	0.2147761293740099	relaxed	not_significant	9	9
Morus_004645-R1	20	326	1.000185952508137	-0.000470877523184754	1	intensified	not_significant	1	1
Morus_004652-R1	20	691	0.6414070702547965	0.2673488452492165	0.6051157592313938	relaxed	not_significant	9	9
Morus_004652-R1	20	691	0.2889197526858415	1.447453361308362	0.228937022240718	relaxed	not_significant	1	1
Morus_004659-R1	20	273	1.204528221418091	0.0709124939812682	0.7900127943123456	intensified	not_significant	9	9
Morus_004659-R1	20	273	0.09521305594198333	1.478471879955123	0.2240137640489533	relaxed	not_significant	1	1
Morus_004660-R1	20	566	0.9945259898136876	0.0003511504401103593	0.9850493094180462	relaxed	not_significant	9	9
Morus_004660-R1	20	566	6.092916637933688	2.012860172186265	0.1559710295917093	intensified	not_significant	1	1
Morus_004666-R1	20	495	0.6363212172671713	0.9271318026549125	0.3356093351394548	relaxed	not_significant	9	9
Morus_004666-R1	20	495	0.06145569953582688	0.2884499576475719	0.5912155502873679	relaxed	not_significant	1	1
Morus_004670-R1	20	463	1.138334666034566	0.1814183013930233	0.6701571974470635	intensified	not_significant	9	9
Morus_004670-R1	20	463	14.29387375552487	1.119739412013587	0.2899745722468982	intensified	not_significant	1	1
Morus_004681-R1	20	267	4.677968346389627	33.57044600710651	6.872910462973891E-9	intensified	significant_intensified	9	9
Morus_004681-R1	20	267	50	20.01988131927828	0.000007664116721151082	intensified	significant_intensified	1	1
Morus_004683-R1	20	107	0.2891651564441434	2.591063048155775	0.1074681848843373	relaxed	not_significant	9	9
Morus_004683-R1	20	107	1	-2.30800424105837E-7	1	intensified	not_significant	0	1
Morus_004684-R1	20	539	0.7970584906895761	0.3905328618366184	0.5320194399413862	relaxed	not_significant	9	9
Morus_004684-R1	20	539	0.5368212661209012	0.1579750356850127	0.6910277360616772	relaxed	not_significant	1	1
Morus_004686-R1	20	300	1.187499067644125	0.2427461877796304	0.6222296711339095	intensified	not_significant	9	9
Morus_004686-R1	20	300	1.0577747352059	0.009042553681865684	0.9242414799875399	intensified	not_significant	1	1
Morus_004687-R1	20	645	0.83669653063621	0.05561212209431687	0.8135706209569447	relaxed	not_significant	9	9
Morus_004687-R1	20	645	1.113310304880405E-8	11.40076757234419	0.0007341376651816001	relaxed	significant_relaxed	1	1
Morus_004693-R1	20	202	1.132543557627627	0.09861084703743472	0.7535030834959314	intensified	not_significant	9	9
Morus_004693-R1	20	202	1	-0.0003509335583657958	1	intensified	not_significant	0	1
Morus_004694-R1	20	488	0.5696516082012556	2.041667547926409	0.1530417955777279	relaxed	not_significant	9	9
Morus_004694-R1	20	488	0.9909528002415456	0.00004078960409970023	0.9949042061061638	relaxed	not_significant	1	1
Morus_004696-R1	20	582	0.264239417497079	6.215658968911157	0.01266252109513433	relaxed	significant_relaxed	9	9
Morus_004696-R1	20	582	0.06492322411667745	4.406985659808925	0.03579203358413041	relaxed	significant_relaxed	1	1
Morus_004704-R1	20	149	1.293382490485148E-7	2.750981893509561	0.09719472390689898	relaxed	not_significant	9	9
Morus_004704-R1	20	149	37.63876074900976	0.9532964323850592	0.3288816358776783	intensified	not_significant	1	1
Morus_004708-R1	20	405	0.853213136186279	-8.84126166056376E-7	1	relaxed	not_significant	9	9
Morus_004708-R1	20	405	0.8532109474825756	-6.191203283378854E-8	1	relaxed	not_significant	1	1
Morus_004711-R1	20	921	1.519823707749939	1.765799001183041	0.1839028414644676	intensified	not_significant	9	9
Morus_004711-R1	20	921	0.1727560897279624	2.177525972956573	0.1400394176827515	relaxed	not_significant	1	1
Morus_004719-R1	20	375	0.835039028169739	0.1561129287274525	0.6927607597343142	relaxed	not_significant	9	9
Morus_004719-R1	20	375	0.3898570863386326	0.9261753538166886	0.3358587330817377	relaxed	not_significant	1	1
Morus_004721-R1	20	683	0.2939412781409712	3.562273201630887	0.05910674303140795	relaxed	not_significant	9	9
Morus_004721-R1	20	683	1.515344407337139	0.75512943018839	0.3848570663057821	intensified	not_significant	1	1
Morus_004735-R1	20	415	0.820905807778715	0.4070798590701088	0.5234553870630552	relaxed	not_significant	9	9
Morus_004735-R1	20	415	0.8532134919225267	-0.00002390969348198269	1	relaxed	not_significant	1	1
Morus_004736-R1	20	219	0.3227382013742786	2.256433427023239	0.1330601960838874	relaxed	not_significant	9	9
Morus_004736-R1	20	219	1.119652050896665	0.01592897587852349	0.8995656588830117	intensified	not_significant	1	1
Morus_004738-R1	20	841	1.645098391187217	2.672450043017307	0.1020987414826604	intensified	not_significant	9	9
Morus_004738-R1	20	841	0.8887992268645808	0.03340291548556706	0.8549826904690827	relaxed	not_significant	1	1
Morus_004740-R1	20	804	2.815313311680437	0.4278778367151972	0.5130321028910745	intensified	not_significant	9	9
Morus_004740-R1	20	804	1.072768413136762	0.01811652816650167	0.8929299974431898	intensified	not_significant	1	1
Morus_004743-R1	20	238	0.4476081000318655	3.066542421120175	0.07991928391297909	relaxed	not_significant	9	9
Morus_004743-R1	20	238	14.54522234966112	1.109662060723167	0.2921554208798498	intensified	not_significant	1	1
Morus_004744-R1	20	630	1.423869612144339E-9	22.16345086553974	0.000002503954666277508	relaxed	significant_relaxed	9	9
Morus_004744-R1	20	630	10.62952975886439	3.017463938249421	0.08237218682792291	intensified	not_significant	1	1
Morus_004745-R1	20	307	0.7208966099318364	0.3171574612424592	0.5733209351699822	relaxed	not_significant	9	9
Morus_004745-R1	20	307	7.230593484558816	1.386305914353215	0.2390299342280353	intensified	not_significant	1	1
Morus_004750-R1	20	261	1.380638882022231	0.2624964403039485	0.6084102311198002	intensified	not_significant	9	9
Morus_004750-R1	20	261	0.6949494553118203	0.4489153665708727	0.5028504800279863	relaxed	not_significant	1	1
Morus_004753-R1	20	285	0.9536753068960975	0.006297649358202762	0.9367480889023083	relaxed	not_significant	9	9
Morus_004753-R1	20	285	0.8493654879139498	0.01586452499395818	0.899767976201335	relaxed	not_significant	1	1
Morus_004755-R1	20	193	0.34947280357771	1.073935500664902	0.3000581984495267	relaxed	not_significant	9	9
Morus_004755-R1	20	193	28.62515320317385	0.8385924611993687	0.359799638167866	intensified	not_significant	1	1
Morus_004757-R1	20	223	1.24954067580957	0.126795577892608	0.7217779085301773	intensified	not_significant	9	9
Morus_004757-R1	20	223	0.3456166430981554	0.6729934145796506	0.4120099092377848	relaxed	not_significant	1	1
Morus_004760-R1	20	347	0.9114513562917026	0.01878811174628936	0.8909756760804246	relaxed	not_significant	9	9
Morus_004760-R1	20	347	0	4.918961758821752	0.02656347579399609	relaxed	significant_relaxed	1	1
Morus_004761-R1	20	333	3.310162701231515	2.288946603373915	0.1302983290547243	intensified	not_significant	9	9
Morus_004761-R1	20	333	0.09569753118076134	1.818360926517016	0.1775085041494651	relaxed	not_significant	1	1
Morus_004763-R1	20	385	0.7631888176744202	0.552192799101249	0.4574230993628787	relaxed	not_significant	9	9
Morus_004763-R1	20	385	0.09237006245327158	0.5603378741307097	0.4541241400293213	relaxed	not_significant	1	1
Morus_004767-R1	20	370	2.671877585032325	0.0187455249224513	0.8910985373220555	intensified	not_significant	9	9
Morus_004767-R1	20	370	6.584149488185319	4.129189302306258	0.04214953841281854	intensified	significant_intensified	1	1
Morus_004776-R1	20	192	0.8532128196476413	-6.705249688820913E-7	1	relaxed	not_significant	9	9
Morus_004776-R1	20	192	0.8532123161805089	-1.860662450781092E-7	1	relaxed	not_significant	1	1
Morus_004778-R1	20	185	0.8544680559835564	-0.00004110422423764248	1	relaxed	not_significant	9	9
Morus_004778-R1	20	185	1	-8.014453669602517E-7	1	intensified	not_significant	0	1
Morus_004779-R1	20	279	4.702951415674538	4.776782016782818	0.02884597725845972	intensified	significant_intensified	9	9
Morus_004779-R1	20	279	0.000002590474144581445	2.282888044757783	0.1308080927320201	relaxed	not_significant	1	1
Morus_004783-R1	20	584	0.8929070639722024	0.1466997110837838	0.7017093963993879	relaxed	not_significant	9	9
Morus_004783-R1	20	584	0	6.107149212200966	0.01346361213571368	relaxed	significant_relaxed	1	1
Morus_004789-R1	20	234	6.90238314067761	1.900080762580728	0.168069279479871	intensified	not_significant	9	9
Morus_004789-R1	20	234	0.9697183014814298	0.01301302852334629	0.9091786078435664	relaxed	not_significant	1	1
Morus_004790-R1	20	190	1.448164749198718	0.269272350850315	0.6038203036086504	intensified	not_significant	9	9
Morus_004790-R1	20	190	6.484993061705792E-16	1.37138803491689	0.2415735432862133	relaxed	not_significant	1	1
Morus_004792-R1	20	210	1.667339675302274	0.2379081186454641	0.625721080912643	intensified	not_significant	9	9
Morus_004792-R1	20	210	11.94190588742147	1.650536319435105	0.1988859509378025	intensified	not_significant	1	1
Morus_004797-R1	20	41	1.705338816618404	0.8060365732086439	0.3692946396609164	intensified	not_significant	9	9
Morus_004797-R1	20	41	0	1.160903706415525	0.2812781985704129	relaxed	not_significant	1	1
Morus_004799-R1	20	456	0.6753270370962557	1.042793120823262	0.3071727545906638	relaxed	not_significant	9	9
Morus_004799-R1	20	456	4.709125260882312	2.771569421780441	0.09595204175073135	intensified	not_significant	1	1
Morus_004802-R1	20	1176	2.30461023872863	2.674581488012336	0.101962127141182	intensified	not_significant	9	9
Morus_004802-R1	20	1176	50	4.774955202363344	0.02887659771370865	intensified	significant_intensified	1	1
Morus_004814-R8	20	702	1.171369741252142	0.1768949044617329	0.6740554033197752	intensified	not_significant	9	9
Morus_004814-R8	20	702	0.1466179014695569	2.880912879187235	0.08963519307985757	relaxed	not_significant	1	1
Morus_004816-R1	20	884	0.1459176109573594	4.625775145916123	0.03149502722384079	relaxed	significant_relaxed	9	9
Morus_004816-R1	20	884	0.07344692371919941	1.9052221295442	0.1674949595556622	relaxed	not_significant	1	1
Morus_004817-R1	20	300	0.9111589780259186	0.1239466867555166	0.7247927937384022	relaxed	not_significant	9	9
Morus_004817-R1	20	300	3.627645983351673	1.713375456703034	0.1905480073681932	intensified	not_significant	1	1
Morus_004819-R1	20	1617	1.91078288006057	2.813223941502656	0.09349032037371541	intensified	not_significant	9	9
Morus_004819-R1	20	1617	1.30930114752786	0.9205127630157222	0.3373403735122422	intensified	not_significant	1	1
Morus_004822-R1	20	640	1.639089925912252	0.2617213447756512	0.6089400267095294	intensified	not_significant	9	9
Morus_004822-R1	20	640	0.1002857203302323	0.5768154252582463	0.4475632868190483	relaxed	not_significant	1	1
Morus_004826-R1	20	429	0.4716508961074194	2.217948760388026	0.1364141963034147	relaxed	not_significant	9	9
Morus_004826-R1	20	429	0.2069354370143529	1.998501880562799	0.1574547646538415	relaxed	not_significant	1	1
Morus_004827-R1	20	464	1.22325314968304	0.1509630188766096	0.6976167565797158	intensified	not_significant	9	9
Morus_004827-R1	20	464	2.028846608327999	-0.000009165390110865701	1	intensified	not_significant	1	1
Morus_004828-R1	20	393	1.001815490535647	0.00002444833262416068	0.996054855502289	intensified	not_significant	9	9
Morus_004828-R1	20	393	1.293975597011309E-15	0.7228360039380277	0.3952152212181236	relaxed	not_significant	1	1
Morus_004833-R1	20	389	1.768455099525834	2.153068201057067	0.1422852992938862	intensified	not_significant	9	9
Morus_004833-R1	20	389	0.09821976465439908	2.000027969357689	0.1572963045768548	relaxed	not_significant	1	1
Morus_004834-R1	20	211	6.605211141600392	22.38298569878498	0.000002233438624821282	intensified	significant_intensified	9	9
Morus_004834-R1	20	211	1	-0.0008254375998149044	1	intensified	not_significant	0	1
Morus_004839-R1	20	210	1.395567398609584	0.7847778276463941	0.375683881730016	intensified	not_significant	9	9
Morus_004839-R1	20	210	1	-0.000005231773229752434	1	intensified	not_significant	0	1
Morus_004849-R1	20	213	2.54846521169495	1.858103945928178	0.1728437917301906	intensified	not_significant	9	9
Morus_004849-R1	20	213	1	-3.092313818342518E-7	1	intensified	not_significant	0	1
Morus_004850-R1	20	230	0.3743484686771975	4.253011154991327	0.03918080095581133	relaxed	significant_relaxed	9	9
Morus_004850-R1	20	230	0.2188354634943868	0.7380629249842059	0.3902820997740761	relaxed	not_significant	1	1
Morus_004854-R1	20	594	1.578604754986716	2.694437546786503	0.1006990186305469	intensified	not_significant	9	9
Morus_004854-R1	20	594	21.68062034876766	1.726704599688674	0.1888322983953269	intensified	not_significant	1	1
Morus_004872-R1	20	380	0.8265003342969224	0.3333026651644104	0.563720800323473	relaxed	not_significant	9	9
Morus_004872-R1	20	380	9.1814784458253E-7	1.646312010392649	0.1994616304463458	relaxed	not_significant	1	1
Morus_004875-R1	20	474	0.4284841640765927	2.274584899173533	0.1315103319743	relaxed	not_significant	9	9
Morus_004875-R1	20	474	22.97579158420873	3.354887554344714	0.06700578686707315	intensified	not_significant	1	1
Morus_004876-R1	20	1346	1.36436887441686	0.9405241487474996	0.332143080516781	intensified	not_significant	9	9
Morus_004876-R1	20	1346	0.88263033408358	0.1610050766175846	0.6882328481768862	relaxed	not_significant	1	1
Morus_004877-R1	20	297	1.43502657791318	0.5508138195846186	0.4579853585006175	intensified	not_significant	9	9
Morus_004877-R1	20	297	0.7173499084489546	0.2108235921414234	0.646122645473421	relaxed	not_significant	1	1
Morus_004882-R1	20	258	0.9390875982986022	0.006854788418422686	0.9340156186619534	relaxed	not_significant	9	9
Morus_004882-R1	20	258	2.524515985749496	1.741352444611948	0.1869675543449096	intensified	not_significant	1	1
Morus_004883-R1	20	390	0.5541947272966193	1.542965130999619	0.2141769904944344	relaxed	not_significant	9	9
Morus_004883-R1	20	390	1.05182857505917	0.008748523720896628	0.9254797028004236	intensified	not_significant	1	1
Morus_004884-R1	20	355	1.934713522290512	3.040233363868538	0.08122423969418091	intensified	not_significant	9	9
Morus_004884-R1	20	355	1.673865943251357	2.543492736720509	0.1107495547188041	intensified	not_significant	1	1
Morus_004888-R1	20	369	0.2641348822974271	0.4693577267453293	0.4932827927718704	relaxed	not_significant	9	9
Morus_004888-R1	20	369	0.4038141804102588	1.963635395337405	0.1611250526313697	relaxed	not_significant	1	1
Morus_004897-R1	20	637	1.348440536563027	0.4811838402547437	0.4878865744821045	intensified	not_significant	9	9
Morus_004897-R1	20	637	0.7117184219525329	0.2881722985566739	0.5913941518728153	relaxed	not_significant	1	1
Morus_004898-R1	20	290	0.2004757361635839	3.307638078572836	0.06895853834724608	relaxed	not_significant	9	9
Morus_004898-R1	20	290	6.093329859100283E-7	0.9695425017762318	0.3247943041871376	relaxed	not_significant	1	1
Morus_004911-R1	20	165	1.313275819377903	0.2373910848605192	0.6260967933423831	intensified	not_significant	9	9
Morus_004911-R1	20	165	23.7823205244054	0.3125813922024463	0.5761004431354773	intensified	not_significant	1	1
Morus_004912-R1	20	386	1.478765070768413	1.452092279774661	0.22819252510538	intensified	not_significant	9	9
Morus_004912-R1	20	386	1.044038245334378	0.01363942214084091	0.9070281035173218	intensified	not_significant	1	1
Morus_004914-R2	20	277	0.5828437810164077	1.906033536059113	0.1674045263980992	relaxed	not_significant	9	9
Morus_004914-R2	20	277	0.8083102330415386	0.07067288766029378	0.7903595645787936	relaxed	not_significant	1	1
Morus_004918-R1	20	375	0.3081601767985849	6.531630144949304	0.01059727932562171	relaxed	significant_relaxed	9	9
Morus_004918-R1	20	375	4.986062306342445	2.157005752272198	0.1419210080227116	intensified	not_significant	1	1
Morus_004920-R1	20	309	0.9748505522958598	0.001670895316237875	0.9673942831866914	relaxed	not_significant	9	9
Morus_004920-R1	20	309	0.5698356718757273	0.4629401100255564	0.4962531050340174	relaxed	not_significant	1	1
Morus_004922-R1	20	317	1.652277454907921	1.17176863095483	0.2790381323615788	intensified	not_significant	9	9
Morus_004922-R1	20	317	0.2010770810176935	0.456705745781619	0.4991675850535808	relaxed	not_significant	1	1
Morus_004923-R1	20	393	0.8915732309963685	0.09748950555513147	0.7548633823631377	relaxed	not_significant	9	9
Morus_004923-R1	20	393	0.1491197994496561	3.784337914109528	0.05173437390308	relaxed	not_significant	1	1
Morus_004924-R1	20	273	2.389093278188015	2.290631575626321	0.1301569504384812	intensified	not_significant	9	9
Morus_004924-R1	20	273	1.815453385687516	1.608342200117477	0.2047249943752087	intensified	not_significant	1	1
Morus_004925-R1	20	381	0.9979302576245095	0.00009097292786464095	0.9923899140333844	relaxed	not_significant	9	9
Morus_004925-R1	20	381	0.8718913236078046	0.2388223291563918	0.6250579875006904	relaxed	not_significant	1	1
Morus_004927-R2	20	314	1.805904952348169	3.674155270139636	0.05526224996008278	intensified	not_significant	9	9
Morus_004927-R2	20	314	0	5.531979300912099	0.01867197136226639	relaxed	significant_relaxed	1	1
Morus_004933-R1	20	267	0.229973545109508	2.549939840611842	0.1102984551016115	relaxed	not_significant	9	9
Morus_004933-R1	20	267	1	-0.007312223696317233	1	intensified	not_significant	0	1
Morus_004935-R1	20	183	0.970555799967432	0.002348689952214045	0.9613470247059037	relaxed	not_significant	9	9
Morus_004935-R1	20	183	0.4168981784209922	0.02597996556414728	0.8719492552477026	relaxed	not_significant	1	1
Morus_004937-R1	20	506	1.224782718904049	0.3102815467455002	0.5775074684312522	intensified	not_significant	9	9
Morus_004937-R1	20	506	2.461527912072628	0.1680125709490312	0.6818841725567844	intensified	not_significant	1	1
Morus_004944-R1	20	462	1.586050756764323	0.3313336767287183	0.5648748242478459	intensified	not_significant	9	9
Morus_004944-R1	20	462	1.857594377040953	0.8569981561904569	0.3545801019554552	intensified	not_significant	1	1
Morus_004952-R1	20	397	0.486254468183601	2.428825454378966	0.1191221240406983	relaxed	not_significant	9	9
Morus_004952-R1	20	397	0	3.062243238561678	0.08013097347819764	relaxed	not_significant	1	1
Morus_004955-R1	20	185	0.006923844087070512	29.45578883321468	5.72069108750739E-8	relaxed	significant_relaxed	9	9
Morus_004955-R1	20	185	1.260376789487125E-9	5.164877859128865	0.02304807827954958	relaxed	significant_relaxed	1	1
Morus_004956-R2	20	253	0.3150655919321529	2.407361719189794	0.1207657437529428	relaxed	not_significant	9	9
Morus_004956-R2	20	253	1	-0.0003242150391997711	1	intensified	not_significant	0	1
Morus_004957-R1	20	401	1.372935296602197	0.9358828079730301	0.3333389322660623	intensified	not_significant	9	9
Morus_004957-R1	20	401	0.06739835905360579	5.109188933407495	0.02379944364039888	relaxed	significant_relaxed	1	1
Morus_004960-R1	20	525	1.065371312039546	0.0409450913693945	0.8396439467743997	intensified	not_significant	9	9
Morus_004960-R1	20	525	2.349319371993398E-15	3.885028184630755	0.04871844473996678	relaxed	significant_relaxed	1	1
Morus_004963-R1	20	486	0.8925522297830886	0.1010959491122776	0.7505183952337611	relaxed	not_significant	9	9
Morus_004963-R1	20	486	1.10090286944169	0.05071729036535544	0.8218198027993637	intensified	not_significant	1	1
Morus_004969-R1	20	318	0.5132165915578064	0.4869716876328312	0.4852812840987237	relaxed	not_significant	9	9
Morus_004969-R1	20	318	0.8272948741862477	0.1135112218926224	0.7361815315601301	relaxed	not_significant	1	1
Morus_004972-R1	20	525	2.144743731605227	3.730613232401083	0.0534237765197475	intensified	not_significant	9	9
Morus_004972-R1	20	525	0.5172058026655662	0.03086381961929874	0.8605445498491575	relaxed	not_significant	1	1
Morus_004974-R2	20	351	1.294646567795936	0.1545030295701508	0.69426871610476	intensified	not_significant	9	9
Morus_004974-R2	20	351	1.148161027439978	0.09979072806254408	0.7520809132164444	intensified	not_significant	1	1
Morus_004980-R1	20	814	1.079693326852215	0.236340263607417	0.6268619554168711	intensified	not_significant	9	9
Morus_004980-R1	20	814	0.1416554044943936	0.5223257915513386	0.4698512483226769	relaxed	not_significant	1	1
Morus_004982-R1	20	359	0.1276151898826076	8.248677616912573	0.004078169955652244	relaxed	significant_relaxed	9	9
Morus_004982-R1	20	359	0.00000355048579693308	5.633901114802939	0.01761638441678781	relaxed	significant_relaxed	1	1
Morus_004996-R1	20	302	1.537891223194778	0.8070880047544051	0.3689825859316221	intensified	not_significant	9	9
Morus_004996-R1	20	302	2.873141439133619	0.4182757384505749	0.5177986735549941	intensified	not_significant	1	1
Morus_005000-R1	20	396	0.3593208301376051	2.087444991020675	0.1485142703980735	relaxed	not_significant	9	9
Morus_005000-R1	20	396	0.4237348495678925	1.480107439590029	0.2237577132026305	relaxed	not_significant	1	1
Morus_005013-R6	20	464	3.31350637806229	0.7430422847110094	0.3886880653903868	intensified	not_significant	9	9
Morus_005013-R6	20	464	0.207444149595345	2.337023668573238	0.1263307223522937	relaxed	not_significant	1	1
Morus_005017-R1	20	354	0.397283217401087	0.52737237357087	0.4677136679188617	relaxed	not_significant	9	9
Morus_005017-R1	20	354	0.1813872669945087	1.720414926936428	0.1896396435858386	relaxed	not_significant	1	1
Morus_005018-R1	20	565	3.204717257408348	2.007857297163355	0.1564861982058544	intensified	not_significant	9	9
Morus_005018-R1	20	565	1.122934538881806	0.03047946880178642	0.8614067562816203	intensified	not_significant	1	1
Morus_005019-R1	20	407	1.342256524650253	0.6329323973332066	0.4262817272030037	intensified	not_significant	9	9
Morus_005019-R1	20	407	3.121806581680461E-7	1.530148333285979	0.2160901839896181	relaxed	not_significant	1	1
Morus_005025-R1	20	194	1.14207915976886	0.2590313024047646	0.6107864453403309	intensified	not_significant	9	9
Morus_005025-R1	20	194	37.59568427963563	5.679124635743392	0.01716793106498404	intensified	significant_intensified	1	1
Morus_005040-R1	20	238	1.338657269202866	0.3626341061089988	0.5470469474841668	intensified	not_significant	9	9
Morus_005040-R1	20	238	1.303154259987874	0.6596358575566228	0.41668852872884	intensified	not_significant	1	1
Morus_005047-R1	20	258	1.380463182510702	0.5210661809951489	0.470387233623409	intensified	not_significant	9	9
Morus_005047-R1	20	258	14.25775067695843	1.214401621722573	0.2704621407943439	intensified	not_significant	1	1
Morus_005051-R1	20	119	7.255515854559418E-11	6.416280674991867	0.01130787466754668	relaxed	significant_relaxed	9	9
Morus_005051-R1	20	119	4.491773544895025E-7	3.355677760152957	0.06697363580226035	relaxed	not_significant	1	1
Morus_005056-R1	20	975	1.106973617016299	0.03500281114793324	0.8515897688465599	intensified	not_significant	9	9
Morus_005056-R1	20	975	0.209069923143615	10.50774545093736	0.001188752055817588	relaxed	significant_relaxed	1	1
Morus_005058-R1	20	257	0.5381075187961102	3.386167015453339	0.06574562038078602	relaxed	not_significant	9	9
Morus_005058-R1	20	257	0	0.7087369574228433	0.3998634305882216	relaxed	not_significant	1	1
Morus_005062-R1	20	241	0.8017306206317006	0.1793073433104837	0.6719691756857298	relaxed	not_significant	9	9
Morus_005062-R1	20	241	0	2.812650399222548	0.09352374556843679	relaxed	not_significant	1	1
Morus_005064-R1	20	506	1.542655584453243	0.3723376602956705	0.541732792295152	intensified	not_significant	9	9
Morus_005064-R1	20	506	0.8532133153195434	-0.0000114102840598207	1	relaxed	not_significant	1	1
Morus_005065-R1	20	659	1.219445249528288	0.1811924100838951	0.6703504985524553	intensified	not_significant	9	9
Morus_005065-R1	20	659	0.08770240634696232	1.404900431833084	0.2359047988071098	relaxed	not_significant	1	1
Morus_005066-R1	20	194	7.838176203132076	3.469689826120884	0.06250302974297561	intensified	not_significant	9	9
Morus_005066-R1	20	194	1	-0.00315944040676186	1	intensified	not_significant	0	1
Morus_005067-R1	20	509	1.405052433881674	0.9265154138647631	0.3357700326229732	intensified	not_significant	9	9
Morus_005067-R1	20	509	0.4604072482297604	1.499843748127205	0.2206954054497617	relaxed	not_significant	1	1
Morus_005068-R1	20	268	0.6609663465725099	0.8551521817453249	0.3550988847374685	relaxed	not_significant	9	9
Morus_005068-R1	20	268	1.561545242993855	0.7570513691398446	0.3842528673130179	intensified	not_significant	1	1
Morus_005073-R1	20	254	0.8048985283707342	0.008856745069351746	0.9250215532441755	relaxed	not_significant	9	9
Morus_005073-R1	20	254	1.441934956899684	0.2215052913370528	0.6378953478286007	intensified	not_significant	1	1
Morus_005081-R1	20	136	1.699563295524469	1.272312988546673	0.2593332129802487	intensified	not_significant	9	9
Morus_005081-R1	20	136	10.65743034243321	1.268594767496779	0.2600304662222149	intensified	not_significant	1	1
Morus_005083-R1	20	455	0.5972810698626337	0.865254327659386	0.3522724705416742	relaxed	not_significant	9	9
Morus_005083-R1	20	455	0.8402398081375712	0.1340148801245959	0.7143050612020876	relaxed	not_significant	1	1
Morus_005090-R1	20	188	0.623137772389845	1.464433721164369	0.2262259848477383	relaxed	not_significant	9	9
Morus_005090-R1	20	188	1.096033128086358	0.0207305145686405	0.8855155109298638	intensified	not_significant	1	1
Morus_005098-R1	20	339	7.902100032806824	4.34795570921051	0.03705339811500663	intensified	significant_intensified	9	9
Morus_005098-R1	20	339	0.5475495849873169	4.817759121413474	0.02816794257056121	relaxed	significant_relaxed	1	1
Morus_005100-R1	20	209	1.239220938926722	0.277853688416144	0.5981114484139312	intensified	not_significant	9	9
Morus_005100-R1	20	209	1	-0.0000756130029913038	1	intensified	not_significant	0	1
Morus_005105-R1	20	87	50	1.14291303449545	0.2850376291970028	intensified	not_significant	9	9
Morus_005105-R1	20	87	2.218906683511611	0.3871830271511953	0.5337838512883394	intensified	not_significant	1	1
Morus_005107-R1	20	363	3.249566905421994	2.43397904421181	0.1187311755873891	intensified	not_significant	9	9
Morus_005107-R1	20	363	0.6980950783664372	0.8065654024157993	0.3691376428327495	relaxed	not_significant	1	1
Morus_005117-R1	20	637	0.7970601009891596	0.268927352351966	0.6040522225809886	relaxed	not_significant	9	9
Morus_005117-R1	20	637	1.128909454902831	0.08567079774547892	0.7697547243744634	intensified	not_significant	1	1
Morus_005118-R1	20	375	0.277643634939071	1.740040378021149	0.1871337107270482	relaxed	not_significant	9	9
Morus_005118-R1	20	375	1	-0.0007288999968295684	1	intensified	not_significant	0	1
Morus_005119-R1	20	165	1.124533651893273	0.006095010446188098	0.9377719350608579	intensified	not_significant	9	9
Morus_005119-R1	20	165	0	0.4065842913496454	0.5237082953425003	relaxed	not_significant	1	1
Morus_005120-R1	20	310	0.7277041730935691	0.2916937312393202	0.5891371864194247	relaxed	not_significant	9	9
Morus_005120-R1	20	310	1	-9.267723726225086E-7	1	intensified	not_significant	0	1
Morus_005125-R1	20	318	0	6.20719509337232	0.01272320728224852	relaxed	significant_relaxed	9	9
Morus_005125-R1	20	318	50	11.06518365612374	0.0008796387620784163	intensified	significant_intensified	1	1
Morus_005130-R1	20	143	0.5627037428294339	0.7273076009250872	0.3937572943911606	relaxed	not_significant	9	9
Morus_005130-R1	20	143	23.38220336070705	0.8513677701785127	0.3561656900598175	intensified	not_significant	1	1
Morus_005137-R1	20	475	1.379670182061061	0.8389439812790442	0.3596989674839295	intensified	not_significant	9	9
Morus_005137-R1	20	475	0.4535798539984122	0.4012938366049639	0.5264218212381153	relaxed	not_significant	1	1
Morus_005138-R1	20	442	1.098362786210034	0.04105579796032544	0.8394302557760477	intensified	not_significant	9	9
Morus_005138-R1	20	442	14.4932863459059	0.201119646101688	0.6538186138061528	intensified	not_significant	1	1
Morus_005139-R1	20	257	3.597024584802892	9.959386099691528	0.001600314082187637	intensified	significant_intensified	9	9
Morus_005139-R1	20	257	6.919203616156024	8.900573091746537	0.002850811690261246	intensified	significant_intensified	1	1
Morus_005152-R1	20	308	1.753855418841113	1.302359622805852	0.2537826608742028	intensified	not_significant	9	9
Morus_005152-R1	20	308	1	-0.0001250404475285904	1	intensified	not_significant	0	1
Morus_005153-R1	20	194	0.4340071898834456	8.538665351018608	0.003476804756882834	relaxed	significant_relaxed	9	9
Morus_005153-R1	20	194	14.39065859283524	0.7976876479324346	0.3717856252881744	intensified	not_significant	1	1
Morus_005154-R1	20	247	11.48840410986188	0.2903323901764452	0.5900076055944905	intensified	not_significant	9	9
Morus_005154-R1	20	247	0.3560552351095231	0.8512903729615573	0.3561875537225592	relaxed	not_significant	1	1
Morus_005157-R2	20	293	0.3261588933197142	1.503425251283261	0.2201450823923997	relaxed	not_significant	9	9
Morus_005157-R2	20	293	1	-0.0001615030678294715	1	intensified	not_significant	0	1
Morus_005159-R1	20	246	2.561230691769731	1.329653036446871	0.2488669523929209	intensified	not_significant	9	9
Morus_005159-R1	20	246	1	-0.0002590328140286147	1	intensified	not_significant	0	1
Morus_005160-R1	20	305	0.771495339580434	0.609652902410744	0.4349185284937738	relaxed	not_significant	9	9
Morus_005160-R1	20	305	50	3.585747667279975	0.05827718677832194	intensified	not_significant	1	1
Morus_005164-R1	20	259	0.6996933933271926	1.872505303919752	0.1711884196387945	relaxed	not_significant	9	9
Morus_005164-R1	20	259	9.228272571744744	0.3098256670991759	0.5777871827028496	intensified	not_significant	1	1
Morus_005169-R1	20	415	1.194585999122439	0.396343505490222	0.5289836904668261	intensified	not_significant	9	9
Morus_005169-R1	20	415	2.472659502041356	1.193330431682625	0.2746587967564863	intensified	not_significant	1	1
Morus_005172-R1	20	156	3.469390635301071	2.658541887191859	0.1029951116735702	intensified	not_significant	9	9
Morus_005172-R1	20	156	0.1145128562027875	2.157949963760984	0.1418338081564855	relaxed	not_significant	1	1
Morus_005178-R1	20	419	1.815362968765105	1.105745009270322	0.2930087629739933	intensified	not_significant	9	9
Morus_005178-R1	20	419	0.9627740132089119	0.0009131214310400537	0.9758932735677797	relaxed	not_significant	1	1
Morus_005191-R1	20	497	1.945303422115468	4.290518729661926	0.03832547078058435	intensified	significant_intensified	9	9
Morus_005191-R1	20	497	0.266011372177385	1.298095038859174	0.2545614801029034	relaxed	not_significant	1	1
Morus_005197-R1	20	600	0.9524828164767981	0.02091950619796989	0.8849984531685037	relaxed	not_significant	9	9
Morus_005197-R1	20	600	2.038826221301882	0.2995587237764994	0.5841591936652	intensified	not_significant	1	1
Morus_005198-R2	20	411	1.153558683857838	0.01484141192395327	0.9030373500255455	intensified	not_significant	9	9
Morus_005198-R2	20	411	23.04954700837768	37.28619154852822	1.020043050026231E-9	intensified	significant_intensified	1	1
Morus_005207-R1	20	192	2.614042734744775	2.001230200022292	0.1571715996793276	intensified	not_significant	9	9
Morus_005207-R1	20	192	1.502020530570488	-0.0002826081758939836	1	intensified	not_significant	1	1
Morus_005211-R1	20	550	0.6450059050794971	0.9907779772447611	0.3195523044320575	relaxed	not_significant	9	9
Morus_005211-R1	20	550	11.88615137807168	0.2040269230765261	0.6514898771952058	intensified	not_significant	1	1
Morus_005221-R1	20	192	1.012231972307947	0.0002666186828719219	0.9869723508915337	intensified	not_significant	9	9
Morus_005221-R1	20	192	0	0.9712406470766837	0.3243709599684588	relaxed	not_significant	1	1
Morus_005224-R1	20	290	0.5258012363506387	3.348308797159007	0.06727409758342096	relaxed	not_significant	9	9
Morus_005224-R1	20	290	0.950964443595311	0.02034089630342351	0.8865891053417063	relaxed	not_significant	1	1
Morus_005239-R1	20	405	1.236040546566412	0.5857240845452907	0.4440773684631372	intensified	not_significant	9	9
Morus_005239-R1	20	405	2.961624877207788E-11	6.094747756142169	0.013558427979668	relaxed	significant_relaxed	1	1
Morus_005241-R1	20	590	2.950235452431401	0.8449418622531084	0.3579872099839527	intensified	not_significant	9	9
Morus_005241-R1	20	590	0	0.3521014952184487	0.5529259285973809	relaxed	not_significant	1	1
Morus_005242-R1	20	443	0.7720698050880017	0.5645407722377058	0.4524364601865817	relaxed	not_significant	9	9
Morus_005242-R1	20	443	0.8222884212124215	0.1770800942886126	0.6738946634676481	relaxed	not_significant	1	1
Morus_005243-R1	20	332	0.8355290469893013	0.06387731778340822	0.8004694257936101	relaxed	not_significant	9	9
Morus_005243-R1	20	332	0.5657398565667271	0.6248989275427448	0.429232618145595	relaxed	not_significant	1	1
Morus_005244-R1	20	212	1.493246652052907	0.2999498988015148	0.5839138314564685	intensified	not_significant	9	9
Morus_005244-R1	20	212	0.8532126679218003	-0.00002491594432285638	1	relaxed	not_significant	1	1
Morus_005250-R1	20	383	1.448952227079661	0.7457326894555081	0.3878306589075657	intensified	not_significant	9	9
Morus_005250-R1	20	383	0.2438941502989857	1.652369788071155	0.1986366970099055	relaxed	not_significant	1	1
Morus_005251-R1	20	369	0	8.388679989991033	0.003775650044682943	relaxed	significant_relaxed	9	9
Morus_005251-R1	20	369	0.8532129630783051	-5.035135473008268E-7	1	relaxed	not_significant	1	1
Morus_005263-R1	20	394	0.4119421345779799	2.089323851244444	0.1483317075329668	relaxed	not_significant	9	9
Morus_005263-R1	20	394	5.796388227529881	2.052137679321277	0.1519926501604555	intensified	not_significant	1	1
Morus_005278-R1	20	408	1.140009640168183	0.008442836818176147	0.9267894802469469	intensified	not_significant	9	9
Morus_005278-R1	20	408	1.215659056137494	0.1549159426804181	0.6938810876628165	intensified	not_significant	1	1
Morus_005280-R1	20	308	1.467339528079333	0.7616713786510445	0.3828059746636698	intensified	not_significant	9	9
Morus_005280-R1	20	308	0.1265867692457015	1.477091719264536	0.2242301048106388	relaxed	not_significant	1	1
Morus_005294-R1	20	47	0.2149727891524293	1.432454335062403	0.2313643070788478	relaxed	not_significant	9	9
Morus_005294-R1	20	47	1	-0.00001793777914826933	1	intensified	not_significant	0	1
Morus_005302-R1	20	146	1.154682824394033	0.044677612324449	0.8325979453398391	intensified	not_significant	9	9
Morus_005302-R1	20	146	0	0.935828541367755	0.3333529481277679	relaxed	not_significant	1	1
Morus_005306-R1	20	309	4.586230174880032E-9	0.5696381636707883	0.4504027363680191	relaxed	not_significant	9	9
Morus_005306-R1	20	309	1.74043722752746	2.097817144357577	0.1475095970474569	intensified	not_significant	1	1
Morus_005311-R2	20	293	0.8865080035870315	0.07944665781133153	0.7780486878642405	relaxed	not_significant	9	9
Morus_005311-R2	20	293	0.3062044190951471	0.3437446298012219	0.5576756845374349	relaxed	not_significant	1	1
Morus_005321-R1	20	225	20.51166307128504	3.90369284206372	0.04818009430410797	intensified	significant_intensified	9	9
Morus_005321-R1	20	225	0	0.8883206436848923	0.3459328036348535	relaxed	not_significant	1	1
Morus_005328-R1	20	677	0.7103585193431082	0.3781692467255198	0.5385846566771753	relaxed	not_significant	9	9
Morus_005328-R1	20	677	1.989058315797794	0.7120345680668834	0.3987692109892154	intensified	not_significant	1	1
Morus_005336-R1	20	250	0.6548516706719928	1.52665645281013	0.2166149460354166	relaxed	not_significant	9	9
Morus_005336-R1	20	250	50	2.135103975156198	0.1439607006402225	intensified	not_significant	1	1
Morus_005337-R1	20	189	0.6566209418796555	1.548816487812928	0.2133102444550102	relaxed	not_significant	9	9
Morus_005337-R1	20	189	10.46751577888677	0.1289730992548357	0.7194991496723848	intensified	not_significant	1	1
Morus_005339-R1	20	524	1.019139516416657	0.0001073078883564449	0.9917348998824265	intensified	not_significant	9	9
Morus_005339-R1	20	524	9.206760016868165	0.2051937340074801	0.6505608750478231	intensified	not_significant	1	1
Morus_005344-R1	20	192	1.055489064734531	0.006272600412103202	0.9368737433851907	intensified	not_significant	9	9
Morus_005344-R1	20	192	0.6335321557108138	0.617054847606596	0.4321438331505308	relaxed	not_significant	1	1
Morus_005347-R1	20	172	0.1304056359532175	4.381917390069248	0.03632211629571136	relaxed	significant_relaxed	9	9
Morus_005347-R1	20	172	0.8532070116993866	-2.56636667472776E-8	1	relaxed	not_significant	1	1
Morus_005348-R1	20	255	0.843656769071312	0.02232470839408052	0.8812265296770916	relaxed	not_significant	9	9
Morus_005348-R1	20	255	0.2714858026548527	1.922280278249673	0.1656055017412016	relaxed	not_significant	1	1
Morus_005353-R1	20	91	32.32859473361394	1.784350498450067	0.1816160165321016	intensified	not_significant	9	9
Morus_005353-R1	20	91	1	-0.00006171219729367294	1	intensified	not_significant	0	1
Morus_005354-R1	20	306	6.213556912829115	2.231485516053908	0.1352237819796763	intensified	not_significant	9	9
Morus_005354-R1	20	306	2.13456117037875	2.776978385969414	0.09562843031589485	intensified	not_significant	1	1
Morus_005362-R1	20	407	1.56774537424384	1.545828160588826	0.2137523756836167	intensified	not_significant	9	9
Morus_005362-R1	20	407	1.231434229968272	0.09690701461113349	0.7555733919040168	intensified	not_significant	1	1
Morus_005364-R1	20	628	1.241750977333514	0.5149787288282823	0.4729915088331795	intensified	not_significant	9	9
Morus_005364-R1	20	628	13.26560244076727	1.888136705796569	0.1694122326003915	intensified	not_significant	1	1
Morus_005376-R1	20	620	0.7554843218765913	0.08695334767617169	0.7680866733835501	relaxed	not_significant	9	9
Morus_005376-R1	20	620	0.6042535108503254	0.6009847132445429	0.4382025598810048	relaxed	not_significant	1	1
Morus_005377-R1	20	355	1.621920880848849	3.575953242116157	0.0586217944229237	intensified	not_significant	9	9
Morus_005377-R1	20	355	0.2870668023166255	0.4129590015836584	0.5204714410863804	relaxed	not_significant	1	1
Morus_005380-R1	20	84	0.05644684522893146	1.214394434391124	0.2704635585259815	relaxed	not_significant	9	9
Morus_005380-R1	20	84	0	2.343717909530369	0.1257890152878404	relaxed	not_significant	1	1
Morus_005390-R1	20	299	0.7183261922872081	0.3835873598959552	0.5356895676397815	relaxed	not_significant	9	9
Morus_005390-R1	20	299	0.61522114810395	0.3748111054055698	0.5403934119446718	relaxed	not_significant	1	1
Morus_005391-R1	20	345	1.494976968323902	0.3074471732070378	0.5792509430233718	intensified	not_significant	9	9
Morus_005391-R1	20	345	18.92046599468341	5.813635436403274	0.01590238705277269	intensified	significant_intensified	1	1
Morus_005394-R1	20	246	2.350860020072854	1.714701542225157	0.1903765040182656	intensified	not_significant	9	9
Morus_005394-R1	20	246	1.131865790122459	0.08440287189841911	0.7714171340545468	intensified	not_significant	1	1
Morus_005398-R1	20	295	0.1789358352901017	4.252296769164786	0.03919728488733254	relaxed	significant_relaxed	9	9
Morus_005398-R1	20	295	2.957973464521798	0.3976078589494136	0.5283272510934607	intensified	not_significant	1	1
Morus_005423-R1	20	537	1.227152080416436	0.4652409070467911	0.4951847600476569	intensified	not_significant	9	9
Morus_005423-R1	20	537	50	2.994124133198966	0.08356709010203434	intensified	not_significant	1	1
Morus_005444-R1	20	208	0.09425111519589108	11.41504259246904	0.0007285182666131318	relaxed	significant_relaxed	9	9
Morus_005444-R1	20	208	1.221737835493225	0.03173703281936469	0.8586060346147476	intensified	not_significant	1	1
Morus_005460-R1	20	157	1.650619433006353	2.260387349379471	0.1327208605330318	intensified	not_significant	9	9
Morus_005460-R1	20	157	1	-0.0001000110664790554	1	intensified	not_significant	0	1
Morus_005464-R3	20	422	0.8915118059782751	0.1293401387038102	0.719117189049967	relaxed	not_significant	9	9
Morus_005464-R3	20	422	1.182594662223801	0.06031945517042914	0.805991739251595	intensified	not_significant	1	1
Morus_005470-R1	20	199	0.4413585142644978	1.880059966252702	0.1703273324064819	relaxed	not_significant	9	9
Morus_005470-R1	20	199	1	-0.00000543841861144756	1	intensified	not_significant	0	1
Morus_005474-R1	20	283	1.171498830319108	0.1267798352509999	0.7217944630847889	intensified	not_significant	9	9
Morus_005474-R1	20	283	1.061209523936348	0.01561119813050027	0.900567266555458	intensified	not_significant	1	1
Morus_005481-R1	20	226	13.00398389411072	3.16853273845436	0.07506985888287265	intensified	not_significant	9	9
Morus_005481-R1	20	226	1	-0.000213722208627587	1	intensified	not_significant	0	1
Morus_005508-R1	20	248	0.8286312845451979	0.07628407512765989	0.7823977452556046	relaxed	not_significant	9	9
Morus_005508-R1	20	248	0.9954280525557245	-0.00009709941423352575	1	relaxed	not_significant	1	1
Morus_005549-R1	20	293	0.7340085904251691	0.06760290763759258	0.7948594604801531	relaxed	not_significant	9	9
Morus_005549-R1	20	293	0	4.6878144714874	0.03037726163111265	relaxed	significant_relaxed	1	1
Morus_005551-R1	20	368	0.5324071748447536	2.117789056984293	0.1455965933427811	relaxed	not_significant	9	9
Morus_005551-R1	20	368	0	0.4201880663495103	0.5168432177755007	relaxed	not_significant	1	1
Morus_005560-R1	20	1256	0.1191003734370043	1.292601864202879	0.255569013422477	relaxed	not_significant	9	9
Morus_005560-R1	20	1256	0.2925477895634514	1.205724459428893	0.2721805379249483	relaxed	not_significant	1	1
Morus_005561-R2	20	570	1.66572120391344	2.07714684840721	0.1495194280942986	intensified	not_significant	9	9
Morus_005561-R2	20	570	0.6617434200476052	0.4760002218672525	0.4902396596078401	relaxed	not_significant	1	1
Morus_005563-R1	20	427	10.13781793555061	6.693003971952749	0.00967919739134937	intensified	significant_intensified	9	9
Morus_005563-R1	20	427	0.5375652052837788	0.7351865444989016	0.3912071761019771	relaxed	not_significant	1	1
Morus_005579-R1	20	449	1.530081158123361	1.057781322439041	0.3037217598735328	intensified	not_significant	9	9
Morus_005579-R1	20	449	0	1.495771869052078	0.2213230768419779	relaxed	not_significant	1	1
Morus_005583-R1	20	379	1.860572200908838	1.056965598841998	0.3039082832101548	intensified	not_significant	9	9
Morus_005583-R1	20	379	1.049538909101647	0.00843594962861971	0.9268192629361047	intensified	not_significant	1	1
Morus_005591-R1	20	277	1.300433316615621	0.2124638033874362	0.6448431160476296	intensified	not_significant	9	9
Morus_005591-R1	20	277	15.96539291794331	1.12140165134997	0.2896168423082416	intensified	not_significant	1	1
Morus_005592-R1	20	227	0.8598117203113229	-1.143016561400145E-7	1	relaxed	not_significant	9	9
Morus_005592-R1	20	227	1	-0.00006940251296327915	1	intensified	not_significant	0	1
Morus_005595-R1	20	898	0.9610580073816971	0.1555120029806858	0.6933225778705432	relaxed	not_significant	9	9
Morus_005595-R1	20	898	0.000001726895310978942	3.131682144588922	0.07678447394671251	relaxed	not_significant	1	1
Morus_005616-R1	20	193	3.549121481324967	1.217863792081971	0.2697802914819514	intensified	not_significant	9	9
Morus_005616-R1	20	193	1.640942258297083	0.2409312021941332	0.6235343590737481	intensified	not_significant	1	1
Morus_005624-R1	20	360	1.519109223599283	0.8766843245193741	0.3491114272317396	intensified	not_significant	9	9
Morus_005624-R1	20	360	19.70608258005712	0.974186933589408	0.3236381849826955	intensified	not_significant	1	1
Morus_005626-R1	20	203	1.071127548730376	0.02979912203272761	0.862946811302299	intensified	not_significant	9	9
Morus_005626-R1	20	203	0.6462080270951541	0.2830733111300106	0.5946938987738786	relaxed	not_significant	1	1
Morus_005627-R1	20	439	0.3162477152985163	4.688335728354105	0.03036804733842202	relaxed	significant_relaxed	9	9
Morus_005627-R1	20	439	3.336998954578222E-15	5.594095813390595	0.01802111028603448	relaxed	significant_relaxed	1	1
Morus_005632-R3	20	370	1.623565999897735	1.762911929751681	0.1842617218699096	intensified	not_significant	9	9
Morus_005632-R3	20	370	50	1.083197373923213	0.2979833812905643	intensified	not_significant	1	1
Morus_005641-R1	20	273	1.124036814758735	0.1811061146945576	0.6704243813470656	intensified	not_significant	9	9
Morus_005641-R1	20	273	2.354414658737586	0.5558551639014695	0.4559350974866487	intensified	not_significant	1	1
Morus_005646-R1	20	411	1.021116795448088	0.000001652964783716016	0.99897417862941	intensified	not_significant	9	9
Morus_005646-R1	20	411	0.3428122060406434	2.821006632884746	0.09303803835202229	relaxed	not_significant	1	1
Morus_005647-R1	20	377	0.6033032674015557	1.457277465749939	0.2273638017148548	relaxed	not_significant	9	9
Morus_005647-R1	20	377	0.8257790992401853	0.03308536484018987	0.8556660478759378	relaxed	not_significant	1	1
Morus_005650-R1	20	302	1.757386649970383	1.228462640958242	0.267706226304722	intensified	not_significant	9	9
Morus_005650-R1	20	302	15.93087798500331	2.018827690738362	0.1553590444433942	intensified	not_significant	1	1
Morus_005651-R1	20	184	1.009887944351743	0.0001500256289546087	0.9902273593319922	intensified	not_significant	9	9
Morus_005651-R1	20	184	1	-0.000002365162345085992	1	intensified	not_significant	0	1
Morus_005667-R1	20	665	1.190832781720497	0.3991710770806094	0.5275176579400467	intensified	not_significant	9	9
Morus_005667-R1	20	665	0.1099529975862797	3.520363785442896	0.06061914062229901	relaxed	not_significant	1	1
Morus_005668-R1	20	287	3.558661190257235	3.561979455786059	0.05911720277974841	intensified	not_significant	9	9
Morus_005668-R1	20	287	11.23501536442143	0.8837692016850269	0.3471713996001672	intensified	not_significant	1	1
Morus_005679-R1	20	208	4.420458894819009	2.309229555601178	0.128607781733168	intensified	not_significant	9	9
Morus_005679-R1	20	208	0.9939090287137223	-0.000005462147328216815	1	relaxed	not_significant	1	1
Morus_005683-R1	20	235	1.918072571334573	2.398103442444608	0.1214824507870708	intensified	not_significant	9	9
Morus_005683-R1	20	235	15.69077490053855	1.210310278089764	0.27127068087756	intensified	not_significant	1	1
Morus_005692-R1	20	195	4.119872769746072	0.2863976434168762	0.5925383074346159	intensified	not_significant	9	9
Morus_005692-R1	20	195	0	3.279038880272765	0.07017001025222125	relaxed	not_significant	1	1
Morus_005702-R1	20	418	1.440405924515538	1.518915100274171	0.2177837448254282	intensified	not_significant	9	9
Morus_005702-R1	20	418	0.06839873855404816	0.4820828808224178	0.4874803689955498	relaxed	not_significant	1	1
Morus_005706-R1	20	478	0.8566358449271693	0.1864607985935436	0.6658787345326185	relaxed	not_significant	9	9
Morus_005706-R1	20	478	13.56332002406434	0.3860167259772425	0.5344006464921656	intensified	not_significant	1	1
Morus_005711-R1	20	318	0.7604860894698501	0.8294497548176878	0.3624316864438997	relaxed	not_significant	9	9
Morus_005711-R1	20	318	5.042307304385503E-8	4.085263529190343	0.04325870506788931	relaxed	significant_relaxed	1	1
Morus_005719-R1	20	201	1.368475975703376	0.4776373649019661	0.4894944467391908	intensified	not_significant	9	9
Morus_005719-R1	20	201	0.349316373799562	1.180586330324786	0.2772366627458458	relaxed	not_significant	1	1
Morus_005723-R1	20	302	0.2014956103660358	4.528033888827849	0.03334390483927696	relaxed	significant_relaxed	9	9
Morus_005723-R1	20	302	0.148075269345214	0.3077217898335221	0.5790815624591348	relaxed	not_significant	1	1
Morus_005726-R1	20	175	0.9801302092773271	0.001619032486814831	0.9679040181150982	relaxed	not_significant	9	9
Morus_005726-R1	20	175	15.10385000243177	1.657903380284097	0.1978866432142091	intensified	not_significant	1	1
Morus_005728-R1	20	261	1.363410202342716	0.4613513275489822	0.4969931048186236	intensified	not_significant	9	9
Morus_005728-R1	20	261	0.7237808710739371	0.2607254713921066	0.6096221838652431	relaxed	not_significant	1	1
Morus_005730-R1	20	160	2.6131469516244	0.5435058342127377	0.4609834158245996	intensified	not_significant	9	9
Morus_005730-R1	20	160	1.025984244419167	0.0002397614384790359	0.9876458640839362	intensified	not_significant	1	1
Morus_005731-R1	20	328	6.991173470198634	11.50428481531253	0.0006943594125922159	intensified	significant_intensified	9	9
Morus_005731-R1	20	328	0.8544692217812401	-0.0004488809991016751	1	relaxed	not_significant	1	1
Morus_005732-R1	20	224	0.06596641818451886	1.827203604212173	0.1764581992634566	relaxed	not_significant	9	9
Morus_005732-R1	20	224	7.092307171940824	1.058324032157088	0.3035977458475388	intensified	not_significant	1	1
Morus_005735-R1	20	208	0.8085847990965415	0.09401998149724022	0.7591274683512178	relaxed	not_significant	9	9
Morus_005735-R1	20	208	0.4421119645809651	1.180398488947958	0.2772748861233971	relaxed	not_significant	1	1
Morus_005740-R1	20	494	1.853853677052561	0.5969186945585534	0.4397561046522569	intensified	not_significant	9	9
Morus_005740-R1	20	494	0.475161721719746	0.7101147656067042	0.399405715179239	relaxed	not_significant	1	1
Morus_005742-R1	20	274	1.522468074863765	0.71583246346745	0.3975143485533019	intensified	not_significant	9	9
Morus_005742-R1	20	274	0.3680717627044802	0.7383408886180405	0.3901928695546519	relaxed	not_significant	1	1
Morus_005743-R1	20	379	0.2479630901191436	3.67612049766467	0.0551971411041009	relaxed	not_significant	9	9
Morus_005743-R1	20	379	0.9937149968604693	-0.0001016836367853102	1	relaxed	not_significant	1	1
Morus_005745-R2	20	151	5.317681270963556E-8	0.1521968615020342	0.6964447371782749	relaxed	not_significant	9	9
Morus_005745-R2	20	151	18.84389254156588	0.8605326914307625	0.3535896646673568	intensified	not_significant	1	1
Morus_005753-R1	20	151	2.200051552008775	0.2716965685362993	0.6021959638255499	intensified	not_significant	9	9
Morus_005753-R1	20	151	1	-0.0004686367110480205	1	intensified	not_significant	0	1
Morus_005764-R1	20	508	1.105478155757772	0.01644460164880002	0.8979618104026668	intensified	not_significant	9	9
Morus_005764-R1	20	508	0.1853736350286512	1.958507489824115	0.1616730297852108	relaxed	not_significant	1	1
Morus_005772-R1	20	227	1.220792709283697	0.05211366852381616	0.8194253195594728	intensified	not_significant	9	9
Morus_005772-R1	20	227	2.227820675109773E-15	1.141527443556697	0.2853298023082064	relaxed	not_significant	1	1
Morus_005775-R1	20	501	1.195795963313872	0.01660258544688986	0.8974755335846455	intensified	not_significant	9	9
Morus_005775-R1	20	501	50	4.213859670782767	0.04009500761131835	intensified	significant_intensified	1	1
Morus_005781-R1	20	212	13.81088014047418	1.708831926307539	0.1911369923106337	intensified	not_significant	9	9
Morus_005781-R1	20	212	0.4755408552404656	0.8901590548566674	0.3454342092468157	relaxed	not_significant	1	1
Morus_005785-R1	20	429	0.6124301358754067	1.471385144945998	0.2251272762123471	relaxed	not_significant	9	9
Morus_005785-R1	20	429	1.468770890477601	0.3067272751350174	0.5796954383002666	intensified	not_significant	1	1
Morus_005793-R3	20	320	0.5943561389785874	1.479449118831326	0.2238607327240985	relaxed	not_significant	9	9
Morus_005793-R3	20	320	37.64072337015947	1.310296383128843	0.252341000659009	intensified	not_significant	1	1
Morus_005796-R1	20	301	12.25279547588795	0.107141891991887	0.7434218126754484	intensified	not_significant	9	9
Morus_005796-R1	20	301	3.43109129664342	0.8923082357018757	0.3448525636296571	intensified	not_significant	1	1
Morus_005797-R1	20	294	0.8306964027891304	0.1018516086637646	0.7496188450842816	relaxed	not_significant	9	9
Morus_005797-R1	20	294	9.11822829176314	0.4781943665448125	0.4892413347413486	intensified	not_significant	1	1
Morus_005806-R1	20	327	1.671561668392138	2.323197977467316	0.1274577474185135	intensified	not_significant	9	9
Morus_005806-R1	20	327	0.9676412804497069	0.001117686244469951	0.973330239253402	relaxed	not_significant	1	1
Morus_005808-R1	20	464	1.719688081813052	1.82286032725915	0.176973181146753	intensified	not_significant	9	9
Morus_005808-R1	20	464	14.14336398514022	0.7793246944329439	0.3773477518679542	intensified	not_significant	1	1
Morus_005812-R1	20	435	3.965750616746757	3.106781538990617	0.07796688648850003	intensified	not_significant	9	9
Morus_005812-R1	20	435	1.107236679948899	0.02683349565450044	0.8698812488919893	intensified	not_significant	1	1
Morus_005826-R1	20	298	0.9953775354533015	0.0002106167494275724	0.9884209942500285	relaxed	not_significant	9	9
Morus_005826-R1	20	298	0.000003461863182487617	1.989758301381698	0.1583661534300582	relaxed	not_significant	1	1
Morus_005831-R1	20	71	3.423410945141817	1.533424704137587	0.2155991845961368	intensified	not_significant	9	9
Morus_005831-R1	20	71	1	-0.0001443813339392364	1	intensified	not_significant	0	1
Morus_005833-R1	20	191	1.773743597875627	0.1891271116573989	0.6636441099432401	intensified	not_significant	9	9
Morus_005833-R1	20	191	1.251137070219644	0.03912062192330268	0.8432098890369766	intensified	not_significant	1	1
Morus_005841-R1	20	422	2.46419315851479	3.665432041236272	0.0555522389793276	intensified	not_significant	9	9
Morus_005841-R1	20	422	3.490280887394292	1.775803897565311	0.1826654290322388	intensified	not_significant	1	1
Morus_005844-R1	20	706	2.74159840602933	1.669169249209517	0.1963698436931867	intensified	not_significant	9	9
Morus_005844-R1	20	706	0.5941194226376293	0.2027103488926514	0.652541967766205	relaxed	not_significant	1	1
Morus_005855-R1	20	419	1.085405865113907	0.05558231260420143	0.8136196739269014	intensified	not_significant	9	9
Morus_005855-R1	20	419	0	1.219031303775409	0.2695508428930584	relaxed	not_significant	1	1
Morus_005858-R1	20	286	0.6636042338394753	0.3279435811318763	0.5668724983769901	relaxed	not_significant	9	9
Morus_005858-R1	20	286	1.512588546773296	0.1137695187044301	0.7358927388846698	intensified	not_significant	1	1
Morus_005866-R1	20	322	0.9762648442393694	0.002169336980841763	0.962851047512518	relaxed	not_significant	9	9
Morus_005866-R1	20	322	1	-0.00004120234461879591	1	intensified	not_significant	0	1
Morus_005867-R1	20	337	2.478561142666488	1.3651928902691	0.2426395319193142	intensified	not_significant	9	9
Morus_005867-R1	20	337	0	1.319705681942651	0.2506448784606156	relaxed	not_significant	1	1
Morus_005881-R1	20	640	1.008854927159921	0.0001566561004437972	0.990013751285478	intensified	not_significant	9	9
Morus_005881-R1	20	640	0.4154649482282753	0.5800888155463326	0.4462775102260209	relaxed	not_significant	1	1
Morus_005882-R1	20	390	0.3645153004688444	2.669115991087892	0.1023128382295577	relaxed	not_significant	9	9
Morus_005882-R1	20	390	2.274940387017277	2.187181106736716	0.1391637993784363	intensified	not_significant	1	1
Morus_005886-R1	20	217	1.401394620756069	0.5041896780730895	0.4776649760126382	intensified	not_significant	9	9
Morus_005886-R1	20	217	13.56425963483518	0.3710933216002559	0.5424089165966408	intensified	not_significant	1	1
Morus_005919-R1	20	337	0.848333373562416	0.07898432241108821	0.7786785727964265	relaxed	not_significant	9	9
Morus_005919-R1	20	337	6.069516717586832	3.206936541135292	0.07332665469498167	intensified	not_significant	1	1
Morus_005934-R1	20	313	1.666231362042343	0.2899511746159078	0.5902518204559513	intensified	not_significant	9	9
Morus_005934-R1	20	313	3.409495458857333E-14	0.5120838332318272	0.4742381694383938	relaxed	not_significant	1	1
Morus_005935-R1	20	248	7.649477037194602	1.442302245912742	0.2297671501499697	intensified	not_significant	9	9
Morus_005935-R1	20	248	0	5.051374444936755	0.02460641205435909	relaxed	significant_relaxed	1	1
Morus_005936-R1	20	128	0.1994546458624444	0.3420409212226332	0.5586535259207202	relaxed	not_significant	9	9
Morus_005936-R1	20	128	1	-7.165522220020648E-8	1	intensified	not_significant	0	1
Morus_005942-R1	20	589	1.661901060467826	1.736370490318222	0.1875993675455794	intensified	not_significant	9	9
Morus_005942-R1	20	589	1.00400801201602	0.000147476155689219	0.9903107471144081	intensified	not_significant	1	1
Morus_005944-R2	20	416	0.706772246173894	0.6877436910499455	0.4069328969659876	relaxed	not_significant	9	9
Morus_005944-R2	20	416	2.822362671531669E-14	1.1934777243805	0.2746291789342938	relaxed	not_significant	1	1
Morus_005945-R1	20	255	0.9089477361882514	0.01510595074432786	0.9021813220254912	relaxed	not_significant	9	9
Morus_005945-R1	20	255	18.72671928728041	0.06338186525499623	0.8012284688571718	intensified	not_significant	1	1
Morus_005946-R1	20	248	0.6264204314930306	1.092284464572003	0.2959655992087097	relaxed	not_significant	9	9
Morus_005946-R1	20	248	0.7199326168671532	0.9204234553080823	0.3373638113489685	relaxed	not_significant	1	1
Morus_005952-R1	20	335	1.760889849169833	2.529734893344539	0.1117189847950083	intensified	not_significant	9	9
Morus_005952-R1	20	335	1.584818610658124	0.07900032393172296	0.7786567391680566	intensified	not_significant	1	1
Morus_005955-R1	20	185	1.187179720231937	0.0741170847295507	0.7854340035631127	intensified	not_significant	9	9
Morus_005955-R1	20	185	50	3.688474858302925	0.05478969391067712	intensified	not_significant	1	1
Morus_005956-R1	20	268	1.835777215135855	0.6472380642771896	0.4211018778557902	intensified	not_significant	9	9
Morus_005956-R1	20	268	8.786138307900234	1.511026169753222	0.2189825687936025	intensified	not_significant	1	1
Morus_005957-R1	20	321	3.676005758658187	4.46812402256819	0.03453288691639811	intensified	significant_intensified	9	9
Morus_005957-R1	20	321	1.33031521811593	0.108184952382544	0.7422200796827372	intensified	not_significant	1	1
Morus_005962-R1	20	207	12.58416775177266	1.852811913407095	0.1734567061202376	intensified	not_significant	9	9
Morus_005962-R1	20	207	50	0.5827700714212369	0.4452285851929868	intensified	not_significant	1	1
Morus_005977-R1	20	485	2.774512309554411	1.8956675360796	0.1685640623974556	intensified	not_significant	9	9
Morus_005977-R1	20	485	1.351851366436011	0.333892837885287	0.5633757854147733	intensified	not_significant	1	1
Morus_005978-R1	20	416	0.7919793935780404	0.03147499924489239	0.8591848231535472	relaxed	not_significant	9	9
Morus_005978-R1	20	416	2.202249054782458	0.08156702957421658	0.7751849465868296	intensified	not_significant	1	1
Morus_005980-R1	20	423	1.390790943515055	1.325717159179476	0.2495685711838064	intensified	not_significant	9	9
Morus_005980-R1	20	423	12.15681113610257	0.40246542317891	0.5258187486970449	intensified	not_significant	1	1
Morus_005989-R3	20	444	0.2063249932994516	4.539974190305657	0.03311209121193992	relaxed	significant_relaxed	9	9
Morus_005989-R3	20	444	1.083183236192195E-9	1.10354398952677	0.2934896602832571	relaxed	not_significant	1	1
Morus_005990-R1	20	312	0.8978472572869547	0.1166292696134406	0.7327194691639973	relaxed	not_significant	9	9
Morus_005990-R1	20	312	19.74953467493389	3.172510733486888	0.07488724279887571	intensified	not_significant	1	1
Morus_005993-R1	20	219	0.5811931130352619	0.3980345791337641	0.5281060315354444	relaxed	not_significant	9	9
Morus_005993-R1	20	219	0.000001044418576231807	1.627974022702347	0.2019834988837034	relaxed	not_significant	1	1
Morus_005996-R1	20	263	1.111226386204904	0.04183160418051557	0.8379411019502145	intensified	not_significant	9	9
Morus_005996-R1	20	263	15.14076832709106	0.3864495142579472	0.5341716170224242	intensified	not_significant	1	1
Morus_005997-R1	20	994	1.726597901047533	3.722829277885467	0.05367335098094816	intensified	not_significant	9	9
Morus_005997-R1	20	994	9.678572611135692	1.114671098677718	0.2910688047270351	intensified	not_significant	1	1
Morus_006001-R1	20	450	0.991159298993403	0.0001730984176901984	0.9895027852671914	relaxed	not_significant	9	9
Morus_006001-R1	20	450	13.772408153555	2.736742124508964	0.09806450860575078	intensified	not_significant	1	1
Morus_006012-R1	20	266	0.6415237843177097	0.4523097171550035	0.5012401425232933	relaxed	not_significant	9	9
Morus_006012-R1	20	266	16.58363727180633	0.3771494016982615	0.5391327904869699	intensified	not_significant	1	1
Morus_006013-R6	20	437	0.8620854880026549	0.07905084370213444	0.7785878220043208	relaxed	not_significant	9	9
Morus_006013-R6	20	437	0.540562784758857	0.464453078945553	0.4955501413609107	relaxed	not_significant	1	1
Morus_006019-R2	20	173	4.920058622480687	2.476178861110384	0.1155827537997163	intensified	not_significant	9	9
Morus_006019-R2	20	173	0.8532134748828892	-0.000001387963038723683	1	relaxed	not_significant	1	1
Morus_006027-R1	20	192	0.8532128470264431	-3.06458787235897E-8	1	relaxed	not_significant	9	9
Morus_006027-R1	20	192	18.39045001160398	1.614809174569928	0.2038170959013315	intensified	not_significant	1	1
Morus_006032-R1	20	238	2.513879057782582	0.9455171168674497	0.3308630077291493	intensified	not_significant	9	9
Morus_006032-R1	20	238	0.4396573786770112	1.05067969147467	0.3053505998042542	relaxed	not_significant	1	1
Morus_006039-R1	20	240	0.9989644997747925	-0.0000676612175993796	1	relaxed	not_significant	9	9
Morus_006039-R1	20	240	13.22713214295984	0.1939510320153204	0.6596483523081491	intensified	not_significant	1	1
Morus_006040-R1	20	316	0.9435525398992091	0.006556542254656961	0.9354638396944184	relaxed	not_significant	9	9
Morus_006040-R1	20	316	0	1.650362670207869	0.19890957699481	relaxed	not_significant	1	1
Morus_006041-R1	20	412	1.931455202792436	2.321537151523444	0.127593883431908	intensified	not_significant	9	9
Morus_006041-R1	20	412	6.534902463719092	5.619726116242418	0.01775942395212837	intensified	significant_intensified	1	1
Morus_006044-R1	20	526	0.2597332870593521	1.521534484974836	0.2173874276083262	relaxed	not_significant	9	9
Morus_006044-R1	20	526	1.225212966059296	0.08623112106852204	0.769024325661936	intensified	not_significant	1	1
Morus_006047-R1	20	166	0.002633125730276833	9.299536993593392	0.002292117798059823	relaxed	significant_relaxed	9	9
Morus_006047-R1	20	166	1.26881277248632E-9	3.189438381769833	0.07411547040162103	relaxed	not_significant	1	1
Morus_006049-R1	20	304	1.104104420501134	0.02385467080148373	0.8772552684394609	intensified	not_significant	9	9
Morus_006049-R1	20	304	1.81981098921381	1.266075647811704	0.2605041787838794	intensified	not_significant	1	1
Morus_006054-R3	20	358	0.7299218503545907	0.7411854375850453	0.3892814046823989	relaxed	not_significant	9	9
Morus_006054-R3	20	358	10.8343031368175	1.039532086555482	0.3079303212181757	intensified	not_significant	1	1
Morus_006067-R1	20	368	1.510660614265695	1.004785263325175	0.3161553780876473	intensified	not_significant	9	9
Morus_006067-R1	20	368	0.2632204530116339	2.452701758867988	0.1173227758026809	relaxed	not_significant	1	1
Morus_006078-R1	20	446	0.7528440317747846	0.4259624838978198	0.5139767755615204	relaxed	not_significant	9	9
Morus_006078-R1	20	446	1	-5.839974619448185E-7	1	intensified	not_significant	0	1
Morus_006084-R1	20	265	1.280786323014828	0.3624933680025606	0.5471247332038924	intensified	not_significant	9	9
Morus_006084-R1	20	265	0.1325962893988298	0.877169866211716	0.3489780036615978	relaxed	not_significant	1	1
Morus_006085-R1	20	231	0.2794197480621359	1.059175640420563	0.3034032776149989	relaxed	not_significant	9	9
Morus_006085-R1	20	231	10.33519257624098	1.01696918385278	0.3132390076355408	intensified	not_significant	1	1
Morus_006094-R1	20	325	1.762374435449558	0.6769174393020876	0.4106502180592082	intensified	not_significant	9	9
Morus_006094-R1	20	325	1.002244148492437	0.0001497663479312905	0.9902358073199053	intensified	not_significant	1	1
Morus_006104-R1	20	444	0.8322415740421127	0.06877359547979722	0.7931308637210384	relaxed	not_significant	9	9
Morus_006104-R1	20	444	1.491300527718589	0.266495703518558	0.6056922303769802	intensified	not_significant	1	1
Morus_006109-R1	20	375	0.9520207095572779	0.02324470798248512	0.8788224392602355	relaxed	not_significant	9	9
Morus_006109-R1	20	375	0.4834897992205907	0.9792138854527366	0.3223929623197193	relaxed	not_significant	1	1
Morus_006115-R1	20	353	0.6087770370798219	1.780516924662152	0.1820858639453237	relaxed	not_significant	9	9
Morus_006115-R1	20	353	0.44488312572037	1.04226001063671	0.3072964352299763	relaxed	not_significant	1	1
Morus_006122-R1	20	211	2.930852909712154	1.385573170965927	0.2391541100068544	intensified	not_significant	9	9
Morus_006122-R1	20	211	0.2502693056318877	2.052265935127707	0.1519798490658112	relaxed	not_significant	1	1
Morus_006124-R1	20	489	1.179041481603897	0.391570201122704	0.5314751901638584	intensified	not_significant	9	9
Morus_006124-R1	20	489	0.5832711213923246	1.009588157452527	0.3150015240058959	relaxed	not_significant	1	1
Morus_006126-R1	20	325	4.211077483386775	4.979466912920543	0.02564988576637628	intensified	significant_intensified	9	9
Morus_006126-R1	20	325	1.037433862683525E-7	0.8705837582656386	0.3507937504301499	relaxed	not_significant	1	1
Morus_006129-R1	20	202	4.52257190899782	8.604905872164181	0.003352586951436254	intensified	significant_intensified	9	9
Morus_006129-R1	20	202	0.4843292127180355	0.2312550843225836	0.6305947600505352	relaxed	not_significant	1	1
Morus_006148-R1	20	369	1.204380474841539	0.1445806280162287	0.7037690551470341	intensified	not_significant	9	9
Morus_006148-R1	20	369	0.2440939440493723	3.066691810471639	0.07991193890140502	relaxed	not_significant	1	1
Morus_006153-R1	20	379	0.5676901819200756	1.21747750839495	0.2698562607069114	relaxed	not_significant	9	9
Morus_006153-R1	20	379	9.523332272932388	0.472551510591984	0.491815690377769	intensified	not_significant	1	1
Morus_006158-R1	20	379	26.40050542322108	1.043303677985023	0.3070543667409671	intensified	not_significant	9	9
Morus_006158-R1	20	379	0.1413920720590461	6.263309900012246	0.0123263699226831	relaxed	significant_relaxed	1	1
Morus_006166-R1	20	367	1.113328626789541	0.1031609926776582	0.7480687967774583	intensified	not_significant	9	9
Morus_006166-R1	20	367	0.3605862337063211	0.3406705355146187	0.5594424316521112	relaxed	not_significant	1	1
Morus_006167-R1	20	169	10.15296992712543	0.3909199012400677	0.531816258638236	intensified	not_significant	9	9
Morus_006167-R1	20	169	1	-0.000001097869699151488	1	intensified	not_significant	0	1
Morus_006168-R2	20	1067	2.926187101251782	1.30524010091176	0.2532582728104574	intensified	not_significant	9	9
Morus_006168-R2	20	1067	1.593832296599249	1.471902436740493	0.2250457718376656	intensified	not_significant	1	1
Morus_006170-R1	20	371	0.1945305836517801	0.1294057741279175	0.7190489498960426	relaxed	not_significant	9	9
Morus_006170-R1	20	371	0.5836336265056385	0.3483216286431343	0.5550647564757405	relaxed	not_significant	1	1
Morus_006181-R1	20	400	0.9672355706823238	0.001229997272275796	0.972022873100453	relaxed	not_significant	9	9
Morus_006181-R1	20	400	0.4107279824720597	0.237565378313775	0.6259700831637687	relaxed	not_significant	1	1
Morus_006182-R1	20	275	1.57196653934457	0.7595916814266275	0.3834563351547607	intensified	not_significant	9	9
Morus_006182-R1	20	275	0.000003023032729144695	3.182310784024594	0.07443938869555544	relaxed	not_significant	1	1
Morus_006184-R1	20	251	0.7201773608363945	0.3720278407740807	0.541900990857332	relaxed	not_significant	9	9
Morus_006184-R1	20	251	0.8171188489522927	0.1199043708456884	0.729138230224484	relaxed	not_significant	1	1
Morus_006187-R1	20	210	0.6485698014091127	0.9254593148766617	0.3360456055786425	relaxed	not_significant	9	9
Morus_006187-R1	20	210	17.22585690060033	0.8453970156356263	0.3578577696146634	intensified	not_significant	1	1
Morus_006189-R1	20	253	1.000706089694175	-0.0000540908595212386	1	intensified	not_significant	9	9
Morus_006189-R1	20	253	0.6064093753433414	0.2428697377999924	0.6221410787578914	relaxed	not_significant	1	1
Morus_006195-R1	20	478	0.7241675701129121	0.3222785181878862	0.570241545861359	relaxed	not_significant	9	9
Morus_006195-R1	20	478	0.3344814031264446	0.5748899536047247	0.4483222957734158	relaxed	not_significant	1	1
Morus_006197-R1	20	386	0.165819958742901	0.8806758207110761	0.3480166444481239	relaxed	not_significant	9	9
Morus_006197-R1	20	386	1.004298141966052	0.0001796842852854752	0.9893049676171966	intensified	not_significant	1	1
Morus_006201-R1	20	9	1.006775310734681	-0.0002572362195678579	1	intensified	not_significant	9	9
Morus_006201-R1	20	9	1	-0.00000533512769607114	1	intensified	not_significant	0	1
Morus_006204-R1	20	210	1.700677216239182	0.1527662644552947	0.6959057103604284	intensified	not_significant	9	9
Morus_006204-R1	20	210	1.727903600350681	1.546334332929291	0.213677409561448	intensified	not_significant	1	1
Morus_006212-R1	20	845	1.307605788025825	0.8977711386014562	0.3433800546759653	intensified	not_significant	9	9
Morus_006212-R1	20	845	0.7315509552588269	0.3615950141156645	0.5476217372625829	relaxed	not_significant	1	1
Morus_006215-R1	20	283	2.252215493659636	2.625515912192895	0.1051583204477619	intensified	not_significant	9	9
Morus_006215-R1	20	283	0.6786927419614939	0.0141353953131329	0.9053606278542466	relaxed	not_significant	1	1
Morus_006216-R1	20	232	0.2950175565136825	1.122177548199488	0.2894500542905138	relaxed	not_significant	9	9
Morus_006216-R1	20	232	0.342116942242483	0.5474756255416651	0.4593509905818124	relaxed	not_significant	1	1
Morus_006221-R1	20	761	0.1963613425293889	1.792265381469406	0.1806503923240895	relaxed	not_significant	9	9
Morus_006221-R1	20	761	0.0150017169964668	1.636418369656894	0.2008175912804904	relaxed	not_significant	1	1
Morus_006243-R1	20	385	2.859007434354848	2.864004757979274	0.09058172370360251	intensified	not_significant	9	9
Morus_006243-R1	20	385	0.000002831222753953611	0.4841763930235174	0.4865366475779049	relaxed	not_significant	1	1
Morus_006251-R1	20	663	0.5966993900955174	0.725991476481795	0.3941856008771784	relaxed	not_significant	9	9
Morus_006251-R1	20	663	0.6716495012998156	0.5654916202311142	0.4520560088970499	relaxed	not_significant	1	1
Morus_006256-R1	20	329	1.37913509607713	0.4640978401066604	0.4957150435873385	intensified	not_significant	9	9
Morus_006256-R1	20	329	0	0.8504659447908125	0.3564205577240815	relaxed	not_significant	1	1
Morus_006288-R1	20	634	1.166245231959945	0.1894765859160543	0.6633526079633703	intensified	not_significant	9	9
Morus_006288-R1	20	634	3.948212103657694	1.351982546086219	0.2449318243317231	intensified	not_significant	1	1
Morus_006300-R1	20	357	1.154581423065099	0.07590402162441023	0.7829268677251578	intensified	not_significant	9	9
Morus_006300-R1	20	357	20.37933967598215	1.309410088613731	0.2525014898573642	intensified	not_significant	1	1
Morus_006312-R1	20	1144	0.941961213421657	0.01095833394720103	0.9166280968004541	relaxed	not_significant	9	9
Morus_006312-R1	20	1144	1.596391972548685	0.4238071292274981	0.5150434481033361	intensified	not_significant	1	1
Morus_006357-R1	20	825	2.225339598293244	1.110319770890783	0.2920124480692836	intensified	not_significant	9	9
Morus_006357-R1	20	825	0.9700057744444989	0.003900666351910331	0.9502002460255888	relaxed	not_significant	1	1
Morus_006359-R1	20	354	1.174898244056967	0.1104559788755068	0.7396256064172573	intensified	not_significant	9	9
Morus_006359-R1	20	354	0.78717239190848	0.0695505716594198	0.791992274219477	relaxed	not_significant	1	1
Morus_006368-R1	20	628	0.3683578363706937	0.8793417723973107	0.348382026064491	relaxed	not_significant	9	9
Morus_006368-R1	20	628	0.2862804420346511	0.1705694888023572	0.67960618019857	relaxed	not_significant	1	1
Morus_006374-R2	20	52	0.5746660461953935	0.0802587136066677	0.7769471159286006	relaxed	not_significant	9	9
Morus_006374-R2	20	52	1	-0.000002497852847227477	1	intensified	not_significant	0	1
Morus_006416-R1	20	745	6.106242800037626	4.819105866570681	0.0281459420331398	intensified	significant_intensified	9	9
Morus_006416-R1	20	745	14.42885328655919	2.856758239493502	0.09099070554908417	intensified	not_significant	1	1
Morus_006431-R1	20	428	0.5636412742453843	1.599462041242077	0.2059794640526078	relaxed	not_significant	9	9
Morus_006431-R1	20	428	10.06423237867571	0.5614754951138821	0.4536663534090553	intensified	not_significant	1	1
Morus_006482-R1	20	207	15.45554314532287	1.340226155641176	0.2469940892149725	intensified	not_significant	9	9
Morus_006482-R1	20	207	1	-0.0001172241686617781	1	intensified	not_significant	0	1
Morus_006514-R1	20	262	1.441420958537666	0.07130313392917742	0.7894487832534851	intensified	not_significant	9	9
Morus_006514-R1	20	262	1	-0.0001100398594644503	1	intensified	not_significant	0	1
Morus_006534-R1	20	683	0.9476397561363085	0.02096069675826584	0.8848860777447832	relaxed	not_significant	9	9
Morus_006534-R1	20	683	0.4125609993615198	1.443956834935307	0.2295001103491117	relaxed	not_significant	1	1
Morus_006538-R1	20	592	0.9307973358810863	0.07209472730937705	0.7883109244036957	relaxed	not_significant	9	9
Morus_006538-R1	20	592	0.7631391327571155	0.2443238360519899	0.6211005065032877	relaxed	not_significant	1	1
Morus_006541-R1	20	325	1.233759470888538	0.154817242889294	0.6939736892819539	intensified	not_significant	9	9
Morus_006541-R1	20	325	1	-0.001321996849583229	1	intensified	not_significant	0	1
Morus_006544-R1	20	301	17.16138062340903	4.93293326920957	0.02634955452175891	intensified	significant_intensified	9	9
Morus_006544-R1	20	301	0.8532127936300489	-0.000003518371613608906	1	relaxed	not_significant	1	1
Morus_006554-R1	20	641	0.7252293540798563	0.3054088386779767	0.5805112665565789	relaxed	not_significant	9	9
Morus_006554-R1	20	641	0.03751932319180371	3.245584041080292	0.07161616232166979	relaxed	not_significant	1	1
Morus_006563-R1	20	344	0.6666802355772248	0.99817685060043	0.3177520592066475	relaxed	not_significant	9	9
Morus_006563-R1	20	344	0.05610909352841637	12.3405667608049	0.0004432204388482575	relaxed	significant_relaxed	1	1
Morus_006571-R1	20	302	3.390667739585315	3.940010591345072	0.04715048063092853	intensified	significant_intensified	9	9
Morus_006571-R1	20	302	0.855678509777771	-0.001005547811018914	1	relaxed	not_significant	1	1
Morus_006572-R1	20	292	0.6021963443826058	1.162299219336091	0.2809892125441138	relaxed	not_significant	9	9
Morus_006572-R1	20	292	0.07611486188009202	1.741404377959043	0.186960981183694	relaxed	not_significant	1	1
Morus_006586-R1	20	232	1.004515940517564	0.00003797037106778589	0.9950834582239136	intensified	not_significant	9	9
Morus_006586-R1	20	232	34.2730610721709	2.247444011751668	0.1338353034281352	intensified	not_significant	1	1
Morus_006598-R1	20	328	11.40762697861635	2.25316174892032	0.1333417126115675	intensified	not_significant	9	9
Morus_006598-R1	20	328	0.8544691871590351	-0.0002639764497871511	1	relaxed	not_significant	1	1
Morus_006601-R1	20	234	0.508624395291306	0.7968633678256083	0.3720328287347655	relaxed	not_significant	9	9
Morus_006601-R1	20	234	0.989500801933156	-0.00005773143811893533	1	relaxed	not_significant	1	1
Morus_006607-R1	20	261	0.7187660157451814	0.264700928604725	0.6069087922464665	relaxed	not_significant	9	9
Morus_006607-R1	20	261	10.04899057335895	0.475086843162444	0.4906562439204417	intensified	not_significant	1	1
Morus_006614-R1	20	350	8.504285491864691	1.588669879342888	0.2075162739842663	intensified	not_significant	9	9
Morus_006614-R1	20	350	0.8532132926245384	-0.000002551222678448539	1	relaxed	not_significant	1	1
Morus_006631-R1	20	510	0.8548380259776862	0.04348621099688899	0.8348124463464996	relaxed	not_significant	9	9
Morus_006631-R1	20	510	0.1155536550990269	2.044627784012846	0.1527443395562988	relaxed	not_significant	1	1
Morus_006640-R1	20	297	0.6858175038037641	0.2562055868429525	0.6127390343798744	relaxed	not_significant	9	9
Morus_006640-R1	20	297	0.9304164105632785	0.008436710309069895	0.926815972877636	relaxed	not_significant	1	1
Morus_006664-R1	20	367	2.091432932367034	2.707862826324344	0.09985468618007054	intensified	not_significant	9	9
Morus_006664-R1	20	367	0.07380079578021356	0.5124547396189882	0.4740781446112178	relaxed	not_significant	1	1
Morus_006673-R1	20	297	0.1790302068793114	4.111162437905477	0.04260107193864127	relaxed	significant_relaxed	9	9
Morus_006673-R1	20	297	0.09047570158561581	6.103842780831201	0.0134888247315712	relaxed	significant_relaxed	1	1
Morus_006679-R1	20	300	1.320800784262415	0.5779797376972056	0.4471052905779352	intensified	not_significant	9	9
Morus_006679-R1	20	300	0.5309407307473378	0.3127808213903336	0.5759787544685724	relaxed	not_significant	1	1
Morus_006688-R1	20	380	0.3121288195470956	4.590085346509113	0.03215741294637942	relaxed	significant_relaxed	9	9
Morus_006688-R1	20	380	0	1.848577253137591	0.1739489590168728	relaxed	not_significant	1	1
Morus_006698-R1	20	497	4.912910684054618	4.837160833768394	0.02785271528730937	intensified	significant_intensified	9	9
Morus_006698-R1	20	497	11.06697629735422	0.07052864773504552	0.7905686193771365	intensified	not_significant	1	1
Morus_006714-R1	20	164	0.362131070957831	0.05850650135926116	0.8088722396064095	relaxed	not_significant	9	9
Morus_006714-R1	20	164	15.30375556582931	0.9324602918532037	0.3342244348313728	intensified	not_significant	1	1
Morus_006725-R1	20	203	0.5576286330542081	1.110329372780598	0.2920103614755881	relaxed	not_significant	9	9
Morus_006725-R1	20	203	0.07636692508521285	0.03985441107488441	0.8417655084267326	relaxed	not_significant	1	1
Morus_006727-R1	20	420	0.6145823528601896	1.433688761179837	0.2311633729425122	relaxed	not_significant	9	9
Morus_006727-R1	20	420	1.355016944986374	0.09959429929585895	0.7523170349616184	intensified	not_significant	1	1
Morus_006736-R1	20	330	2.15816734198781	3.923519889543059	0.04761508740283193	intensified	significant_intensified	9	9
Morus_006736-R1	20	330	0.2068463282541144	2.597293480364897	0.1070463814909089	relaxed	not_significant	1	1
Morus_006741-R1	20	736	3.990996056915655	2.035736978494242	0.1536396995194108	intensified	not_significant	9	9
Morus_006741-R1	20	736	50	0.8068577602462028	0.3690508886427631	intensified	not_significant	1	1
Morus_006744-R1	20	607	0.2564826535556366	5.435623922714512	0.01973004106274379	relaxed	significant_relaxed	9	9
Morus_006744-R1	20	607	1.153122512873864	0.07772454949736129	0.7804050457812111	intensified	not_significant	1	1
Morus_006747-R1	20	442	0.4430909202896947	0.7377574955025921	0.3903801805964781	relaxed	not_significant	9	9
Morus_006747-R1	20	442	2.197023735044616E-8	1.627616133026095	0.2020330882048568	relaxed	not_significant	1	1
Morus_006748-R1	20	455	0.9759862992456508	0.000802323308562336	0.9774026925198916	relaxed	not_significant	9	9
Morus_006748-R1	20	455	0.2055761061138585	0.8168493556640897	0.3661029535535675	relaxed	not_significant	1	1
Morus_006751-R1	20	854	2.582950928784146	3.223455589606601	0.07259023945365839	intensified	not_significant	9	9
Morus_006751-R1	20	854	1.226563061362758	0.1986670652750036	0.6557989105215438	intensified	not_significant	1	1
Morus_006754-R1	20	709	0.5852593491771327	2.189020627749414	0.1389976720341816	relaxed	not_significant	9	9
Morus_006754-R1	20	709	17.68342012320224	3.480608860538268	0.0620918900036711	intensified	not_significant	1	1
Morus_006760-R1	20	164	1.513205158234267	0.7693690526857608	0.3804123117652385	intensified	not_significant	9	9
Morus_006760-R1	20	164	2.923549299708142	0.4877927622546849	0.4849135582150421	intensified	not_significant	1	1
Morus_006761-R1	20	548	0.8784857716785534	0.02257221672880405	0.8805748507979733	relaxed	not_significant	9	9
Morus_006761-R1	20	548	4.538382370440122E-7	1.271736147264164	0.259441232447539	relaxed	not_significant	1	1
Morus_006765-R1	20	783	0.6364500036384706	1.823644791282277	0.1768800391752405	relaxed	not_significant	9	9
Morus_006765-R1	20	783	1.004693392219285	0.000130276534036966	0.9908932433888681	intensified	not_significant	1	1
Morus_006771-R1	20	247	1.099588493634146	0.02411448659768212	0.8765939616164277	intensified	not_significant	9	9
Morus_006771-R1	20	247	1	-0.00006174814234327641	1	intensified	not_significant	0	1
Morus_006772-R1	20	130	0.8532130520146098	-0.00001520651358077885	1	relaxed	not_significant	9	9
Morus_006772-R1	20	130	1	-6.785921868868172E-8	1	intensified	not_significant	0	1
Morus_006788-R1	20	331	0.8970526219396492	0.1789734043195494	0.6722569689821118	relaxed	not_significant	9	9
Morus_006788-R1	20	331	15.55801476297324	0.6943024260426682	0.4047048101470815	intensified	not_significant	1	1
Morus_006797-R1	20	177	1.319231245114438	0.06320925407226241	0.801493653287052	intensified	not_significant	9	9
Morus_006797-R1	20	177	0.977629389310482	0.0006839556190243457	0.9791356663892944	relaxed	not_significant	1	1
Morus_006810-R1	20	112	0.44385754550639	1.561481093905968	0.2114484914290882	relaxed	not_significant	9	9
Morus_006810-R1	20	112	32.71705616401158	1.38750503385927	0.2388268919715804	intensified	not_significant	1	1
Morus_006817-R2	20	516	20.82458990201272	2.999252803065247	0.08330292732766076	intensified	not_significant	9	9
Morus_006817-R2	20	516	4.765075561272698	1.706720283456889	0.1914114505424181	intensified	not_significant	1	1
Morus_006819-R1	20	313	50	4.528400436298398	0.03333676338257974	intensified	significant_intensified	9	9
Morus_006819-R1	20	313	15.74644676289798	0.8319938358022227	0.3616966235900606	intensified	not_significant	1	1
Morus_006822-R1	20	624	0.9706206239784965	0.001169642269815085	0.9727176400826417	relaxed	not_significant	9	9
Morus_006822-R1	20	624	0.02247963635369602	0.7071884223787492	0.4003787706202971	relaxed	not_significant	1	1
Morus_006824-R1	20	341	0.679632360158151	0.4028799555744627	0.5256056635346644	relaxed	not_significant	9	9
Morus_006824-R1	20	341	0.4185023488212094	1.106568138031435	0.292829177705501	relaxed	not_significant	1	1
Morus_006870-R1	20	193	0.7521399623802528	0.1096505337727649	0.7405423493796446	relaxed	not_significant	9	9
Morus_006870-R1	20	193	0.1989635903123239	0.634114856130509	0.425849962793558	relaxed	not_significant	1	1
Morus_006871-R1	20	205	0.471081264618616	0.76417026454601	0.3820265917977079	relaxed	not_significant	9	9
Morus_006871-R1	20	205	0.4211024131581323	0.1875367732482118	0.6649746959747562	relaxed	not_significant	1	1
Morus_006893-R1	20	352	2.171122542694501	0.6211603742885927	0.430616410301257	intensified	not_significant	9	9
Morus_006893-R1	20	352	0.9990667333669939	-0.0001074126048479229	1	relaxed	not_significant	1	1
Morus_006904-R1	20	377	3.315887494731296	7.865363466006784	0.005039069628280157	intensified	significant_intensified	9	9
Morus_006904-R1	20	377	0	2.70007289622572	0.1003436585205635	relaxed	not_significant	1	1
Morus_006910-R1	20	294	0.677832445626977	0.9263883080393498	0.3358031829354952	relaxed	not_significant	9	9
Morus_006910-R1	20	294	14.24534293833957	1.565132479786371	0.2109153061540973	intensified	not_significant	1	1
Morus_006931-R1	20	289	3.235543004746155	2.871659791290767	0.09015185190211794	intensified	not_significant	9	9
Morus_006931-R1	20	289	0	4.209701393361684	0.04019341195429804	relaxed	significant_relaxed	1	1
Morus_006977-R1	20	1094	0.8020936478517122	0.2987716620336869	0.5846535049854513	relaxed	not_significant	9	9
Morus_006977-R1	20	1094	0.8372450029671248	0.2922806908572966	0.5887627033187435	relaxed	not_significant	1	1
Morus_006979-R1	20	218	23.35169553459916	1.216514240464221	0.2700458201123871	intensified	not_significant	9	9
Morus_006979-R1	20	218	0.06940734320895534	12.57587705023934	0.0003907578219888297	relaxed	significant_relaxed	1	1
Morus_006982-R1	20	807	0.4660172654261617	2.058979677029129	0.1513114578710865	relaxed	not_significant	9	9
Morus_006982-R1	20	807	0.58851404726562	1.617650581230919	0.2034196919696273	relaxed	not_significant	1	1
Morus_006992-R1	20	195	0.6957257339668675	0.5111911069457165	0.4746236891701084	relaxed	not_significant	9	9
Morus_006992-R1	20	195	14.65013265185712	1.38726897832521	0.2388668457798677	intensified	not_significant	1	1
Morus_007017-R1	20	666	1.338600011759387	0.7877341988296394	0.3747861345610202	intensified	not_significant	9	9
Morus_007017-R1	20	666	2.187081696736508	2.708450043643097	0.09981793228651858	intensified	not_significant	1	1
Morus_007022-R1	20	826	0.9991193174923878	-0.005065317847765982	1	relaxed	not_significant	9	9
Morus_007022-R1	20	826	0.305623188317478	1.412041835241325	0.2347177325952429	relaxed	not_significant	1	1
Morus_007050-R1	20	255	0	1.173727097381743	0.2786367437990198	relaxed	not_significant	9	9
Morus_007050-R1	20	255	1.335280520135249	0.01218946232256712	0.912087475772839	intensified	not_significant	1	1
Morus_007059-R1	20	627	0.3821614171782752	1.599158959903434	0.2060224391635984	relaxed	not_significant	9	9
Morus_007059-R1	20	627	4.886191231072338	7.015228654179737	0.008081931114712337	intensified	significant_intensified	1	1
Morus_007071-R1	20	373	9.921456529635204	2.274660241551828	0.1315039410054073	intensified	not_significant	9	9
Morus_007071-R1	20	373	0	4.508399962581279	0.03372877843267441	relaxed	significant_relaxed	1	1
Morus_007140-R1	20	517	1.167450675926672	0.1660367441390918	0.6836583695122942	intensified	not_significant	9	9
Morus_007140-R1	20	517	0.5417697341213558	1.835813005907767	0.1754424825066747	relaxed	not_significant	1	1
Morus_007150-R1	20	554	2.856486265097414	0.5100759950710199	0.4751059602934696	intensified	not_significant	9	9
Morus_007150-R1	20	554	0.5581961022545254	0.8389202789812771	0.3597057542878856	relaxed	not_significant	1	1
Morus_007174-R1	20	83	0.6607372715346761	0.3292285810348403	0.5661136809805423	relaxed	not_significant	9	9
Morus_007174-R1	20	83	0	0.9059199908824667	0.3411992878972948	relaxed	not_significant	1	1
Morus_007176-R1	20	223	0.8704609834988606	0.1232792725090803	0.7255047145908908	relaxed	not_significant	9	9
Morus_007176-R1	20	223	12.16555930206753	1.108538217519254	0.2923999285032582	intensified	not_significant	1	1
Morus_007193-R1	20	391	0.9954921705019389	0.0001106559966501663	0.9916069554369357	relaxed	not_significant	9	9
Morus_007193-R1	20	391	1.623164681676089	0.5929685266428351	0.4412734983055853	intensified	not_significant	1	1
Morus_007196-R1	20	417	0.7672241788409107	0.1580138847521084	0.6909917062767132	relaxed	not_significant	9	9
Morus_007196-R1	20	417	0	5.25607242488968	0.02187031968847353	relaxed	significant_relaxed	1	1
Morus_007198-R1	20	291	0.6135431998796874	0.9826314016190736	0.3215500178938138	relaxed	not_significant	9	9
Morus_007198-R1	20	291	0.000003332304934412587	1.021700854062146	0.3121159013280375	relaxed	not_significant	1	1
Morus_007209-R1	20	191	12.85893179499357	2.176033246476436	0.1401753433306554	intensified	not_significant	9	9
Morus_007209-R1	20	191	0.9646973251446137	0.009761002507730154	0.9212988264601137	relaxed	not_significant	1	1
Morus_007211-R1	20	550	1.263562371662358	0.2484766444486013	0.6181497672746832	intensified	not_significant	9	9
Morus_007211-R1	20	550	21.44148552034795	0.725575852464317	0.3943209966776963	intensified	not_significant	1	1
Morus_007220-R1	20	233	1.112758550426338	0.1064575611790133	0.7442137675267197	intensified	not_significant	9	9
Morus_007220-R1	20	233	3.665895388725536	2.135966409687171	0.1438797617453997	intensified	not_significant	1	1
Morus_007232-R1	20	303	0.02968361463530903	17.52654871752793	0.00002833237303401237	relaxed	significant_relaxed	9	9
Morus_007232-R1	20	303	44.67427485686733	0.6289734192987453	0.4277321206585398	intensified	not_significant	1	1
Morus_007243-R1	20	416	0.6506864111461843	0.6054884020868485	0.4364915811327228	relaxed	not_significant	9	9
Morus_007243-R1	20	416	0.7462880207519474	0.1638572543333794	0.6856297822759523	relaxed	not_significant	1	1
Morus_007244-R1	20	468	0.8379171339000383	0.1641058372815678	0.6854041632048655	relaxed	not_significant	9	9
Morus_007244-R1	20	468	0	2.707740473550075	0.09986234609251443	relaxed	not_significant	1	1
Morus_007246-R1	20	346	0.2561891507348954	8.542877888031398	0.003468767638771353	relaxed	significant_relaxed	9	9
Morus_007246-R1	20	346	17.32988006504713	2.149666461777088	0.1426008654796175	intensified	not_significant	1	1
Morus_007258-R1	20	816	0	8.020184946168229	0.00462588461713398	relaxed	significant_relaxed	9	9
Morus_007258-R1	20	816	2.868461844710337	8.184548627281401	0.004224868949178506	intensified	significant_intensified	1	1
Morus_007263-R1	20	179	0.1277151643329102	2.111162798395071	0.1462281684134912	relaxed	not_significant	9	9
Morus_007263-R1	20	179	2.326990997341115	0.17254109954456	0.6778632562577012	intensified	not_significant	1	1
Morus_007278-R1	20	402	1.951146437157591	3.146340495347431	0.07609744826077025	intensified	not_significant	9	9
Morus_007278-R1	20	402	0.9979838338689325	-0.0005170246950001456	1	relaxed	not_significant	1	1
Morus_007286-R1	20	482	0.7369067721219881	0.5617698026217113	0.4535480399104136	relaxed	not_significant	9	9
Morus_007286-R1	20	482	3.714363251498241E-7	1.44893344220327	0.2286991679049061	relaxed	not_significant	1	1
Morus_007287-R1	20	236	1.012985483703216	0.000157204726292548	0.9899962810458871	intensified	not_significant	9	9
Morus_007287-R1	20	236	5.2369000976124	3.017432677951092	0.082373774835937	intensified	not_significant	1	1
Morus_007297-R1	20	306	1.085387076657307	0.05061933155593579	0.8219890739392715	intensified	not_significant	9	9
Morus_007297-R1	20	306	1.3489012757999	0.480313018495508	0.488280566359282	intensified	not_significant	1	1
Morus_007315-R1	20	517	1.085387950025311	0.05942336956104555	0.8074096603676746	intensified	not_significant	9	9
Morus_007315-R1	20	517	0.7653198999822115	0.3595212255131628	0.5487722549093013	relaxed	not_significant	1	1
Morus_007347-R2	20	240	2.311295567600401	2.05996160392624	0.1512139806669897	intensified	not_significant	9	9
Morus_007347-R2	20	240	14.26144069151927	0.3494604337811325	0.5544187244611989	intensified	not_significant	1	1
Morus_007354-R1	20	261	0.7100404697291255	1.378347006331751	0.2403829131007573	relaxed	not_significant	9	9
Morus_007354-R1	20	261	5.592084224631206	4.160495280610121	0.04137730316614718	intensified	significant_intensified	1	1
Morus_007363-R1	20	178	0.3861124739851211	0.9990045528948031	0.3175514969216774	relaxed	not_significant	9	9
Morus_007363-R1	20	178	0.1034504568110175	7.9853398835794	0.004715764127379396	relaxed	significant_relaxed	1	1
Morus_007373-R1	20	217	2.071097466885475	1.150494788497781	0.2834455970815252	intensified	not_significant	9	9
Morus_007373-R1	20	217	7.119634747928317	2.074676998780888	0.1497616412028421	intensified	not_significant	1	1
Morus_007396-R1	20	152	4.949350248863459	1.423359693309067	0.232851204742843	intensified	not_significant	9	9
Morus_007396-R1	20	152	0.310395252331735	1.379356370965525	0.2402108112460621	relaxed	not_significant	1	1
Morus_007400-R1	20	348	1.101994432369479	0.01674030124377168	0.8970535573394902	intensified	not_significant	9	9
Morus_007400-R1	20	348	0.3244166329060278	1.205866721412349	0.2721522548324151	relaxed	not_significant	1	1
Morus_007409-R1	20	264	2.476235335441357	0.8146457059906425	0.3667503012165969	intensified	not_significant	9	9
Morus_007409-R1	20	264	1	-0.0001607793155926629	1	intensified	not_significant	0	1
Morus_007410-R1	20	235	1.162326080202708	0.1043038026809882	0.7467247838254267	intensified	not_significant	9	9
Morus_007410-R1	20	235	0.000001523961904376603	1.238945163082917	0.2656744435555053	relaxed	not_significant	1	1
Morus_007418-R1	20	192	0.9293319000943903	0.01710586652825441	0.8959419104344724	relaxed	not_significant	9	9
Morus_007418-R1	20	192	1	-0.000007130264293664368	1	intensified	not_significant	0	1
Morus_007419-R1	20	424	0.7354948733318201	0.2080863119317655	0.6482714856607675	relaxed	not_significant	9	9
Morus_007419-R1	20	424	0.8688716741613999	0.01918684537668014	0.8898321600225104	relaxed	not_significant	1	1
Morus_007437-R1	20	95	0.2090145257630485	0.0001337607793630013	0.9907722722067929	relaxed	not_significant	9	9
Morus_007437-R1	20	95	1	-0.00001944024484146212	1	intensified	not_significant	0	1
Morus_007448-R1	20	459	16.90281577740695	0.2539336221352642	0.6143188118453675	intensified	not_significant	9	9
Morus_007448-R1	20	459	0.9039442936542198	0.01671297193752252	0.8971371565653983	relaxed	not_significant	1	1
Morus_007451-R1	20	196	0.2504605967477287	1.418250542719761	0.2336915699459289	relaxed	not_significant	9	9
Morus_007451-R1	20	196	1	-0.0007888992690823216	1	intensified	not_significant	0	1
Morus_007473-R1	20	270	0.9362502941121535	0.01702861139210654	0.8961758210710536	relaxed	not_significant	9	9
Morus_007473-R1	20	270	0.2337856997828366	1.464259486289848	0.2262536061650022	relaxed	not_significant	1	1
Morus_007477-R1	20	379	1.356340067125587	0.1385304853183698	0.7097463010906575	intensified	not_significant	9	9
Morus_007477-R1	20	379	0.8234150473336326	0.09677640710924607	0.7557329129828156	relaxed	not_significant	1	1
Morus_007486-R1	20	268	0.3328045021797117	4.588808984969546	0.03218136913973879	relaxed	significant_relaxed	9	9
Morus_007486-R1	20	268	0.8544688796676234	-0.0001444301992705732	1	relaxed	not_significant	1	1
Morus_007497-R1	20	234	1.180972594458582	0.1677828979491096	0.6820897801216718	intensified	not_significant	9	9
Morus_007497-R1	20	234	0.6757444172906942	0.8524545874852265	0.3558588731222592	relaxed	not_significant	1	1
Morus_007501-R1	20	172	5.511437766384054	10.08515236247695	0.001494688030543312	intensified	significant_intensified	9	9
Morus_007501-R1	20	172	23.66399622264824	0.5220500117143274	0.4699685130821029	intensified	not_significant	1	1
Morus_007508-R1	20	375	0.4063648589641946	4.199123981798039	0.04044486738387776	relaxed	significant_relaxed	9	9
Morus_007508-R1	20	375	0.6143376632573344	0.08269093220133072	0.7736833297121206	relaxed	not_significant	1	1
Morus_007517-R1	20	517	0.7109638611029963	0.4865941943398866	0.4854505026876754	relaxed	not_significant	9	9
Morus_007517-R1	20	517	0.8517480642900057	0.170504879382861	0.6796634947218083	relaxed	not_significant	1	1
Morus_007524-R1	20	246	1.365945953584773	0.7864379946308873	0.3751793756215096	intensified	not_significant	9	9
Morus_007524-R1	20	246	25.23329508392935	2.498483551371919	0.1139559787754668	intensified	not_significant	1	1
Morus_007526-R1	20	302	1.637235282629318	0.5182948341735027	0.47156996494273	intensified	not_significant	9	9
Morus_007526-R1	20	302	0.286454156114615	0.3165607646969875	0.573681867234803	relaxed	not_significant	1	1
Morus_007528-R1	20	116	0.7454627172188102	0.09431493910483368	0.7587616452081999	relaxed	not_significant	9	9
Morus_007528-R1	20	116	1	-5.556266842177138E-7	1	intensified	not_significant	0	1
Morus_007539-R1	20	234	2.130868435448534	2.724835310353228	0.09879831201384515	intensified	not_significant	9	9
Morus_007539-R1	20	234	0.6473409671609518	0.4170012231820692	0.5184371810210895	relaxed	not_significant	1	1
Morus_007559-R1	20	278	1.421210089911043	1.290279031845785	0.2559965350764921	intensified	not_significant	9	9
Morus_007559-R1	20	278	32.35513137765626	6.443770186647271	0.0111342093104484	intensified	significant_intensified	1	1
Morus_007562-R1	20	130	0.06253172625947748	2.265802532769385	0.1322576831410719	relaxed	not_significant	9	9
Morus_007562-R1	20	130	1	-0.0001492847736699332	1	intensified	not_significant	0	1
Morus_007572-R1	20	647	1.201501685509957	0.1269973734451924	0.7215658080294152	intensified	not_significant	9	9
Morus_007572-R1	20	647	1.166589737465782	0.3840662438888103	0.5354350453426522	intensified	not_significant	1	1
Morus_007584-R1	20	308	0.7561662093030769	0.3397865760616696	0.5599524401977778	relaxed	not_significant	9	9
Morus_007584-R1	20	308	30.61599272205151	0.5515437031845067	0.4576876230681858	intensified	not_significant	1	1
Morus_007585-R1	20	353	2.505139636570061	1.075560323440186	0.2996928693384837	intensified	not_significant	9	9
Morus_007585-R1	20	353	0.5031885395386649	0.2921853570742314	0.5888234936701404	relaxed	not_significant	1	1
Morus_007595-R1	20	320	1.932607497419207	1.329208018547433	0.2489461610325094	intensified	not_significant	9	9
Morus_007595-R1	20	320	0.1304505206915273	1.323249611848041	0.2500096787464114	relaxed	not_significant	1	1
Morus_007601-R4	20	409	0.6374394254491195	0.8726964418438001	0.3502098997037981	relaxed	not_significant	9	9
Morus_007601-R4	20	409	0.8690949903626803	0.01742092498534475	0.8949935051429544	relaxed	not_significant	1	1
Morus_007613-R1	20	380	0.2696277120037002	1.539481393852839	0.2146950152134703	relaxed	not_significant	9	9
Morus_007613-R1	20	380	1.314725771215603	0.07413028184237191	0.7854153691917387	intensified	not_significant	1	1
Morus_007616-R1	20	332	1.239451176734607E-7	0.5978875503305972	0.4393851583322262	relaxed	not_significant	9	9
Morus_007616-R1	20	332	0.3148518818873863	9.939707086085036	0.001617512849172775	relaxed	significant_relaxed	1	1
Morus_007665-R1	20	270	0.7094191911089237	0.4981977296520199	0.4802930963633776	relaxed	not_significant	9	9
Morus_007665-R1	20	270	0	1.923954280058751	0.1654213976122175	relaxed	not_significant	1	1
Morus_007675-R1	20	141	1.70800109188236	0.3268323747929571	0.5675302807209812	intensified	not_significant	9	9
Morus_007675-R1	20	141	1.001781329069933	-0.00105705831447267	1	intensified	not_significant	1	1
Morus_007686-R1	20	210	1.299735663956312	0.4283340169304211	0.5128075550461755	intensified	not_significant	9	9
Morus_007686-R1	20	210	1.951559247680322	0.9181998734129593	0.3379480710992074	intensified	not_significant	1	1
Morus_007773-R2	20	345	3.252937301728501	4.578423875168482	0.03237698232898067	intensified	significant_intensified	9	9
Morus_007773-R2	20	345	50	31.31299713683347	2.196045412183878E-8	intensified	significant_intensified	1	1
Morus_007799-R1	20	361	0.4558204747352377	0.9450653847825379	0.3309785499746714	relaxed	not_significant	9	9
Morus_007799-R1	20	361	0	0.0700515581684158	0.7912617263195074	relaxed	not_significant	1	1
Morus_007800-R1	20	373	28.6324871798523	3.06315492381782	0.08008603212084797	intensified	not_significant	9	9
Morus_007800-R1	20	373	3.157642078263482	0.7684643310649335	0.3806925434801055	intensified	not_significant	1	1
Morus_007806-R1	20	313	1.97116161876505	0.2763138232867277	0.599127509342694	intensified	not_significant	9	9
Morus_007806-R1	20	313	1	-0.00004384920339361997	1	intensified	not_significant	0	1
Morus_007815-R1	20	136	0.7284021118204731	0.3733071377014312	0.541207090423766	relaxed	not_significant	9	9
Morus_007815-R1	20	136	1	-0.000003679248948174063	1	intensified	not_significant	0	1
Morus_007842-R1	20	184	4.016524856444035	0.1656435417025932	0.6840129132267383	intensified	not_significant	9	9
Morus_007842-R1	20	184	0	2.404876903983677	0.1209576386730881	relaxed	not_significant	1	1
Morus_007909-R1	20	291	1.979801242893291	2.270546158187244	0.1318534288057516	intensified	not_significant	9	9
Morus_007909-R1	20	291	4.881866763869672	1.583200085330645	0.2083003486283519	intensified	not_significant	1	1
Morus_007919-R1	20	704	3.421044737113371	3.05834707136637	0.08032334088031401	intensified	not_significant	9	9
Morus_007919-R1	20	704	2.259015148991745	1.311717762688204	0.2520838805258472	intensified	not_significant	1	1
Morus_007934-R1	20	180	36.92870314875285	1.735966742051914	0.1876506797370372	intensified	not_significant	9	9
Morus_007934-R1	20	180	1.689370188154868E-8	2.043089517207136	0.152898828736116	relaxed	not_significant	1	1
Morus_007941-R1	20	186	1.526138238381033	0.1750088566977865	0.6756981102498844	intensified	not_significant	9	9
Morus_007941-R1	20	186	1	-0.0000104090340755647	1	intensified	not_significant	0	1
Morus_007965-R1	20	469	0.5199194150742859	0.6819751048324179	0.4089074325659394	relaxed	not_significant	9	9
Morus_007965-R1	20	469	1.571330072780614	0.03855208968707302	0.8443386856626572	intensified	not_significant	1	1
Morus_007968-R1	20	378	2.931116540858652	4.729500495652246	0.02964949477259782	intensified	significant_intensified	9	9
Morus_007968-R1	20	378	0.7967196695810012	0.001519480274509988	0.9689059263991927	relaxed	not_significant	1	1
Morus_007976-R1	20	398	0.4077332773292652	11.71170638345848	0.0006210814096512252	relaxed	significant_relaxed	9	9
Morus_007976-R1	20	398	0.5845746205618654	0.8900060556061362	0.3454756669515555	relaxed	not_significant	1	1
Morus_007988-R1	20	574	2.106487147930757	1.517701020111417	0.2179677292666113	intensified	not_significant	9	9
Morus_007988-R1	20	574	2.293471123066088	4.494147985456948	0.03401105816546401	intensified	significant_intensified	1	1
Morus_008005-R1	20	276	5.281470330517181E-7	7.341511145074037	0.006738017353717596	relaxed	significant_relaxed	9	9
Morus_008005-R1	20	276	0.2755994542401656	1.738737750111795	0.1872988417095771	relaxed	not_significant	1	1
Morus_008018-R1	20	451	0.7628890895412791	2.09377915809273	0.1478998117107769	relaxed	not_significant	9	9
Morus_008018-R1	20	451	7.538540340102454	3.119298139868988	0.07737010203400518	intensified	not_significant	1	1
Morus_008021-R1	20	915	3.747230126147955	2.002691052553928	0.1570202196874908	intensified	not_significant	9	9
Morus_008021-R1	20	915	0.04230017410258432	1.598108367714303	0.2061714887873568	relaxed	not_significant	1	1
Morus_008029-R1	20	248	0.08770679657808172	5.165003306208746	0.02304641377356798	relaxed	significant_relaxed	9	9
Morus_008029-R1	20	248	2.291620819677882	0.4599864969522969	0.4976302839505208	intensified	not_significant	1	1
Morus_008040-R1	20	651	29.85163252270332	3.618363474262878	0.05714505975175743	intensified	not_significant	9	9
Morus_008040-R1	20	651	0.2129665033604955	0.2440762813857873	0.62127738740686	relaxed	not_significant	1	1
Morus_008042-R1	20	262	0.9932588940910134	0.0001344641764262633	0.9907480425493358	relaxed	not_significant	9	9
Morus_008042-R1	20	262	14.61795353343149	0.2938896559371642	0.5877386616616181	intensified	not_significant	1	1
Morus_008069-R1	20	319	0.8384184529630213	0.3515817829602383	0.5532190840694747	relaxed	not_significant	9	9
Morus_008069-R1	20	319	1	-0.000003235928488720674	1	intensified	not_significant	0	1
Morus_008078-R1	20	142	0.854985660125623	0.004671720590977202	0.945507034034186	relaxed	not_significant	9	9
Morus_008078-R1	20	142	1	-0.0002692379262043687	1	intensified	not_significant	0	1
Morus_008094-R1	20	236	1.50425401578857	0.3835215839408193	0.5357245441043608	intensified	not_significant	9	9
Morus_008094-R1	20	236	0.4977291676358635	1.530418100490351	0.216049706223915	relaxed	not_significant	1	1
Morus_008095-R1	20	201	0.9904579021574628	0.0003643353620645939	0.984771246628088	relaxed	not_significant	9	9
Morus_008095-R1	20	201	0.334315519897234	1.058940672116478	0.303456917506191	relaxed	not_significant	1	1
Morus_008102-R1	20	117	9.681803046342154	0.1299310849044559	0.7185035031538913	intensified	not_significant	9	9
Morus_008102-R1	20	117	1	-0.00004558659838949097	1	intensified	not_significant	0	1
Morus_008104-R1	20	313	2.791515946115941	4.874554968248958	0.02725546803945611	intensified	significant_intensified	9	9
Morus_008104-R1	20	313	1	-0.0000169650975294644	1	intensified	not_significant	0	1
Morus_008105-R1	20	195	0.3407834015736176	0.9633147344261488	0.3263531434980107	relaxed	not_significant	9	9
Morus_008105-R1	20	195	1.606446452009116	0.8507795036143762	0.356331913543965	intensified	not_significant	1	1
Morus_008119-R1	20	565	0.6866561311461843	0.4076367966863472	0.5231714176168571	relaxed	not_significant	9	9
Morus_008119-R1	20	565	0	5.168348172957849	0.02300207803187637	relaxed	significant_relaxed	1	1
Morus_008129-R2	20	678	0.6171895858959285	0.5303922781076835	0.4664419843636537	relaxed	not_significant	9	9
Morus_008129-R2	20	678	26.65309337755471	0.4487272236565332	0.5029399960764638	intensified	not_significant	1	1
Morus_008143-R1	20	374	0.8675837132096795	0.09360792245934135	0.7596395799738176	relaxed	not_significant	9	9
Morus_008143-R1	20	374	0.7177854551943803	0.2009399267581102	0.6539632315669448	relaxed	not_significant	1	1
Morus_008154-R1	20	431	0.8781890948116038	0.2036296970727562	0.6518068739302404	relaxed	not_significant	9	9
Morus_008154-R1	20	431	1.040003049629778	0.0053654564635508	0.9416077549406214	intensified	not_significant	1	1
Morus_008170-R1	20	280	0.3238400707125089	5.071762651410609	0.02431864324090915	relaxed	significant_relaxed	9	9
Morus_008170-R1	20	280	11.25547859600534	20.36682616844519	0.000006392847433089877	intensified	significant_intensified	1	1
Morus_008179-R1	20	591	2.430742718103941	2.323108987371597	0.1274650377356209	intensified	not_significant	9	9
Morus_008179-R1	20	591	3.005339164992715	0.9139711807092681	0.3390629386708549	intensified	not_significant	1	1
Morus_008190-R1	20	315	0.7578330059541787	0.9357642677614422	0.3333695495937854	relaxed	not_significant	9	9
Morus_008190-R1	20	315	0.6082814382128574	0.9146018126775743	0.3388963635575265	relaxed	not_significant	1	1
Morus_008192-R1	20	215	0.924060965838906	0.05447191960138298	0.8154568685015846	relaxed	not_significant	9	9
Morus_008192-R1	20	215	0	2.389254697669458	0.1221718627312326	relaxed	not_significant	1	1
Morus_008197-R1	20	329	0.2608124683195844	3.461208618511591	0.0628243779251233	relaxed	not_significant	9	9
Morus_008197-R1	20	329	1.548360864075415	1.648421131349096	0.1991739599058205	intensified	not_significant	1	1
Morus_008199-R1	20	633	0.8056043637779086	0.400332836204143	0.5269174165000687	relaxed	not_significant	9	9
Morus_008199-R1	20	633	1.013697890982179E-15	4.207503807700959	0.04024551948724409	relaxed	significant_relaxed	1	1
Morus_008214-R1	20	748	1.90505723621491	1.342514720179679	0.2465909787494237	intensified	not_significant	9	9
Morus_008214-R1	20	748	3.130677152275179	3.074411229485122	0.0795333871787155	intensified	not_significant	1	1
Morus_008287-R1	20	252	2.033329817978793	1.231772625938902	0.2670625813858448	intensified	not_significant	9	9
Morus_008287-R1	20	252	0.9073759970044497	0.02409572878741528	0.8766415831434368	relaxed	not_significant	1	1
Morus_008298-R1	20	318	1.764320701166959	0.3600278960329888	0.5484907432042284	intensified	not_significant	9	9
Morus_008298-R1	20	318	50	0.6539230652269907	0.4187135635583498	intensified	not_significant	1	1
Morus_008300-R1	20	252	6.910381769090833	4.057253449162545	0.04398198008462129	intensified	significant_intensified	9	9
Morus_008300-R1	20	252	0.7453499245262578	0.09632492708260543	0.7562852518109637	relaxed	not_significant	1	1
Morus_008309-R1	20	374	0.7266137813185194	0.5621560356976261	0.4533928451657405	relaxed	not_significant	9	9
Morus_008309-R1	20	374	3.2984641110423	0.6376758871338097	0.4245536472559688	intensified	not_significant	1	1
Morus_008311-R1	20	296	3.471729560170529	2.18352994007364	0.1394941969938303	intensified	not_significant	9	9
Morus_008311-R1	20	296	0.1563398995968312	1.393110783044904	0.2378804646422545	relaxed	not_significant	1	1
Morus_008312-R1	20	248	1.221544711164241	0.286086290016101	0.5927395131866628	intensified	not_significant	9	9
Morus_008312-R1	20	248	0.5532447767077621	0.5158377532989107	0.4726225987729747	relaxed	not_significant	1	1
Morus_008315-R1	20	357	0.7846677228290622	0.4918993647015668	0.4830812626235492	relaxed	not_significant	9	9
Morus_008315-R1	20	357	0.0589609236608411	2.961059633690638	0.08529202819153603	relaxed	not_significant	1	1
Morus_008321-R1	20	210	20.69990033550033	4.133765924837462	0.04203570660041778	intensified	significant_intensified	9	9
Morus_008321-R1	20	210	19.74477745434881	0.9699723927478772	0.3246870642181795	intensified	not_significant	1	1
Morus_008322-R2	20	700	0.8029277741766643	0.1053507181950408	0.7455006663831338	relaxed	not_significant	9	9
Morus_008322-R2	20	700	0.2100391667835138	2.125160379069712	0.144897613288741	relaxed	not_significant	1	1
Morus_008329-R1	20	529	1.350780243561409	0.589396843070972	0.4426524506218432	intensified	not_significant	9	9
Morus_008329-R1	20	529	0.3321346156456887	0.07819357218068035	0.7797605166722087	relaxed	not_significant	1	1
Morus_008330-R1	20	413	1.481210753680909	0.1872528045814761	0.6652129879994222	intensified	not_significant	9	9
Morus_008330-R1	20	413	1.246558093074997	0.1602028136076115	0.6889698599137973	intensified	not_significant	1	1
Morus_008331-R1	20	317	0.9233311471960171	0.02228870784438186	0.8813216246702164	relaxed	not_significant	9	9
Morus_008331-R1	20	317	3.257105940056331	1.438259002447012	0.2304212796265646	intensified	not_significant	1	1
Morus_008338-R1	20	553	0.827917732796881	0.3872621308637463	0.5337420641835799	relaxed	not_significant	9	9
Morus_008338-R1	20	553	1	-0.0000854642612466705	1	intensified	not_significant	0	1
Morus_008343-R1	20	830	0.9666724139203279	0.00769935851531045	0.9300785669504446	relaxed	not_significant	9	9
Morus_008343-R1	20	830	0.9693246930805846	0.009833741512920824	0.9210070865100419	relaxed	not_significant	1	1
Morus_008344-R1	20	284	1.203003427052993	0.05214367964890698	0.8193742297350192	intensified	not_significant	9	9
Morus_008344-R1	20	284	0.2816360930683346	0.9445457650758726	0.331111522690747	relaxed	not_significant	1	1
Morus_008347-R1	20	349	1.536427125243545	0.2305662951512204	0.6311042467837489	intensified	not_significant	9	9
Morus_008347-R1	20	349	0.2535743613789534	1.395224532475368	0.2375247788746861	relaxed	not_significant	1	1
Morus_008370-R1	20	392	1.216620927804631	0.2767472958330472	0.5988411230095688	intensified	not_significant	9	9
Morus_008370-R1	20	392	21.07183468202765	3.54513460956241	0.05972032131740823	intensified	not_significant	1	1
Morus_008374-R1	20	251	1.027824845425902	0.009555303914567048	0.9221298308095688	intensified	not_significant	9	9
Morus_008374-R1	20	251	1.074901716087752	0.01378397938060516	0.9065389689971622	intensified	not_significant	1	1
Morus_008376-R1	20	478	1.926828352386214	1.08643718570238	0.2972619637035748	intensified	not_significant	9	9
Morus_008376-R1	20	478	1.028613162468985	0.002107173938384221	0.9633867944590735	intensified	not_significant	1	1
Morus_008379-R1	20	425	1.225738669219483	0.05277684237989888	0.8182999419617987	intensified	not_significant	9	9
Morus_008379-R1	20	425	4.700054758292599	0.9517219259705598	0.3292813829087132	intensified	not_significant	1	1
Morus_008381-R1	20	167	0.9706355080726399	0.001362707205771585	0.9705528878360349	relaxed	not_significant	9	9
Morus_008381-R1	20	167	1.037184391968654E-15	2.316880525529541	0.1279764455225287	relaxed	not_significant	1	1
Morus_008382-R1	20	127	0.04978586150131385	1.796212047435802	0.1801711153628951	relaxed	not_significant	9	9
Morus_008382-R1	20	127	1	-8.993538358481601E-9	1	intensified	not_significant	0	1
Morus_008393-R1	20	236	0.8075190145813091	0.004419644648805843	0.9469953553478246	relaxed	not_significant	9	9
Morus_008393-R1	20	236	1.206366577589811	0.07276098815145815	0.787358401928833	intensified	not_significant	1	1
Morus_008395-R1	20	562	0.8392858242810028	0.1249249173888529	0.723753211932235	relaxed	not_significant	9	9
Morus_008395-R1	20	562	1.182374350793676	0.1079551714119589	0.7424842623833636	intensified	not_significant	1	1
Morus_008397-R1	20	222	0.6676940212970316	0.3970309745027407	0.5286265824569063	relaxed	not_significant	9	9
Morus_008397-R1	20	222	0	0.09906196371684928	0.7529582312703981	relaxed	not_significant	1	1
Morus_008407-R1	20	470	2.01625035110637	2.787907559396444	0.0949781725152169	intensified	not_significant	9	9
Morus_008407-R1	20	470	1.087620260715198	0.02339902691164752	0.8784239799949046	intensified	not_significant	1	1
Morus_008410-R1	20	201	0.7105904220931846	0.2176257640253425	0.6408549523248287	relaxed	not_significant	9	9
Morus_008410-R1	20	201	1	0	1	intensified	not_significant	0	1
Morus_008414-R1	20	299	0.776757079797291	0.09286940038828106	0.7605605169669855	relaxed	not_significant	9	9
Morus_008414-R1	20	299	23.63221449223229	1.317621217408487	0.2510194144410296	intensified	not_significant	1	1
Morus_008415-R1	20	389	1.179496062080893	0.2485756508403938	0.6180797958864531	intensified	not_significant	9	9
Morus_008415-R1	20	389	0.2611769989213714	0.925659357443692	0.3359933842764979	relaxed	not_significant	1	1
Morus_008416-R1	20	234	1.953327193492009	2.530171989589235	0.1116880420763222	intensified	not_significant	9	9
Morus_008416-R1	20	234	0.6032860182762646	0.195740744340128	0.6581809853576874	relaxed	not_significant	1	1
Morus_008422-R1	20	502	2.155604609311972	0.9513534772886487	0.3293750205122156	intensified	not_significant	9	9
Morus_008422-R1	20	502	6.451681049203907	2.292854386457293	0.12997070570347	intensified	not_significant	1	1
Morus_008423-R1	20	438	0.9190138344967148	0.03961558512492047	0.8422340812967648	relaxed	not_significant	9	9
Morus_008423-R1	20	438	0.02978153310357626	5.102195962124824	0.02389557338543025	relaxed	significant_relaxed	1	1
Morus_008424-R1	20	417	0.8324179824842867	0.1567493102320441	0.6921671545269683	relaxed	not_significant	9	9
Morus_008424-R1	20	417	2.126858634710755	0.8600315316489286	0.3537298678758887	intensified	not_significant	1	1
Morus_008425-R1	20	333	5.057079048721409	1.346188444877043	0.2459455649324152	intensified	not_significant	9	9
Morus_008425-R1	20	333	4.163393714997118	1.469015514505372	0.225501087643588	intensified	not_significant	1	1
Morus_008427-R2	20	326	0	3.606636004516986	0.05754941886283915	relaxed	not_significant	9	9
Morus_008427-R2	20	326	18.92723260300752	1.347718546752731	0.2456773599008858	intensified	not_significant	1	1
Morus_008428-R1	20	481	0.6605468914039493	0.8556295417838555	0.3549646304807164	relaxed	not_significant	9	9
Morus_008428-R1	20	481	1.607096906318626	0.3955562852415824	0.5293931460988339	intensified	not_significant	1	1
Morus_008429-R1	20	442	0.2563135242702529	4.917083898359124	0.02659236549519739	relaxed	significant_relaxed	9	9
Morus_008429-R1	20	442	0.6559807643348056	0.3723299249631964	0.5417369905767745	relaxed	not_significant	1	1
Morus_008432-R1	20	388	0.1422921629231867	8.908522783134686	0.002838427810078259	relaxed	significant_relaxed	9	9
Morus_008432-R1	20	388	0.1423415597204278	1.741715879386902	0.1869215603417811	relaxed	not_significant	1	1
Morus_008436-R1	20	449	0.5690784751070321	1.809517613086427	0.1785661076288408	relaxed	not_significant	9	9
Morus_008436-R1	20	449	3.117997576320704	0.3225440884662021	0.5700827373804741	intensified	not_significant	1	1
Morus_008438-R1	20	220	0.1537705116570894	1.006750949494744	0.3156824711854884	relaxed	not_significant	9	9
Morus_008438-R1	20	220	0	1.73680164082316	0.1875445908362575	relaxed	not_significant	1	1
Morus_008439-R1	20	536	1.18219236878622	0.01013883491486922	0.9197951354252077	intensified	not_significant	9	9
Morus_008439-R1	20	536	0.2082581968357866	2.752876266079511	0.09707964835374905	relaxed	not_significant	1	1
Morus_008440-R1	20	414	1.558848086552474	0.6690693308382833	0.413376268956515	intensified	not_significant	9	9
Morus_008440-R1	20	414	0.8409962195027791	0.06352992002484825	0.8010013164750669	relaxed	not_significant	1	1
Morus_008443-R1	20	293	0.3373110224735139	1.612733347646099	0.2041080029919992	relaxed	not_significant	9	9
Morus_008443-R1	20	293	1.785931786453475	0.8453876694165956	0.3578604269248407	intensified	not_significant	1	1
Morus_008444-R1	20	495	0.2840806994137328	1.593034666318999	0.2068931000106422	relaxed	not_significant	9	9
Morus_008444-R1	20	495	50	5.415594034285277	0.01995766136684562	intensified	significant_intensified	1	1
Morus_008446-R1	20	377	1.146705813785898	0.08795705625379924	0.7667905805225311	intensified	not_significant	9	9
Morus_008446-R1	20	377	0.2241135498416308	0.2358181473646255	0.6272429199382494	relaxed	not_significant	1	1
Morus_008449-R1	20	436	1.454932408712996	0.04569964212623745	0.8307227193124287	intensified	not_significant	9	9
Morus_008449-R1	20	436	0.4107201808806503	3.574147819767859	0.05868555253589558	relaxed	not_significant	1	1
Morus_008450-R3	20	710	0.6674138700880142	1.604836223936218	0.205219191686854	relaxed	not_significant	9	9
Morus_008450-R3	20	710	0.998473302475866	-0.0005084620388515759	1	relaxed	not_significant	1	1
Morus_008452-R1	20	325	3.078423485077441	1.797310867085798	0.1800379382808547	intensified	not_significant	9	9
Morus_008452-R1	20	325	1.056125645918584	0.007084867434969055	0.9329199545650398	intensified	not_significant	1	1
Morus_008453-R1	20	557	2.297313796735273	10.82302841050114	0.001002453851895568	intensified	significant_intensified	9	9
Morus_008453-R1	20	557	0.7769564405022683	0.3540968512916152	0.5518031137035436	relaxed	not_significant	1	1
Morus_008461-R4	20	333	1.69504578454735	1.385397175234175	0.2391839471321344	intensified	not_significant	9	9
Morus_008461-R4	20	333	1	-0.00000897706559044309	1	intensified	not_significant	0	1
Morus_008463-R1	20	313	0.9736290632095181	0.005236268029875646	0.9423137756849889	relaxed	not_significant	9	9
Morus_008463-R1	20	313	0.000001743684611433218	1.693797724261458	0.1931011012356612	relaxed	not_significant	1	1
Morus_008464-R1	20	238	0.9866421392198698	0.00003856648936562124	0.9950450152321918	relaxed	not_significant	9	9
Morus_008464-R1	20	238	1.121197133875324	0.06677348148696183	0.7960938542954277	intensified	not_significant	1	1
Morus_008472-R1	20	674	1.04858969039496	0.0329918116240151	0.855868016506331	intensified	not_significant	9	9
Morus_008472-R1	20	674	0.2434418592681743	3.252599406330773	0.07131028414928886	relaxed	not_significant	1	1
Morus_008473-R1	20	298	3.548286394908995	3.732739308963573	0.05335582270924677	intensified	not_significant	9	9
Morus_008473-R1	20	298	16.5116175271799	0.5983689959757612	0.4392010055554824	intensified	not_significant	1	1
Morus_008479-R1	20	488	1.004451149115606	-0.001339380120043643	1	intensified	not_significant	9	9
Morus_008479-R1	20	488	1.113642517675424	0.04813219884908904	0.8263458566336925	intensified	not_significant	1	1
Morus_008481-R1	20	321	0.1871309565181807	0.9578148277760192	0.3277380451367145	relaxed	not_significant	9	9
Morus_008481-R1	20	321	0.976967021196371	0.0007547807108494453	0.9780822571250271	relaxed	not_significant	1	1
Morus_008484-R1	20	355	0.752768976288573	0.423321268835025	0.515284430970206	relaxed	not_significant	9	9
Morus_008484-R1	20	355	0.1961934788875319	2.709300299005918	0.09976474103769417	relaxed	not_significant	1	1
Morus_008492-R1	20	614	0.6921475068988725	0.4320649765159033	0.5109774315185054	relaxed	not_significant	9	9
Morus_008492-R1	20	614	0.06695322655967001	1.661124843069047	0.1974515182971199	relaxed	not_significant	1	1
Morus_008503-R1	20	429	17.99183273686559	0.4097806594500071	0.5220808549809157	intensified	not_significant	9	9
Morus_008503-R1	20	429	2.788940107803051E-10	12.17045363917896	0.0004855249654377447	relaxed	significant_relaxed	1	1
Morus_008505-R2	20	231	0.0655018230754684	3.57239624044314	0.05874747962957239	relaxed	not_significant	9	9
Morus_008505-R2	20	231	2.550181533619507E-8	0.4884441631893424	0.4846221496701899	relaxed	not_significant	1	1
Morus_008506-R1	20	300	0.533920070837418	0.9536305991623522	0.3287968781455282	relaxed	not_significant	9	9
Morus_008506-R1	20	300	50	19.63601279748127	0.000009368661430864123	intensified	significant_intensified	1	1
Morus_008511-R1	20	172	0.1356235488971052	4.989302742106247	0.02550448372159331	relaxed	significant_relaxed	9	9
Morus_008511-R1	20	172	0.286288088010928	1.026024077071725	0.3110943305166138	relaxed	not_significant	1	1
Morus_008514-R1	20	765	0.9960202892407537	0.0005574559399974532	0.9811632928186742	relaxed	not_significant	9	9
Morus_008514-R1	20	765	1.399172572311475	0.4480587089456094	0.5032582870952431	intensified	not_significant	1	1
Morus_008528-R1	20	441	0.7753157161191555	0.3834734876190851	0.5357501220234659	relaxed	not_significant	9	9
Morus_008528-R1	20	441	0.7003793369315817	0.8076008813359294	0.3688305028527512	relaxed	not_significant	1	1
Morus_008529-R2	20	336	1.556753491691105	0.3047412896394235	0.5809252126197884	intensified	not_significant	9	9
Morus_008529-R2	20	336	0.644749955266566	0.5509047619066223	0.4579482444641096	relaxed	not_significant	1	1
Morus_008533-R2	20	318	1.035258725317938	0.005226431555456656	0.9423678893224379	intensified	not_significant	9	9
Morus_008533-R2	20	318	1.744866103444723	0.1102407049093017	0.7398702629912639	intensified	not_significant	1	1
Morus_008537-R1	20	713	7.162110432541921	2.224351498420219	0.1358496875445576	intensified	not_significant	9	9
Morus_008537-R1	20	713	3.46957778061063	2.591090928170161	0.107466293334965	intensified	not_significant	1	1
Morus_008547-R1	20	212	0.3243173705643266	2.412283631986156	0.1203866336577112	relaxed	not_significant	9	9
Morus_008547-R1	20	212	2.019973577365591	0.2761552576821487	0.5992323419771095	intensified	not_significant	1	1
Morus_008553-R1	20	466	1.230162638138613	0.2335076033023142	0.6289351027393584	intensified	not_significant	9	9
Morus_008553-R1	20	466	0.9753646704365941	0.002159886199478933	0.9629319977285085	relaxed	not_significant	1	1
Morus_008556-R1	20	660	1.467425580308071	1.45404502852216	0.2278800009551721	intensified	not_significant	9	9
Morus_008556-R1	20	660	0	11.19577291543283	0.0008198388099084353	relaxed	significant_relaxed	1	1
Morus_008557-R1	20	715	2.777722746911611	1.191124175351433	0.2751029141056388	intensified	not_significant	9	9
Morus_008557-R1	20	715	1.361527884994254	0.2531837679871387	0.6148421569670983	intensified	not_significant	1	1
Morus_008559-R2	20	375	0.8359929942638497	0.01155197127991414	0.9144081140436439	relaxed	not_significant	9	9
Morus_008559-R2	20	375	0.8983943624474043	0.00838530831697426	0.9270386317686276	relaxed	not_significant	1	1
Morus_008560-R1	20	406	1.136366487751694	0.1210780720257389	0.7278681622513036	intensified	not_significant	9	9
Morus_008560-R1	20	406	1.025549081507529	0.002840549926077074	0.9574954220709542	intensified	not_significant	1	1
Morus_008561-R1	20	492	0.7732628235895631	0.3933895097543427	0.5305230909084737	relaxed	not_significant	9	9
Morus_008561-R1	20	492	0.6303882025157134	0.6463445342897103	0.4214226437669099	relaxed	not_significant	1	1
Morus_008568-R1	20	191	0.5324492981455822	0.2842826613145917	0.5939078495716628	relaxed	not_significant	9	9
Morus_008568-R1	20	191	1	-0.0002636442463881394	1	intensified	not_significant	0	1
Morus_008569-R1	20	251	0.1788105452178743	0.9606395833197894	0.32702578788519	relaxed	not_significant	9	9
Morus_008569-R1	20	251	1.695938181530946	0.02557438846997684	0.872944137729174	intensified	not_significant	1	1
Morus_008572-R2	20	280	2.015892011679818	0.4706424588139271	0.4926917558988994	intensified	not_significant	9	9
Morus_008572-R2	20	280	7.782193148435849	0.2010543842288826	0.6538711201883531	intensified	not_significant	1	1
Morus_008573-R1	20	231	1.520616338701575	0.2528645470270021	0.6150652453726742	intensified	not_significant	9	9
Morus_008573-R1	20	231	2.196135741230376	0.6583702060584073	0.4171359121499442	intensified	not_significant	1	1
Morus_008575-R1	20	239	0.7331334509407513	0.2310721572453076	0.6307299772025947	relaxed	not_significant	9	9
Morus_008575-R1	20	239	0.4037336629386249	0.4531941999489391	0.5008219699761527	relaxed	not_significant	1	1
Morus_008576-R1	20	147	1.969531939789923	2.401003933749053	0.1212574106287806	intensified	not_significant	9	9
Morus_008576-R1	20	147	0.6840977448792451	0.03041167461196892	0.861559417727298	relaxed	not_significant	1	1
Morus_008580-R1	20	189	31.55545570963386	1.647424221562687	0.1993098712358845	intensified	not_significant	9	9
Morus_008580-R1	20	189	7.491850600616856	0.0005469718812491919	0.981341231686325	intensified	not_significant	1	1
Morus_008583-R1	20	257	0.3667830230097308	0.6283191390502907	0.427972535856735	relaxed	not_significant	9	9
Morus_008583-R1	20	257	0.6414981519289277	0.1034182003713795	0.7477655914903938	relaxed	not_significant	1	1
Morus_008584-R1	20	468	1.249832505171794	0.3505200326526392	0.55381889977525	intensified	not_significant	9	9
Morus_008584-R1	20	468	0	1.268267476301844	0.260091951993688	relaxed	not_significant	1	1
Morus_008585-R1	20	244	0.2241345473640922	1.293829634668327	0.2553433955222904	relaxed	not_significant	9	9
Morus_008585-R1	20	244	0.1956406961358234	0.709401795226313	0.3996424729760248	relaxed	not_significant	1	1
Morus_008587-R1	20	725	3.156740159861512	2.070472208242791	0.1501750176251148	intensified	not_significant	9	9
Morus_008587-R1	20	725	1.897914281437494	1.220859972245307	0.2691919481935205	intensified	not_significant	1	1
Morus_008589-R1	20	448	1.051266912636207	0.01418331845252396	0.9052010917238723	intensified	not_significant	9	9
Morus_008589-R1	20	448	1.108103755704249	0.04505102222174173	0.8319102371993081	intensified	not_significant	1	1
Morus_008596-R1	20	446	1.262080008438735	0.2456534434659261	0.6201523885146301	intensified	not_significant	9	9
Morus_008596-R1	20	446	0.000002259649694643246	0.9334096635075184	0.3339784907311818	relaxed	not_significant	1	1
Morus_008601-R1	20	411	2.083120832238885	7.919437346851737	0.004890647964910677	intensified	significant_intensified	9	9
Morus_008601-R1	20	411	1.115087862420861	0.02650800246919971	0.8706658428109716	intensified	not_significant	1	1
Morus_008603-R1	20	979	0.3185259692633136	2.447375759253191	0.1177215305435539	relaxed	not_significant	9	9
Morus_008603-R1	20	979	0.7261512682906646	0.4248035245345818	0.5145498586555164	relaxed	not_significant	1	1
Morus_008611-R1	20	328	2.186399794598613	2.497721510271731	0.1140111391574867	intensified	not_significant	9	9
Morus_008611-R1	20	328	1.245361542126005	0.204712942560036	0.6509432895338284	intensified	not_significant	1	1
Morus_008612-R1	20	469	0.7900037223351016	0.1196331822093271	0.7294326739896682	relaxed	not_significant	9	9
Morus_008612-R1	20	469	2.951723802958596	3.742762335541556	0.05303669663353017	intensified	not_significant	1	1
Morus_008618-R1	20	234	1.279889501113494	0.2376674268334682	0.6258959212679078	intensified	not_significant	9	9
Morus_008618-R1	20	234	0.2731206717197452	2.708811762553523	0.09979529967655443	relaxed	not_significant	1	1
Morus_008620-R1	20	209	1.023382070700187	0.001861868054220395	0.9655824650676995	intensified	not_significant	9	9
Morus_008620-R1	20	209	0.3638580411175797	1.56261204129305	0.2112831767582176	relaxed	not_significant	1	1
Morus_008628-R1	20	284	1.856870145882476	2.284367804099475	0.1306833816622026	intensified	not_significant	9	9
Morus_008628-R1	20	284	0.3204596366357465	1.533622941309204	0.2155695192494174	relaxed	not_significant	1	1
Morus_008633-R1	20	426	1.186303733620451	0.4523056581110723	0.5012420629576477	intensified	not_significant	9	9
Morus_008633-R1	20	426	0.2483956735130244	0.9398598045045219	0.3323138990115688	relaxed	not_significant	1	1
Morus_008636-R1	20	355	1.001052837053492	-0.000851105542096775	1	intensified	not_significant	9	9
Morus_008636-R1	20	355	1.424617671757333	0.03091744823086628	0.8604246867687687	intensified	not_significant	1	1
Morus_008637-R1	20	210	0.1771638560184714	0.934035128528194	0.333816589938883	relaxed	not_significant	9	9
Morus_008637-R1	20	210	0.5684529770293223	0.05287734051944426	0.818130051682018	relaxed	not_significant	1	1
Morus_008638-R1	20	374	1.136797136265699	0.05064462956579519	0.8219453429427515	intensified	not_significant	9	9
Morus_008638-R1	20	374	0.9439782969591747	0.004729033552393958	0.9451743147937417	relaxed	not_significant	1	1
Morus_008642-R1	20	321	2.321386222360746	0.6365285014535402	0.4249706798752597	intensified	not_significant	9	9
Morus_008642-R1	20	321	0.8544682953916329	-0.0002484036840542103	1	relaxed	not_significant	1	1
Morus_008646-R4	20	774	1.058198203787735	0.04491704411702813	0.8321566405820169	intensified	not_significant	9	9
Morus_008646-R4	20	774	1.08189502803317E-7	1.044568820230779	0.3067612608146391	relaxed	not_significant	1	1
Morus_008648-R1	20	754	0.774312516643697	1.088545036493088	0.296793806741094	relaxed	not_significant	9	9
Morus_008648-R1	20	754	0.6655590369800192	0.8998984577356168	0.3428089398704991	relaxed	not_significant	1	1
Morus_008653-R1	20	506	1.204466740854145	0.6786818500686422	0.4100409941747134	intensified	not_significant	9	9
Morus_008653-R1	20	506	1.27122458794439	0.8100791679407848	0.3680968457564352	intensified	not_significant	1	1
Morus_008657-R1	20	437	6.878352887316443	5.232648889697884	0.02216674923117889	intensified	significant_intensified	9	9
Morus_008657-R1	20	437	7.750930143725014	28.55237792358275	9.119775945531927E-8	intensified	significant_intensified	1	1
Morus_008662-R1	20	482	1.45610335738748	0.1320736813058829	0.7162915903571432	intensified	not_significant	9	9
Morus_008662-R1	20	482	0.9036581376187983	0.04207963904082135	0.8374680404010356	relaxed	not_significant	1	1
Morus_008667-R1	20	293	1.126668151108008	0.04829335903013998	0.8260600201801273	intensified	not_significant	9	9
Morus_008667-R1	20	293	0	0.2812971674293294	0.5958522651060458	relaxed	not_significant	1	1
Morus_008668-R1	20	462	0.7013430544231997	0.8199517398106764	0.365194276404869	relaxed	not_significant	9	9
Morus_008668-R1	20	462	0.5324896882935515	0.8711804015638336	0.3506287308315871	relaxed	not_significant	1	1
Morus_008671-R1	20	482	3.30519801659822	8.843712240119203	0.002941003343376436	intensified	significant_intensified	9	9
Morus_008671-R1	20	482	0.5292083654316055	1.260337759375943	0.2615871670946204	relaxed	not_significant	1	1
Morus_008675-R1	20	516	0.2297177074879684	5.156528752602753	0.02315913979904372	relaxed	significant_relaxed	9	9
Morus_008675-R1	20	516	1.111403564271894	0.03769630515125755	0.8460542325690346	intensified	not_significant	1	1
Morus_008678-R2	20	193	1.460867211109669	0.4263450606922561	0.5137878427358173	intensified	not_significant	9	9
Morus_008678-R2	20	193	4.795807946939505	0.3354622157776248	0.5624603021803349	intensified	not_significant	1	1
Morus_008680-R1	20	400	1.36561869792502	0.9138047098740572	0.3391069286245529	intensified	not_significant	9	9
Morus_008680-R1	20	400	0.2784918962465155	0.5154929462669315	0.4727706209903954	relaxed	not_significant	1	1
Morus_008681-R1	20	1275	4.865356197926065	2.656647877953219	0.1031178438423036	intensified	not_significant	9	9
Morus_008681-R1	20	1275	0.5960171002036332	1.169982889663515	0.2794047563087122	relaxed	not_significant	1	1
Morus_008683-R1	20	757	1.249220349639788	0.5691171152411698	0.4506099647264652	intensified	not_significant	9	9
Morus_008683-R1	20	757	1.141571988693389	0.05045506580972869	0.8222733089879822	intensified	not_significant	1	1
Morus_008684-R1	20	344	0.2974020501677742	1.831396439844866	0.1759626940609753	relaxed	not_significant	9	9
Morus_008684-R1	20	344	0.8648905783183651	-2.172273525502533E-7	1	relaxed	not_significant	1	1
Morus_008689-R1	20	275	0.4374988949536402	2.895714743259305	0.08881537602685874	relaxed	not_significant	9	9
Morus_008689-R1	20	275	0.9044373597558407	0.01909350453024672	0.8900987555994295	relaxed	not_significant	1	1
Morus_008690-R1	20	1196	0.5152425527523122	5.571176790937898	0.01825848577608058	relaxed	significant_relaxed	9	9
Morus_008690-R1	20	1196	0.8835304863567094	0.05951456854018033	0.8072648360975129	relaxed	not_significant	1	1
Morus_008693-R1	20	191	0.7166315907581698	0.1253360684263498	0.7233176415943725	relaxed	not_significant	9	9
Morus_008693-R1	20	191	1.794186294623046	0.1571903816170561	0.6917565484397775	intensified	not_significant	1	1
Morus_008695-R1	20	240	0.9847728241927475	0.0006244948972380371	0.9800630229962874	relaxed	not_significant	9	9
Morus_008695-R1	20	240	19.86276073033191	0.5309511043551538	0.4662072698042288	intensified	not_significant	1	1
Morus_008702-R1	20	282	1.520949998673492	1.20466059236287	0.2723921619683657	intensified	not_significant	9	9
Morus_008702-R1	20	282	0.8544692242741673	-0.0007286401669261977	1	relaxed	not_significant	1	1
Morus_008706-R3	20	796	0.1142246943252116	2.863246511780744	0.09062442428480655	relaxed	not_significant	9	9
Morus_008706-R3	20	796	50	4.830729153822176	0.02795680459232486	intensified	significant_intensified	1	1
Morus_008708-R1	20	506	1.290224420451117	0.4662455279913047	0.4947194908979227	intensified	not_significant	9	9
Morus_008708-R1	20	506	0.9565242066659995	0.01898777533369866	0.8904015375824178	relaxed	not_significant	1	1
Morus_008710-R1	20	231	2.52649680678837E-8	1.058084382927063	0.303652499770323	relaxed	not_significant	9	9
Morus_008710-R1	20	231	0	2.494140547679308	0.1142707418281095	relaxed	not_significant	1	1
Morus_008711-R1	20	273	0.3539249289310512	6.110441313020146	0.01343855696074781	relaxed	significant_relaxed	9	9
Morus_008711-R1	20	273	0	2.995697222515446	0.08348596879450731	relaxed	not_significant	1	1
Morus_008726-R1	20	319	0.1602850911664856	3.898111750310818	0.04834041026476843	relaxed	significant_relaxed	9	9
Morus_008726-R1	20	319	21.46002071930656	1.358268929979204	0.243837716600011	intensified	not_significant	1	1
Morus_008730-R1	20	580	2.665912672519	3.114337531959791	0.07760603090011298	intensified	not_significant	9	9
Morus_008730-R1	20	580	1.117725463709909	0.008933770098337845	0.9246971896418915	intensified	not_significant	1	1
Morus_008734-R1	20	210	0.1027726949429206	11.10555433560467	0.0008606955928630589	relaxed	significant_relaxed	9	9
Morus_008734-R1	20	210	0.1711352353800819	0.7744906905054449	0.3788313965194396	relaxed	not_significant	1	1
Morus_008744-R1	20	709	1.800927893970822	1.032289792818119	0.3096214673929591	intensified	not_significant	9	9
Morus_008744-R1	20	709	0.286770929209374	4.931733486675512	0.02636785421522925	relaxed	significant_relaxed	1	1
Morus_008749-R1	20	388	0	3.074598467223041	0.07952422928464997	relaxed	not_significant	9	9
Morus_008749-R1	20	388	0.3036445147654275	1.662000490069659	0.1973334381106997	relaxed	not_significant	1	1
Morus_008751-R1	20	142	50	3.892532454437969	0.04850123748846169	intensified	significant_intensified	9	9
Morus_008751-R1	20	142	0.2099385014378103	1.194017267206618	0.274520721136329	relaxed	not_significant	1	1
Morus_008755-R1	20	510	0.6584704918300043	0.3952926874471814	0.5295303778894187	relaxed	not_significant	9	9
Morus_008755-R1	20	510	0.05426539376720506	4.384070049296497	0.03627627625790442	relaxed	significant_relaxed	1	1
Morus_008761-R1	20	231	0.0443514823419421	7.638204943900746	0.005714475758092696	relaxed	significant_relaxed	9	9
Morus_008761-R1	20	231	1	-0.000007602547611895716	1	intensified	not_significant	0	1
Morus_008766-R1	20	536	0.9520617042374337	0.03235695408966421	0.8572464719480311	relaxed	not_significant	9	9
Morus_008766-R1	20	536	13.65390048942409	1.169301924600404	0.2795447226893889	intensified	not_significant	1	1
Morus_008767-R1	20	291	1.480008356024525	0.6431329340057346	0.4225785882144238	intensified	not_significant	9	9
Morus_008767-R1	20	291	2.656875976867012	3.410424040577709	0.06478579671482798	intensified	not_significant	1	1
Morus_008777-R1	20	206	0.8544686680215582	-0.00003375169353603269	1	relaxed	not_significant	9	9
Morus_008777-R1	20	206	1	-0.0001179095866064017	1	intensified	not_significant	0	1
Morus_008780-R1	20	483	0.6663368784733267	0.9777534889835806	0.3227540636362425	relaxed	not_significant	9	9
Morus_008780-R1	20	483	0.2937224356032112	0.6349244613420524	0.4255547217980074	relaxed	not_significant	1	1
Morus_008782-R1	20	430	0.3047716696544773	3.213008341839668	0.0730550479304517	relaxed	not_significant	9	9
Morus_008782-R1	20	430	0.6719372618528264	0.6683048504655744	0.4136432383086561	relaxed	not_significant	1	1
Morus_008783-R1	20	584	4.19847274519722	11.46096435031723	0.0007107340807313012	intensified	significant_intensified	9	9
Morus_008783-R1	20	584	1.768682952526691	0.6422384823872562	0.4229013708859237	intensified	not_significant	1	1
Morus_008784-R1	20	412	0.6542376824574135	2.107196799045596	0.1466076611916014	relaxed	not_significant	9	9
Morus_008784-R1	20	412	1.598902465046921	2.297778535849829	0.1295591784216695	intensified	not_significant	1	1
Morus_008785-R2	20	228	2.358758497053137	2.518283918926954	0.1125329890772379	intensified	not_significant	9	9
Morus_008785-R2	20	228	1.041816553598411	0.007901293407485355	0.9291699509479809	intensified	not_significant	1	1
Morus_008788-R1	20	530	1.299908981032253	0.5786151739011984	0.4468556410738718	intensified	not_significant	9	9
Morus_008788-R1	20	530	0.7136663219190393	0.3277821095771287	0.5669679900457274	relaxed	not_significant	1	1
Morus_008791-R1	20	933	1.346499052468866	0.9356012329481018	0.3334116654057413	intensified	not_significant	9	9
Morus_008791-R1	20	933	0.3396387105463141	1.825349968939918	0.1766777728685105	relaxed	not_significant	1	1
Morus_008793-R1	20	409	0.5670967902675822	1.804495221190336	0.1791699932700265	relaxed	not_significant	9	9
Morus_008793-R1	20	409	0.2360506559067311	6.579178693080394	0.01031784892012966	relaxed	significant_relaxed	1	1
Morus_008795-R1	20	191	1.542950512088871	0.6569813285213968	0.4176276749999926	intensified	not_significant	9	9
Morus_008795-R1	20	191	0.8544689303027682	-0.000008222973974625347	1	relaxed	not_significant	1	1
Morus_008798-R1	20	205	0.46663113282348	1.099973495922313	0.2942719209724788	relaxed	not_significant	9	9
Morus_008798-R1	20	205	3.120127230283303	1.29832844246539	0.2545187787372312	intensified	not_significant	1	1
Morus_008801-R1	20	517	0.6485091244870652	1.428540472757959	0.2320027818992031	relaxed	not_significant	9	9
Morus_008801-R1	20	517	0.06386149438474766	7.835336121665023	0.005123462546450797	relaxed	significant_relaxed	1	1
Morus_008803-R1	20	409	1.275065079456802	0.244573901266449	0.6209219449511314	intensified	not_significant	9	9
Morus_008803-R1	20	409	0.1340004130217083	1.208511320012803	0.2716271517409542	relaxed	not_significant	1	1
Morus_008812-R1	20	105	1.852963376555468	2.499056184988149	0.1139145480253987	intensified	not_significant	9	9
Morus_008812-R1	20	105	7.815820953925246	1.51987606926059	0.2176382486881595	intensified	not_significant	1	1
Morus_008814-R1	20	197	3.454206054707911E-7	4.940165960117156	0.02623951708851213	relaxed	significant_relaxed	9	9
Morus_008814-R1	20	197	0	1.948291118389079	0.162771118132874	relaxed	not_significant	1	1
Morus_008817-R1	20	337	0.5385438742686458	1.698223082271397	0.1925205233006522	relaxed	not_significant	9	9
Morus_008817-R1	20	337	50	1.634817778446632	0.2010379750614357	intensified	not_significant	1	1
Morus_008821-R1	20	219	1.587679755299933E-7	18.72531685743024	0.00001509648029618393	relaxed	significant_relaxed	9	9
Morus_008821-R1	20	219	1.924597350472006E-23	0.6792725113032247	0.4098373448659408	relaxed	not_significant	1	1
Morus_008822-R1	20	187	16.11169932337029	0.2881386055955772	0.5914158320918015	intensified	not_significant	9	9
Morus_008822-R1	20	187	0.5519676105746288	0.7067365060465818	0.4005293463530769	relaxed	not_significant	1	1
Morus_008825-R1	20	331	2.931702087656078	0.525917759816366	0.4683281926588758	intensified	not_significant	9	9
Morus_008825-R1	20	331	0.858249027069984	-0.00001836973933677655	1	relaxed	not_significant	1	1
Morus_008826-R1	20	341	0.6969850026246727	0.1624456001245562	0.6869148209781548	relaxed	not_significant	9	9
Morus_008826-R1	20	341	0.2746582896835154	0.5739436109315648	0.4486960722497069	relaxed	not_significant	1	1
Morus_008829-R1	20	271	27.49183796833934	5.300527624409369	0.02131896560328339	intensified	significant_intensified	9	9
Morus_008829-R1	20	271	1.049022070183571	0.01259169924287562	0.9106547271246224	intensified	not_significant	1	1
Morus_008833-R1	20	838	1.4787496926765	1.756228000556803	0.1850956977700279	intensified	not_significant	9	9
Morus_008833-R1	20	838	20.81127754606028	0.1430097029224271	0.7053071051797086	intensified	not_significant	1	1
Morus_008840-R1	20	320	0.4997032048430666	0.9690025332274672	0.3249290703105917	relaxed	not_significant	9	9
Morus_008840-R1	20	320	0.06424206733869907	2.353870946578354	0.1249723381085341	relaxed	not_significant	1	1
Morus_008841-R1	20	271	1.233067920912256	0.1737120112247794	0.6768336786114659	intensified	not_significant	9	9
Morus_008841-R1	20	271	50	0.2786960413450288	0.5975571537506201	intensified	not_significant	1	1
Morus_008847-R1	20	846	1.030266792254962	0.009129767657213961	0.9238781224566255	intensified	not_significant	9	9
Morus_008847-R1	20	846	0.3705126478208113	0.1685376762034139	0.6814147044000199	relaxed	not_significant	1	1
Morus_008849-R3	20	396	2.816532960539432	2.983323405149349	0.08412636862978529	intensified	not_significant	9	9
Morus_008849-R3	20	396	40.48953394975866	3.059063975968456	0.08028790745479908	intensified	not_significant	1	1
Morus_008856-R1	20	221	2.379702728985502	3.313413173611025	0.06871663075329804	intensified	not_significant	9	9
Morus_008856-R1	20	221	3.936609540230457E-16	1.115319951653873	0.290928425898943	relaxed	not_significant	1	1
Morus_008859-R1	20	595	0.9639409418981799	0.01575759923707665	0.9001045491249785	relaxed	not_significant	9	9
Morus_008859-R1	20	595	15.80254503407706	0.5446013498667526	0.4605320089628657	intensified	not_significant	1	1
Morus_008865-R1	20	909	0.2350788995980942	1.087592999567278	0.2970051383569809	relaxed	not_significant	9	9
Morus_008865-R1	20	909	1.19957351881602	0.301117005674314	0.5831830045568203	intensified	not_significant	1	1
Morus_008866-R1	20	1035	0.5899576565180414	1.493440156766155	0.2216834663863956	relaxed	not_significant	9	9
Morus_008866-R1	20	1035	0.9012304124238155	0.02193108939900412	0.8822705654298169	relaxed	not_significant	1	1
Morus_008868-R1	20	285	1.381525467985712	0.7962882055044247	0.3722054573238472	intensified	not_significant	9	9
Morus_008868-R1	20	285	1.096681629633434E-8	0.7885332943469621	0.3745439938831048	relaxed	not_significant	1	1
Morus_008870-R1	20	451	0.9182239717531862	0.07001061348182702	0.7913213275374651	relaxed	not_significant	9	9
Morus_008870-R1	20	451	0	1.824123051565948	0.1768232815224097	relaxed	not_significant	1	1
Morus_008876-R1	20	363	0.5238864779261891	1.727079533162396	0.18878429832888	relaxed	not_significant	9	9
Morus_008876-R1	20	363	0.544710267808469	0.4045059830068567	0.5247713067188378	relaxed	not_significant	1	1
Morus_008878-R1	20	394	5.571106039522953	10.0850869916294	0.001494741057626703	intensified	significant_intensified	9	9
Morus_008878-R1	20	394	0.5433901933807876	1.075438038592438	0.2997203442303296	relaxed	not_significant	1	1
Morus_008887-R1	20	284	0.5368658910813208	2.151028303462226	0.1424744383152071	relaxed	not_significant	9	9
Morus_008887-R1	20	284	2.381087517928007E-8	10.20550146733785	0.0014002231222916	relaxed	significant_relaxed	1	1
Morus_008888-R1	20	130	0.9357747038438423	0.006279243489643704	0.9368403947675255	relaxed	not_significant	9	9
Morus_008888-R1	20	130	0.230685085314262	3.249956593068418	0.07142534921861787	relaxed	not_significant	1	1
Morus_008889-R1	20	272	0.08911502811612469	2.070240020237179	0.1501978817826086	relaxed	not_significant	9	9
Morus_008889-R1	20	272	0.6085897263588784	0.1158329326763123	0.7335987086353559	relaxed	not_significant	1	1
Morus_008890-R1	20	204	1.189675676554093	0.02068630516851044	0.8856368091980792	intensified	not_significant	9	9
Morus_008890-R1	20	204	0.8648869227608282	-9.140421752817929E-9	1	relaxed	not_significant	1	1
Morus_008897-R1	20	169	3.058145803375929	1.226837286450063	0.2680229934575197	intensified	not_significant	9	9
Morus_008897-R1	20	169	0	2.149296981865973	0.1426351880650151	relaxed	not_significant	1	1
Morus_008901-R1	20	898	0.7019921562213839	1.536420451930098	0.2151514011659742	relaxed	not_significant	9	9
Morus_008901-R1	20	898	0.9247468681370719	0.03405539103550836	0.8535890440894527	relaxed	not_significant	1	1
Morus_008903-R1	20	504	3.197752751998028	1.072514962263085	0.3003780656867315	intensified	not_significant	9	9
Morus_008903-R1	20	504	1.949035646289322	1.985371607799607	0.1588256610254914	intensified	not_significant	1	1
Morus_008907-R1	20	403	1.562486755304866	1.40732725414	0.2355005914950181	intensified	not_significant	9	9
Morus_008907-R1	20	403	1.201564691984478	0.08349730254576571	0.7726127545402468	intensified	not_significant	1	1
Morus_008921-R1	20	244	0.8159857093431825	0.3350137729958078	0.56272160525018	relaxed	not_significant	9	9
Morus_008921-R1	20	244	0.1479050211301442	0.01581039977600085	0.8999382030364492	relaxed	not_significant	1	1
Morus_008922-R1	20	486	1.396864905056965	1.11031600608294	0.2920132662076249	intensified	not_significant	9	9
Morus_008922-R1	20	486	8.047170818746933	0.790943060452264	0.3738151170551742	intensified	not_significant	1	1
Morus_008923-R1	20	237	1.087537752202389	0.01162060513524921	0.9141552070456563	intensified	not_significant	9	9
Morus_008923-R1	20	237	11.47032814965016	0.4245054284301659	0.5146974415331624	intensified	not_significant	1	1
Morus_008924-R1	20	452	0.4791162056744198	2.141647414619001	0.1433478815728467	relaxed	not_significant	9	9
Morus_008924-R1	20	452	1.377642068920783	0.2345558303586586	0.6281661333537139	intensified	not_significant	1	1
Morus_008927-R1	20	475	1.918022606824844	4.098209286999008	0.04292865812653957	intensified	significant_intensified	9	9
Morus_008927-R1	20	475	0.8532130388451263	-4.826042641070671E-7	1	relaxed	not_significant	1	1
Morus_008934-R1	20	328	1.232473175963718	0.08293203974517382	0.7733626338090385	intensified	not_significant	9	9
Morus_008934-R1	20	328	0.00001211952429544121	1.351334126441543	0.2450450184590046	relaxed	not_significant	1	1
Morus_008935-R1	20	634	0.9158829553465244	0.08200377005050541	0.7746001072800168	relaxed	not_significant	9	9
Morus_008935-R1	20	634	0.5078930302229652	2.001642003149755	0.1571289100369681	relaxed	not_significant	1	1
Morus_008937-R1	20	95	0.8532123825420798	-0.000001742497488521622	1	relaxed	not_significant	9	9
Morus_008937-R1	20	95	1	-8.640381565783173E-8	1	intensified	not_significant	0	1
Morus_008938-R1	20	282	0.6697861904951629	0.6387428385069143	0.4241664005218492	relaxed	not_significant	9	9
Morus_008938-R1	20	282	0	2.210611834469091	0.1370643015293069	relaxed	not_significant	1	1
Morus_008944-R1	20	569	0.1507471970850546	3.522348747481374	0.06054658776464372	relaxed	not_significant	9	9
Morus_008944-R1	20	569	1.672170122640751	0.9451628471360891	0.3309536168956653	intensified	not_significant	1	1
Morus_008946-R1	20	258	3.62011668658597	1.474915517601858	0.224571734384365	intensified	not_significant	9	9
Morus_008946-R1	20	258	27.93599766312551	1.337959015973865	0.2473942208375677	intensified	not_significant	1	1
Morus_008948-R1	20	177	3.745987730963767	0.08074454137658904	0.7762909557251997	intensified	not_significant	9	9
Morus_008948-R1	20	177	14.84814374345371	1.122788150550605	0.2893188842550631	intensified	not_significant	1	1
Morus_008957-R1	20	280	8.478019153547971	1.203570906204732	0.2726091356180749	intensified	not_significant	9	9
Morus_008957-R1	20	280	17.44297450588354	1.85197592037548	0.1735537579731303	intensified	not_significant	1	1
Morus_008964-R1	20	230	4.668492538688322E-8	3.510936077464976	0.06096500068933042	relaxed	not_significant	9	9
Morus_008964-R1	20	230	28.06627326264225	0.2611953840155365	0.6093000969621485	intensified	not_significant	1	1
Morus_008982-R1	20	364	1.064090151076901	0.02604060909470718	0.8718011828935766	intensified	not_significant	9	9
Morus_008982-R1	20	364	12.17605784743651	0.6188399708371435	0.4314786869587127	intensified	not_significant	1	1
Morus_008985-R1	20	481	0.3312109549038766	1.789733142253681	0.1809586803330127	relaxed	not_significant	9	9
Morus_008985-R1	20	481	20.41187144400923	0.3111568020276536	0.5769711915178448	intensified	not_significant	1	1
Morus_008986-R1	20	452	0.6958703190042915	0.1554811505193356	0.6933514563162153	relaxed	not_significant	9	9
Morus_008986-R1	20	452	0.06259453177709047	0.5280523942092259	0.4674268262366721	relaxed	not_significant	1	1
Morus_008991-R1	20	508	0.5967708871049625	0.448173881683033	0.5032034269225127	relaxed	not_significant	9	9
Morus_008991-R1	20	508	0	1.209579284279243	0.2714154596302005	relaxed	not_significant	1	1
Morus_009002-R1	20	296	3.857374147351015	0.07134246302484826	0.7893920911861819	intensified	not_significant	9	9
Morus_009002-R1	20	296	1	-0.00000930603619053727	1	intensified	not_significant	0	1
Morus_009007-R1	20	152	0.6090947614070824	0.2133805072071482	0.6441306018666029	relaxed	not_significant	9	9
Morus_009007-R1	20	152	1	-0.0003776841035687539	1	intensified	not_significant	0	1
Morus_009010-R1	20	200	1.244354044589645	0.1584970284843621	0.6905440522719225	intensified	not_significant	9	9
Morus_009010-R1	20	200	1	-0.000004065419489052147	1	intensified	not_significant	0	1
Morus_009016-R2	20	245	1.815947560117881	0.3066744864790962	0.579728059047792	intensified	not_significant	9	9
Morus_009016-R2	20	245	0.2592757837494217	1.713756992043272	0.1904986447468081	relaxed	not_significant	1	1
Morus_009017-R1	20	285	0.1607347244686834	6.789483973097049	0.00916964106673912	relaxed	significant_relaxed	9	9
Morus_009017-R1	20	285	50	2.871930498740767	0.09013669078671194	intensified	not_significant	1	1
Morus_009019-R1	20	423	0.5759397070233392	1.905223019194636	0.1674948603713977	relaxed	not_significant	9	9
Morus_009019-R1	20	423	9.014528812866116	0.4725519778112357	0.4918154762895334	intensified	not_significant	1	1
Morus_009023-R2	20	636	1.921593264961046	1.239279750996502	0.2656099085867591	intensified	not_significant	9	9
Morus_009023-R2	20	636	50	0.3726658579780633	0.5415547210907665	intensified	not_significant	1	1
Morus_009025-R1	20	214	0.4015650502359371	0.9980980083205395	0.3177711723131842	relaxed	not_significant	9	9
Morus_009025-R1	20	214	0.3208404774953711	1.574782753522868	0.2095137992542121	relaxed	not_significant	1	1
Morus_009028-R1	20	411	50	4.381176432580105	0.03633790872008902	intensified	significant_intensified	9	9
Morus_009028-R1	20	411	0.2456830891877435	1.177943231649806	0.2777751108329081	relaxed	not_significant	1	1
Morus_009034-R1	20	248	0.4973927034571128	2.848548203479368	0.09145649054253557	relaxed	not_significant	9	9
Morus_009034-R1	20	248	11.85090746885986	0.2216615282877683	0.6377768230968222	intensified	not_significant	1	1
Morus_009037-R1	20	347	0.5983952655992848	0.5389237290037272	0.4628791106297718	relaxed	not_significant	9	9
Morus_009037-R1	20	347	1.445717360639719	0.1377344720958718	0.7105437224302265	intensified	not_significant	1	1
Morus_009040-R1	20	244	1.237944567128786	0.2389695541442052	0.6249513495922769	intensified	not_significant	9	9
Morus_009040-R1	20	244	1.75042370187499	0.9767975165818825	0.3229907287589159	intensified	not_significant	1	1
Morus_009048-R1	20	429	1.138285444448356	0.1678355926824224	0.6820425922900115	intensified	not_significant	9	9
Morus_009048-R1	20	429	3.210019659037829	8.055408222293408	0.004536801947018554	intensified	significant_intensified	1	1
Morus_009053-R1	20	641	1.074782843227723	0.03922946426428098	0.8429947612283376	intensified	not_significant	9	9
Morus_009053-R1	20	641	0.6865181733209107	0.4244145867105544	0.5147424305709865	relaxed	not_significant	1	1
Morus_009055-R1	20	489	0.9221963688388002	0.01209750265934417	0.912418377987135	relaxed	not_significant	9	9
Morus_009055-R1	20	489	0.6934211562136734	0.2167612043785994	0.6415188771599011	relaxed	not_significant	1	1
Morus_009057-R2	20	406	1.001354158105394	-0.0005403156255852082	1	intensified	not_significant	9	9
Morus_009057-R2	20	406	0.5490659996130496	1.378670414455883	0.2403277540387063	relaxed	not_significant	1	1
Morus_009062-R1	20	203	0.1967058442586244	0.4798193902774983	0.4885041368320591	relaxed	not_significant	9	9
Morus_009062-R1	20	203	0.1600846339011479	1.075205440741684	0.299772613135411	relaxed	not_significant	1	1
Morus_009064-R1	20	387	1.02077550338709	0.004941027966196998	0.9439608948511131	intensified	not_significant	9	9
Morus_009064-R1	20	387	50	1.432517359141457	0.231354043210927	intensified	not_significant	1	1
Morus_009065-R1	20	938	0.6666589600686224	1.317878665289754	0.2509731191176245	relaxed	not_significant	9	9
Morus_009065-R1	20	938	0.5742289829413686	0.9379049153430969	0.3328172269222928	relaxed	not_significant	1	1
Morus_009066-R1	20	350	0.3090163042813637	1.037104240785538	0.3084959065821217	relaxed	not_significant	9	9
Morus_009066-R1	20	350	12.93586564572531	0.3847182434674323	0.5350888665900034	intensified	not_significant	1	1
Morus_009067-R1	20	393	0.8669054727253421	0.0918975310123642	0.7617785571676072	relaxed	not_significant	9	9
Morus_009067-R1	20	393	1.108282413822441	0.02902602453923464	0.8647189614868893	intensified	not_significant	1	1
Morus_009069-R1	20	247	1.034977090973594	0.002621057130454574	0.9591691313098388	intensified	not_significant	9	9
Morus_009069-R1	20	247	0	3.529656890687875	0.06028026122867791	relaxed	not_significant	1	1
Morus_009078-R1	20	311	0.7105151970821192	0.3259767597346581	0.5680377767369043	relaxed	not_significant	9	9
Morus_009078-R1	20	311	5.74380281634859E-8	1.399252840918962	0.2368487095252294	relaxed	not_significant	1	1
Morus_009083-R1	20	455	16.92340307694475	2.962781424262175	0.08520126059276967	intensified	not_significant	9	9
Morus_009083-R1	20	455	0.8349388247997251	0.01630349535389541	0.8983981492274843	relaxed	not_significant	1	1
Morus_009085-R1	20	309	1.110703658644641	0.06136647938546957	0.8043490557196333	intensified	not_significant	9	9
Morus_009085-R1	20	309	0.2912492029559358	1.542440199237717	0.2142549516341195	relaxed	not_significant	1	1
Morus_009092-R1	20	399	0.2058733238493927	5.555570153293957	0.01842197182951988	relaxed	significant_relaxed	9	9
Morus_009092-R1	20	399	0.8189167995098245	0.2103136566811372	0.6465216741843869	relaxed	not_significant	1	1
Morus_009099-R1	20	389	0.5727583767450494	0.8195805671275593	0.3653028267295976	relaxed	not_significant	9	9
Morus_009099-R1	20	389	0.7564095628334639	0.2304892180291063	0.6311613177834434	relaxed	not_significant	1	1
Morus_009128-R1	20	142	0	0.3946270049355007	0.5298772236181503	relaxed	not_significant	9	9
Morus_009128-R1	20	142	0	4.819549052558614	0.02813870602229829	relaxed	significant_relaxed	1	1
Morus_009140-R1	20	270	1.228877272063405	0.01734877896797116	0.8952099075529422	intensified	not_significant	9	9
Morus_009140-R1	20	270	0.3099744296695289	1.87068536611423	0.1713966043901376	relaxed	not_significant	1	1
Morus_009146-R1	20	163	0.9908402098514233	0.0002141072600352345	0.9883254470041742	relaxed	not_significant	9	9
Morus_009146-R1	20	163	20.37063942362121	2.335605674697035	0.1264458009311173	intensified	not_significant	1	1
Morus_009147-R1	20	417	0.3258685797140397	1.341218943859531	0.2468191194374995	relaxed	not_significant	9	9
Morus_009147-R1	20	417	32.10631984592774	6.903173174457152	0.00860428983045336	intensified	significant_intensified	1	1
Morus_009171-R1	20	188	1.131939816467255	0.1425633881635804	0.7057458400089847	intensified	not_significant	9	9
Morus_009171-R1	20	188	12.37347889173751	0.3825171274424974	0.5362591815378289	intensified	not_significant	1	1
Morus_009173-R1	20	288	1.786144238363773	1.550960704241334	0.212993671008237	intensified	not_significant	9	9
Morus_009173-R1	20	288	3.35368209078089E-8	5.706294642008288	0.01690418322090614	relaxed	significant_relaxed	1	1
Morus_009177-R1	20	103	1.435513505593107E-9	1.293070382203723	0.2554828885056888	relaxed	not_significant	9	9
Morus_009189-R1	20	333	1.853454482818382	1.294641509344729	0.2551943384027898	intensified	not_significant	9	9
Morus_009189-R1	20	333	0.3417046257955891	0.274943264284957	0.6000348996478138	relaxed	not_significant	1	1
Morus_009201-R1	20	208	2.020683091371616	1.208439678951891	0.2716413598417357	intensified	not_significant	9	9
Morus_009201-R1	20	208	0.961578533270925	0.002114269620506093	0.9633252441075441	relaxed	not_significant	1	1
Morus_009216-R1	20	329	1.816699264446964	0.6009740729223267	0.4382066143505072	intensified	not_significant	9	9
Morus_009216-R1	20	329	0.1783456516618429	5.105228741704195	0.02385383354108339	relaxed	significant_relaxed	1	1
Morus_009222-R1	20	265	1.743841639608037	1.168161510901427	0.279779322813266	intensified	not_significant	9	9
Morus_009222-R1	20	265	1.322580111319089	0.1275387254040652	0.7209977477195748	intensified	not_significant	1	1
Morus_009223-R1	20	174	1.945998675535297	0.1061393191585012	0.7445830186803055	intensified	not_significant	9	9
Morus_009223-R1	20	174	0.1640900396824564	1.096521750367629	0.295030703896654	relaxed	not_significant	1	1
Morus_009233-R1	20	483	0.9114991918734113	0.04993221787208313	0.8231812616863817	relaxed	not_significant	9	9
Morus_009233-R1	20	483	1.215710357261146	0.268933801455205	0.6040478855575364	intensified	not_significant	1	1
Morus_009260-R1	20	338	0.6009660769529791	3.0481051409879	0.08083139937215866	relaxed	not_significant	9	9
Morus_009260-R1	20	338	16.32352311804129	1.184603481941849	0.2764208069197868	intensified	not_significant	1	1
Morus_009261-R1	20	399	7.49909788636353E-9	29.32951014441824	6.105872496497966E-8	relaxed	significant_relaxed	9	9
Morus_009261-R1	20	399	0.2016945657537573	1.507082302525305	0.2195848415516899	relaxed	not_significant	1	1
Morus_009275-R1	20	139	2.147678101320788E-8	1.845403997332141	0.1743188843044596	relaxed	not_significant	9	9
Morus_009275-R1	20	139	0.6091785171247384	0.2031307935312725	0.6522055396596544	relaxed	not_significant	1	1
Morus_009278-R1	20	230	0.3724991242211346	0.1256998809085417	0.7229328913166819	relaxed	not_significant	9	9
Morus_009278-R1	20	230	1.999680165994432E-9	14.12484491386249	0.0001710693320796652	relaxed	significant_relaxed	1	1
Morus_009283-R1	20	625	0.1993572153481389	7.713555917269332	0.005480768467601704	relaxed	significant_relaxed	9	9
Morus_009283-R1	20	625	9.291295726394884	0.4828099438436766	0.4871522769374922	intensified	not_significant	1	1
Morus_009286-R1	20	269	0.446717615073404	2.901848572553718	0.08847803286742939	relaxed	not_significant	9	9
Morus_009286-R1	20	269	0.03510034504978535	1.413284847459181	0.2345118544694634	relaxed	not_significant	1	1
Morus_009291-R1	20	270	0.7254055679418375	0.0243449330337171	0.8760104549953303	relaxed	not_significant	9	9
Morus_009291-R1	20	270	1	-0.0001137356030085357	1	intensified	not_significant	0	1
Morus_009327-R1	20	257	1.649427741531814	0.006677875093828334	0.9348707523111673	intensified	not_significant	9	9
Morus_009327-R1	20	257	0	0.1502738892863817	0.6982737572372884	relaxed	not_significant	1	1
Morus_009331-R1	20	115	14.60848984230812	1.501222638548825	0.2204833348787345	intensified	not_significant	9	9
Morus_009331-R1	20	115	24.18296297903896	0.7448637439376853	0.3881072881909724	intensified	not_significant	1	1
Morus_009333-R1	20	418	1.687111313632459	0.2275493693550743	0.6333469179524296	intensified	not_significant	9	9
Morus_009333-R1	20	418	2.471433343684382	1.755701459421289	0.1851615820167405	intensified	not_significant	1	1
Morus_009338-R1	20	137	0.8598109922238221	-1.882585820567328E-8	1	relaxed	not_significant	9	9
Morus_009338-R1	20	137	0	0.9349878232681021	0.3335701875284198	relaxed	not_significant	1	1
Morus_009342-R1	20	173	0.02521567641387842	2.206750714980899	0.1374078182711437	relaxed	not_significant	9	9
Morus_009342-R1	20	173	0	1.307303017219965	0.252883539968365	relaxed	not_significant	1	1
Morus_009343-R1	20	46	0.8565048653714029	-0.0000400373581896929	1	relaxed	not_significant	9	9
Morus_009347-R1	20	175	3.028563912325496	1.712602515315211	0.1906480553931373	intensified	not_significant	9	9
Morus_009347-R1	20	175	0.411847659370314	0.4834528682458767	0.4868624580250447	relaxed	not_significant	1	1
Morus_009349-R1	20	307	0.2446754428482907	0.967091401239486	0.325406647866461	relaxed	not_significant	9	9
Morus_009349-R1	20	307	0.9486633504012573	0.003905634787770396	0.9501685813848803	relaxed	not_significant	1	1
Morus_009352-R1	20	342	0	3.300757565657477	0.06924793987664346	relaxed	not_significant	9	9
Morus_009352-R1	20	342	0.5154684331422	1.73199040844338	0.1881569035586131	relaxed	not_significant	1	1
Morus_009353-R1	20	454	0.6501235307254453	0.803750424316604	0.3699744146115986	relaxed	not_significant	9	9
Morus_009353-R1	20	454	1.488896349572863E-10	1.258759234670833	0.2618860813116941	relaxed	not_significant	1	1
Morus_009369-R1	20	187	0.2590549142883219	1.226944368152999	0.2680021098069737	relaxed	not_significant	9	9
Morus_009369-R1	20	187	9.684271899623777	0.8735315984995395	0.3499794648044465	intensified	not_significant	1	1
Morus_009375-R1	20	207	2.53574189814084	1.994448316206217	0.1578765449961479	intensified	not_significant	9	9
Morus_009375-R1	20	207	0	1.064403502338337	0.3022129926281976	relaxed	not_significant	1	1
Morus_009384-R2	20	485	0.3076541051729139	3.76606240170986	0.05230262197131019	relaxed	not_significant	9	9
Morus_009384-R2	20	485	1.177167091415447	0.1088042591809426	0.7415095977936019	intensified	not_significant	1	1
Morus_009388-R1	20	257	0.3387422994183879	2.757417950924264	0.09680436353051203	relaxed	not_significant	9	9
Morus_009388-R1	20	257	0.6139027778082355	0.1145174723642413	0.7350585318310039	relaxed	not_significant	1	1
Morus_009393-R1	20	263	0.3002785590961334	2.071590551257941	0.150064946597557	relaxed	not_significant	9	9
Morus_009393-R1	20	263	0.6298207444123129	0.2356778452540311	0.6273453808564853	relaxed	not_significant	1	1
Morus_009397-R1	20	519	1.123412785011976	0.200928285912596	0.6539726014781428	intensified	not_significant	9	9
Morus_009397-R1	20	519	1.189222862358212	0.2932419230573942	0.5881504806490621	intensified	not_significant	1	1
Morus_009399-R1	20	315	1.037631768728919	0.008591615248406015	0.9261490739048324	intensified	not_significant	9	9
Morus_009399-R1	20	315	22.00158750949788	0.6065298901385177	0.4360973675213748	intensified	not_significant	1	1
Morus_009403-R1	20	256	8.544485575100412E-11	0.5360965779618709	0.4640549484918947	relaxed	not_significant	9	9
Morus_009403-R1	20	256	5.658217425843532	1.928450062181582	0.1649281157338373	intensified	not_significant	1	1
Morus_009408-R1	20	134	33.83906938108979	3.939068888569636	0.04717688288432964	intensified	significant_intensified	9	9
Morus_009408-R1	20	134	16.51779501186305	2.047201978796693	0.1524862068704983	intensified	not_significant	1	1
Morus_009415-R1	20	124	0	0.2688445065191445	0.6041079422925337	relaxed	not_significant	9	9
Morus_009415-R1	20	124	0.1379079138376525	0.1684316107814539	0.6815094628086856	relaxed	not_significant	1	1
Morus_009420-R1	20	1181	1.580261404997431	1.785385109467825	0.1814894540356654	intensified	not_significant	9	9
Morus_009420-R1	20	1181	0.2750473795202352	4.120541677861183	0.04236551137869582	relaxed	significant_relaxed	1	1
Morus_009421-R1	20	521	1.260899885034366	0.3780391869950108	0.5386545028910912	intensified	not_significant	9	9
Morus_009421-R1	20	521	0.3831955225370104	0.8576094748077594	0.3544085288689826	relaxed	not_significant	1	1
Morus_009424-R1	20	396	2.82590273777376	1.080611180172127	0.2985608711199772	intensified	not_significant	9	9
Morus_009424-R1	20	396	0.4782235975656596	1.187770471135991	0.2757797404518041	relaxed	not_significant	1	1
Morus_009425-R1	20	1412	1.422202602650553	2.673117049504071	0.1020559683892285	intensified	not_significant	9	9
Morus_009425-R1	20	1412	1.407125782182965	0.8873621722050302	0.3461931366686702	intensified	not_significant	1	1
Morus_009429-R1	20	370	1.962403179050573	0.9500465971941594	0.3297074367370559	intensified	not_significant	9	9
Morus_009429-R1	20	370	0.8439957844897628	0.06664214971806359	0.7962900575182015	relaxed	not_significant	1	1
Morus_009441-R1	20	258	1.139979433855217	0.02150636434635089	0.8834079042617833	intensified	not_significant	9	9
Morus_009441-R1	20	258	4.874430840448507	0.5042603766460161	0.4776341073765366	intensified	not_significant	1	1
Morus_009442-R1	20	433	3.822962729269445	2.13946775360364	0.143551688737346	intensified	not_significant	9	9
Morus_009442-R1	20	433	1	-0.00001024808443617076	1	intensified	not_significant	0	1
Morus_009443-R1	20	337	1.099131256902995	0.1084030977508519	0.7419695621506005	intensified	not_significant	9	9
Morus_009443-R1	20	337	0	3.789675428219198	0.05156964749044668	relaxed	not_significant	1	1
Morus_009445-R1	20	282	0.08884055282786639	2.295302659113077	0.1297659137197654	relaxed	not_significant	9	9
Morus_009445-R1	20	282	0	0.2097102195966727	0.6469946257714743	relaxed	not_significant	1	1
Morus_009450-R1	20	270	1.105603144852037	0.05152770106951721	0.8204259669454234	intensified	not_significant	9	9
Morus_009450-R1	20	270	0.2375744519690272	0.1919964447897655	0.661260162473965	relaxed	not_significant	1	1
Morus_009454-R2	20	372	1.797948235391809	2.301414464098343	0.1292562439741092	intensified	not_significant	9	9
Morus_009454-R2	20	372	0.8544678603814483	-0.0001892720329124131	1	relaxed	not_significant	1	1
Morus_009455-R1	20	170	3.269429901391225	2.521957336700325	0.1122711511096507	intensified	not_significant	9	9
Morus_009455-R1	20	170	0.7560826304918601	0.1288241930087679	0.7196542843321163	relaxed	not_significant	1	1
Morus_009457-R1	20	366	0.99539876152428	0.000149008789776417	0.990260532344003	relaxed	not_significant	9	9
Morus_009457-R1	20	366	0.000003276170475634378	1.172936395982106	0.2787987107567883	relaxed	not_significant	1	1
Morus_009458-R1	20	389	1.493155926376806	1.584022240307604	0.2081822723395574	intensified	not_significant	9	9
Morus_009458-R1	20	389	0.7731222338629952	0.1877473136064509	0.6647981595146659	relaxed	not_significant	1	1
Morus_009462-R1	20	156	1.590024970760322	1.056865045915401	0.3039312858901713	intensified	not_significant	9	9
Morus_009462-R1	20	156	0.2120107396024628	1.424765078393648	0.2326206841569227	relaxed	not_significant	1	1
Morus_009470-R2	20	513	0.8539619593801715	0.2483768479460196	0.6182203146777954	relaxed	not_significant	9	9
Morus_009470-R2	20	513	0.1961302710722465	5.095868933672136	0.02398289573464008	relaxed	significant_relaxed	1	1
Morus_009471-R2	20	484	0.5979927517588047	0.7880570013758188	0.3746882930101395	relaxed	not_significant	9	9
Morus_009471-R2	20	484	0.9837364770520468	0.000146098072946188	0.9903561214956408	relaxed	not_significant	1	1
Morus_009478-R1	20	176	1.623448936565985	0.558001103388051	0.4550667514071249	intensified	not_significant	9	9
Morus_009478-R1	20	176	0.2428243504440485	4.528896408080527	0.03332710289107621	relaxed	significant_relaxed	1	1
Morus_009482-R1	20	388	0.4508170363067355	1.722700029298721	0.1893458626702997	relaxed	not_significant	9	9
Morus_009482-R1	20	388	0.242488610076866	1.65259773183152	0.1986057344481473	relaxed	not_significant	1	1
Morus_009485-R1	20	323	5.441416711069094	7.15495447568901	0.007475719231356814	intensified	significant_intensified	9	9
Morus_009485-R1	20	323	0.9881075853668172	0.0002576582537585637	0.9871931170165003	relaxed	not_significant	1	1
Morus_009489-R1	20	68	0.6393219302883474	1.098266831700585	0.2946467771921168	relaxed	not_significant	9	9
Morus_009489-R1	20	68	0.8532135019681019	-0.00001972469408428879	1	relaxed	not_significant	1	1
Morus_009490-R1	20	324	1.025461192758439	0.004186568793556944	0.9484099168292666	intensified	not_significant	9	9
Morus_009490-R1	20	324	3.073157569270089E-8	0.8309323068633603	0.3620030812979125	relaxed	not_significant	1	1
Morus_009493-R1	20	190	50	0.5111995178390316	0.4746200545911577	intensified	not_significant	9	9
Morus_009493-R1	20	190	0.50378308095586	1.574843687571956	0.2095049849257133	relaxed	not_significant	1	1
Morus_009498-R1	20	28	0.03291674048918949	3.352562044651677	0.06710050049389027	relaxed	not_significant	9	9
Morus_009498-R1	20	28	1	-0.0002158771437734686	1	intensified	not_significant	0	1
Morus_009501-R1	20	417	0.7504993104265838	0.1057520512185874	0.7450331864061521	relaxed	not_significant	9	9
Morus_009501-R1	20	417	0.2683889163434849	4.898230258650983	0.02688423346309243	relaxed	significant_relaxed	1	1
Morus_009511-R1	20	387	1.242977784086575	0.2104524042715639	0.6464130451111694	intensified	not_significant	9	9
Morus_009511-R1	20	387	0.6690260286177395	0.4451013178331777	0.5046704876643202	relaxed	not_significant	1	1
Morus_009520-R1	20	298	0.9832838672149455	0.002583716612207354	0.9594607680097811	relaxed	not_significant	9	9
Morus_009520-R1	20	298	0.3480239231726684	1.323755745292146	0.2499191226404964	relaxed	not_significant	1	1
Morus_009528-R1	20	522	2.101216440610925	0.5989334639752997	0.4389852475057204	intensified	not_significant	9	9
Morus_009528-R1	20	522	2.917395246498284	1.999069436060381	0.1573958118451125	intensified	not_significant	1	1
Morus_009535-R1	20	459	2.283066834693389	0.8340055693270187	0.3611168283438058	intensified	not_significant	9	9
Morus_009535-R1	20	459	0.7946409765881207	0.1208319533297981	0.7281339149902113	relaxed	not_significant	1	1
Morus_009539-R1	20	451	0.2434959354424967	4.26150777267685	0.03898530423791335	relaxed	significant_relaxed	9	9
Morus_009539-R1	20	451	1.513789020851611E-10	1.994118352484293	0.1579109348006632	relaxed	not_significant	1	1
Morus_009541-R1	20	252	3.977065621984576	0.1283346803570566	0.7201649865830184	intensified	not_significant	9	9
Morus_009541-R1	20	252	1.5044004182484	0.0477738715921987	0.8269831945752368	intensified	not_significant	1	1
Morus_009544-R1	20	230	29.76976923091322	9.444658652086673	0.002117649082841844	intensified	significant_intensified	9	9
Morus_009544-R1	20	230	0.07918301609653086	2.796763303788339	0.09445480814211993	relaxed	not_significant	1	1
Morus_009550-R1	20	351	0.8286600345077427	0.05161289387797297	0.8202801141109873	relaxed	not_significant	9	9
Morus_009550-R1	20	351	18.01022501039504	2.321080971079027	0.1276313043458867	intensified	not_significant	1	1
Morus_009553-R1	20	317	2.960541772188439	2.65699126023901	0.1030955807296254	intensified	not_significant	9	9
Morus_009553-R1	20	317	0.9019218926197144	0.007332745994062861	0.9317593932463145	relaxed	not_significant	1	1
Morus_009557-R4	20	536	1.383781510388608	0.9307970561958427	0.3346558961991124	intensified	not_significant	9	9
Morus_009557-R4	20	536	14.81109592832092	1.520521626491245	0.2175405727396126	intensified	not_significant	1	1
Morus_009571-R1	20	212	1.595849499959347	0.9496361350402367	0.3298119333511843	intensified	not_significant	9	9
Morus_009571-R1	20	212	0	0.07679531309759113	0.7816882164030458	relaxed	not_significant	1	1
Morus_009578-R1	20	280	0.8254158756492124	0.05592463564244099	0.8130571978644694	relaxed	not_significant	9	9
Morus_009578-R1	20	280	0.9887555387764061	0.00004161741526331753	0.9948527578367699	relaxed	not_significant	1	1
Morus_009587-R1	20	117	0	1.563529682663557	0.2111491544154586	relaxed	not_significant	9	9
Morus_009587-R1	20	117	1	-0.00003306040639472485	1	intensified	not_significant	0	1
Morus_009588-R1	20	219	0.9873620897867449	0.00008615205206297105	0.9925942910696293	relaxed	not_significant	9	9
Morus_009588-R1	20	219	0.841831177307364	0.2033723888325767	0.6520124112909869	relaxed	not_significant	1	1
Morus_009597-R1	20	335	1.448387286229041	0.06632290216657566	0.7967678592452461	intensified	not_significant	9	9
Morus_009597-R1	20	335	26.34202477006368	2.627632531164636	0.1050181990017056	intensified	not_significant	1	1
Morus_009608-R1	20	248	0.6886565451123625	0.5098240589495617	0.4752150295765997	relaxed	not_significant	9	9
Morus_009608-R1	20	248	0.5580966529600814	0.4106079619159573	0.521661089154841	relaxed	not_significant	1	1
Morus_009614-R1	20	555	2.752676832871121	0.1023387790173729	0.7490408569669469	intensified	not_significant	9	9
Morus_009614-R1	20	555	9.161380217681824	2.470734353128137	0.1159837244521599	intensified	not_significant	1	1
Morus_009616-R1	20	1108	1.702626486232094	1.632452902093064	0.2013641132257946	intensified	not_significant	9	9
Morus_009616-R1	20	1108	5.653363038175645	2.589272390183396	0.1075897505749144	intensified	not_significant	1	1
Morus_009621-R1	20	184	1.235702949788103	0.08992116008948869	0.7642774081811982	intensified	not_significant	9	9
Morus_009621-R1	20	184	17.81084412515796	1.315675664901391	0.2513696107817753	intensified	not_significant	1	1
Morus_009624-R1	20	459	0.6643717185157536	0.2338751820225298	0.6286652084676759	relaxed	not_significant	9	9
Morus_009624-R1	20	459	6.147117454827915	2.003607226249187	0.1569253662786131	intensified	not_significant	1	1
Morus_009642-R1	20	32	0.3549778070655759	1.739830365489979	0.1871603220552808	relaxed	not_significant	9	9
Morus_009642-R1	20	32	1	-8.615880915385787E-7	1	intensified	not_significant	0	1
Morus_009646-R1	20	157	1.084085945441661	0.0002557696884650795	0.9872401348168568	intensified	not_significant	9	9
Morus_009646-R1	20	157	0	2.337242665764279	0.1263129598207418	relaxed	not_significant	1	1
Morus_009652-R1	20	314	50	2.956539614906433	0.08553080796707968	intensified	not_significant	9	9
Morus_009652-R1	20	314	0.1765404796622312	2.039841064077336	0.1532256552217892	relaxed	not_significant	1	1
Morus_009653-R1	20	658	12.64611334454131	0.9659110873872123	0.3257020633962394	intensified	not_significant	9	9
Morus_009653-R1	20	658	4.592171245363384	1.120188107428476	0.2898779532160728	intensified	not_significant	1	1
Morus_009664-R1	20	109	0.3316644298411678	1.078554865228625	0.2990210676114337	relaxed	not_significant	9	9
Morus_009664-R1	20	109	15.23810451720428	0.7709807594608264	0.3799138175063117	intensified	not_significant	1	1
Morus_009665-R3	20	252	1.344452182192019	0.1214883035922867	0.7274258767544344	intensified	not_significant	9	9
Morus_009665-R3	20	252	1	-0.00009435675337954308	1	intensified	not_significant	0	1
Morus_009671-R1	20	608	1.919813973781035	3.060238867115913	0.08022987420790217	intensified	not_significant	9	9
Morus_009671-R1	20	608	4.706048173238194	2.867768285062994	0.09037010385580069	intensified	not_significant	1	1
Morus_009675-R1	20	95	0.07642318352799776	0.3933023873569255	0.5305686147136722	relaxed	not_significant	9	9
Morus_009675-R1	20	95	1.005916880367408	-0.00008190845255739987	1	intensified	not_significant	1	1
Morus_009676-R1	20	148	12.75079477593426	1.195651405462741	0.2741925577731904	intensified	not_significant	9	9
Morus_009676-R1	20	148	0.94010490834961	0.005445543773930694	0.9411743588051789	relaxed	not_significant	1	1
Morus_009677-R1	20	156	1.008610320741699	0.0006980412622397125	0.9789219667399126	intensified	not_significant	9	9
Morus_009677-R1	20	156	0	0.212500298555824	0.6448147143419845	relaxed	not_significant	1	1
Morus_009678-R1	20	572	1.050804510630507	0.03052542769546562	0.8613033638400596	intensified	not_significant	9	9
Morus_009678-R1	20	572	0.9392728218214912	0.02283202720809641	0.8798946993841423	relaxed	not_significant	1	1
Morus_009680-R1	20	180	0.3315469669663216	2.743877254978543	0.0976276288071144	relaxed	not_significant	9	9
Morus_009680-R1	20	180	1	-0.000001454512585041812	1	intensified	not_significant	0	1
Morus_009682-R1	20	188	0.09601225092025846	4.00906526842391	0.04525623444917048	relaxed	significant_relaxed	9	9
Morus_009682-R1	20	188	1	-0.00009313513737652102	1	intensified	not_significant	0	1
Morus_009683-R1	20	149	6.991183135418463E-10	1.496142175938076	0.2212659066885631	relaxed	not_significant	9	9
Morus_009683-R1	20	149	0.6530798855518023	0.2164870936862826	0.6417297124454127	relaxed	not_significant	1	1
Morus_009685-R1	20	184	1.310638388050011	0.1582123677640084	0.6908077072019537	intensified	not_significant	9	9
Morus_009685-R1	20	184	0.9648242036165873	0.0001141949169323198	0.9914738065463375	relaxed	not_significant	1	1
Morus_009701-R1	20	370	1.472501620962534	0.7575174097255513	0.3841065613268216	intensified	not_significant	9	9
Morus_009701-R1	20	370	0.5090823659831311	0.1898301588134927	0.6630580124722056	relaxed	not_significant	1	1
Morus_009702-R2	20	310	6.721713764058214	3.541825599576441	0.05983956525414957	intensified	not_significant	9	9
Morus_009702-R2	20	310	0.8532132805636995	-0.00001209632864629384	1	relaxed	not_significant	1	1
Morus_009705-R1	20	369	0.2191282855804564	5.923646615189682	0.0149390082622114	relaxed	significant_relaxed	9	9
Morus_009705-R1	20	369	0.4499563456330297	0.8396433476282255	0.3594987935433808	relaxed	not_significant	1	1
Morus_009713-R1	20	234	0.3931493399638186	0.853576069470364	0.355542649676119	relaxed	not_significant	9	9
Morus_009713-R1	20	234	0	1.821951761919081	0.1770811288047023	relaxed	not_significant	1	1
Morus_009714-R2	20	173	0.3221509659006213	1.931400324873266	0.1646053237832584	relaxed	not_significant	9	9
Morus_009714-R2	20	173	1	-0.000005017293005948886	1	intensified	not_significant	0	1
Morus_009717-R1	20	230	39.8179519524555	3.712333077467974	0.05401184447755181	intensified	not_significant	9	9
Morus_009717-R1	20	230	0.2853354224472774	0.8154061861791888	0.3665267218927197	relaxed	not_significant	1	1
Morus_009719-R1	20	243	2.058051129083907	0.3250644495719825	0.5685798744423747	intensified	not_significant	9	9
Morus_009719-R1	20	243	15.29341614817565	1.356079884212704	0.2442180290016041	intensified	not_significant	1	1
Morus_009721-R1	20	193	0.1256372872251926	2.087008493042049	0.1485567198376953	relaxed	not_significant	9	9
Morus_009721-R1	20	193	1	-8.352835720870644E-7	1	intensified	not_significant	0	1
Morus_009723-R1	20	218	0.8582454078828291	-1.50520008901367E-7	1	relaxed	not_significant	9	9
Morus_009723-R1	20	218	20.32630011573977	1.834110754675294	0.1756427743803596	intensified	not_significant	1	1
Morus_009731-R1	20	294	1.178014550501494	0.02957474797858595	0.8634586750532851	intensified	not_significant	9	9
Morus_009731-R1	20	294	0	2.555744017621691	0.1098940687282295	relaxed	not_significant	1	1
Morus_009743-R1	20	593	0.8116630038558162	0.381550863648954	0.5367744069224711	relaxed	not_significant	9	9
Morus_009743-R1	20	593	0.5303205321024942	0.4101702544248838	0.5218831036295395	relaxed	not_significant	1	1
Morus_009746-R1	20	411	2.802631982543621	2.573565548581428	0.1086625638961437	intensified	not_significant	9	9
Morus_009746-R1	20	411	1.378390857843126	0.1350097786444167	0.7132932496441298	intensified	not_significant	1	1
Morus_009748-R3	20	208	1.514337186620703	0.3336423385176204	0.5635221776082686	intensified	not_significant	9	9
Morus_009748-R3	20	208	1.976493047749284E-9	0.5161596911816559	0.47248446173322	relaxed	not_significant	1	1
Morus_009751-R1	20	258	0.7389663980211105	0.6133113709029203	0.4335437378013699	relaxed	not_significant	9	9
Morus_009751-R1	20	258	0.1815947887407955	1.751634165872929	0.1856714268520673	relaxed	not_significant	1	1
Morus_009753-R1	20	624	1.318036537675116	0.5532768889588624	0.4569818418061166	intensified	not_significant	9	9
Morus_009753-R1	20	624	0.04769263496906514	1.115791014100978	0.2908265660161562	relaxed	not_significant	1	1
Morus_009755-R1	20	234	1.050872948727628	0.01101255033927373	0.9164228639944134	intensified	not_significant	9	9
Morus_009755-R1	20	234	0.919178526621226	0.01646375744303441	0.8979027224214773	relaxed	not_significant	1	1
Morus_009760-R1	20	282	1.205747101911764	0.2180766130604752	0.640509366813435	intensified	not_significant	9	9
Morus_009760-R1	20	282	4.827138859730036	3.770291270058806	0.0521705473023697	intensified	not_significant	1	1
Morus_009763-R1	20	372	3.267733001696101	3.106578292132326	0.07797661796370103	intensified	not_significant	9	9
Morus_009763-R1	20	372	0.6747531906174478	0.1215852674813505	0.7273214588794368	relaxed	not_significant	1	1
Morus_009764-R1	20	424	0.3332298674136092	0.07586486705622519	0.7829814608597946	relaxed	not_significant	9	9
Morus_009764-R1	20	424	1.6500463845863	1.500042688772737	0.2206647937356728	intensified	not_significant	1	1
Morus_009766-R1	20	575	1.071943972647604	0.05458923968217277	0.8152618295910539	intensified	not_significant	9	9
Morus_009766-R1	20	575	0.8532122546180018	-5.68190444028005E-7	1	relaxed	not_significant	1	1
Morus_009772-R1	20	183	0	2.242010670552645	0.1343062365421235	relaxed	not_significant	9	9
Morus_009772-R1	20	183	6.558405141665336E-15	2.478568047769841	0.1154072810604224	relaxed	not_significant	1	1
Morus_009774-R1	20	495	1.108962440009289	0.2197243536556925	0.63925002737431	intensified	not_significant	9	9
Morus_009774-R1	20	495	1.403371858701938	0.7095441248875431	0.3995951929766042	intensified	not_significant	1	1
Morus_009782-R1	20	294	2.152119656575773E-10	0.4257530420472904	0.5140802581811394	relaxed	not_significant	9	9
Morus_009782-R1	20	294	0.7594584195652376	0.2521908447897658	0.6155366436267937	relaxed	not_significant	1	1
Morus_009794-R1	20	284	5.32889527133911E-7	3.956956130881281	0.04667803672656201	relaxed	significant_relaxed	9	9
Morus_009794-R1	20	284	2.902155162253154E-8	1.357993847859234	0.2438854681037586	relaxed	not_significant	1	1
Morus_009800-R1	20	279	0.9059617076112167	0.03299903596962395	0.8558524095987009	relaxed	not_significant	9	9
Morus_009800-R1	20	279	1.020586466614114	0.001600789258191071	0.9680852618515131	intensified	not_significant	1	1
Morus_009802-R1	20	504	10.26669196956853	0.6317791865676554	0.4267034467759564	intensified	not_significant	9	9
Morus_009802-R1	20	504	11.85583745654307	1.090210144354387	0.2964246524274796	intensified	not_significant	1	1
Morus_009804-R1	20	346	0.734984175213334	0.3246940430863106	0.5688002589460175	relaxed	not_significant	9	9
Morus_009804-R1	20	346	0.3295973415116021	1.852418357417264	0.1735023869228004	relaxed	not_significant	1	1
Morus_009805-R1	20	311	2.451517355826718	0.1295258701802595	0.7189241402654811	intensified	not_significant	9	9
Morus_009805-R1	20	311	1.076282834449773	0.02800528518673673	0.8670963977402494	intensified	not_significant	1	1
Morus_009814-R1	20	698	0.6080830799093927	1.304326647006746	0.2534244216843029	relaxed	not_significant	9	9
Morus_009814-R1	20	698	0.2315732440014891	1.61904042236165	0.2032256389647197	relaxed	not_significant	1	1
Morus_009815-R1	20	306	4.540956029099912	2.345978426104011	0.1256066747870295	intensified	not_significant	9	9
Morus_009815-R1	20	306	0.08538287955680959	2.585956116370653	0.1078152874167031	relaxed	not_significant	1	1
Morus_009818-R1	20	282	0.6328225470239262	0.1834216162264966	0.6684490987589653	relaxed	not_significant	9	9
Morus_009818-R1	20	282	1.355524663792742	0.3659859749568568	0.5452004272493183	intensified	not_significant	1	1
Morus_009825-R1	20	431	1.456851970461114	1.589493530661457	0.2073985091425605	intensified	not_significant	9	9
Morus_009825-R1	20	431	0.2636668744335139	1.517191681125951	0.2180449708250969	relaxed	not_significant	1	1
Morus_009832-R1	20	272	0.482078093611972	0.589242949691652	0.442712014814834	relaxed	not_significant	9	9
Morus_009832-R1	20	272	3.903786703394295	3.313662390672107	0.06870621198725479	intensified	not_significant	1	1
Morus_009836-R1	20	184	0	0.6154534222000621	0.4327418578379164	relaxed	not_significant	9	9
Morus_009836-R1	20	184	1	-0.000001696638719295152	1	intensified	not_significant	0	1
Morus_009854-R1	20	531	0.591910952741563	1.398870395314589	0.2369127949032882	relaxed	not_significant	9	9
Morus_009854-R1	20	531	1.115897944276096	0.05274552895753004	0.8183529115244952	intensified	not_significant	1	1
Morus_009861-R1	20	271	0.9176138758426922	0.02391132920183736	0.8771107431375262	relaxed	not_significant	9	9
Morus_009861-R1	20	271	3.790240537220543	2.117612648075919	0.1456133676802384	intensified	not_significant	1	1
Morus_009872-R1	20	624	0.4863744110128113	1.613208154709355	0.2040414202240145	relaxed	not_significant	9	9
Morus_009872-R1	20	624	10.15112583481797	0.06859613439246459	0.7933918802713944	intensified	not_significant	1	1
Morus_009873-R1	20	211	0.1607684901392104	0.5402342068773578	0.4623356797859171	relaxed	not_significant	9	9
Morus_009873-R1	20	211	5.102417156330753E-7	0.6004915110197544	0.4383905538385049	relaxed	not_significant	1	1
Morus_009883-R1	20	108	0	1.935979526556366	0.1641057366357977	relaxed	not_significant	9	9
Morus_009883-R1	20	108	2.860389834681048	3.061465157478096	0.08016935034226136	intensified	not_significant	1	1
Morus_009898-R1	20	359	4.008055154385426	1.549779909770223	0.2131679351546698	intensified	not_significant	9	9
Morus_009898-R1	20	359	0.8638496385277777	0.1450852656380448	0.7032770086841049	relaxed	not_significant	1	1
Morus_009899-R1	20	453	0.2517046052115312	0.5019488256648401	0.4786450744895702	relaxed	not_significant	9	9
Morus_009899-R1	20	453	28.6563815740341	1.652937207433752	0.1985596325442772	intensified	not_significant	1	1
Morus_009912-R1	20	263	0.01941039171867168	2.530700205222729	0.1116506614636422	relaxed	not_significant	9	9
Morus_009912-R1	20	263	0.4097846705008723	1.2161341078031	0.2701206713778519	relaxed	not_significant	1	1
Morus_009917-R1	20	235	3.736002896816877	1.18759800427506	0.275814603300698	intensified	not_significant	9	9
Morus_009917-R1	20	235	1.706084358276525	1.340985790327068	0.2468601969771171	intensified	not_significant	1	1
Morus_009919-R1	20	153	2.226818526583282	1.417386394891309	0.2338340691499984	intensified	not_significant	9	9
Morus_009919-R1	20	153	0.8498967786911714	-0.006312041049113759	1	relaxed	not_significant	1	1
Morus_009925-R1	20	488	0.2896416995518583	3.428865108144237	0.06406611231522552	relaxed	not_significant	9	9
Morus_009925-R1	20	488	38.10970331088824	1.346893144697788	0.2458219966926914	intensified	not_significant	1	1
Morus_009926-R1	20	607	1.960030818208472	0.3943942398418585	0.5299985992994123	intensified	not_significant	9	9
Morus_009926-R1	20	607	0.6970635269275749	0.5648257237862708	0.4523223933936985	relaxed	not_significant	1	1
Morus_009928-R1	20	330	1.447092120741023	0.3400254936714191	0.5598145068934944	intensified	not_significant	9	9
Morus_009928-R1	20	330	28.71759506676615	2.284528827053691	0.1306698189814545	intensified	not_significant	1	1
Morus_009931-R1	20	621	0.1659133288270352	4.541346997042638	0.03308554710973421	relaxed	significant_relaxed	9	9
Morus_009931-R1	20	621	0.08634221027555763	0.7175986852653296	0.3969327153222402	relaxed	not_significant	1	1
Morus_009934-R1	20	444	0.4689514124504947	1.172365592453389	0.2789157076706792	relaxed	not_significant	9	9
Morus_009934-R1	20	444	0.6976276312316583	0.1183732514855365	0.7308055705299885	relaxed	not_significant	1	1
Morus_009946-R1	20	261	0.4910569785402676	0.3089235977531644	0.5783414610785342	relaxed	not_significant	9	9
Morus_009946-R1	20	261	1.627853506800808	0.2238487096510653	0.636122913067254	intensified	not_significant	1	1
Morus_009947-R1	20	99	1.133934114179385	0.0985986545247215	0.7535178284224862	intensified	not_significant	9	9
Morus_009947-R1	20	99	15.15500984136511	1.346178174658917	0.245947366363452	intensified	not_significant	1	1
Morus_009948-R2	20	416	1.109907026134939	0.03691046681706212	0.8476474498104239	intensified	not_significant	9	9
Morus_009948-R2	20	416	0.4000672972579502	0.00849749118242471	0.9265535681024072	relaxed	not_significant	1	1
Morus_009949-R1	20	493	0.6936317137625947	1.38034055020762	0.2400431478334922	relaxed	not_significant	9	9
Morus_009949-R1	20	493	13.0689496333845	1.111617860229671	0.291730531928664	intensified	not_significant	1	1
Morus_009953-R1	20	234	5.717149791296226	1.536017990543314	0.2152114938946768	intensified	not_significant	9	9
Morus_009953-R1	20	234	47.75661593160221	1.985623787760687	0.1587992040253866	intensified	not_significant	1	1
Morus_009956-R1	20	469	1.292868822424034	0.6423690006158722	0.4228542474958326	intensified	not_significant	9	9
Morus_009956-R1	20	469	1.2490986441104	0.1331716368067646	0.7151659793988153	intensified	not_significant	1	1
Morus_009957-R1	20	246	0.1952924263570517	2.534073159781656	0.1114122896610316	relaxed	not_significant	9	9
Morus_009957-R1	20	246	0.1844573283387094	1.5272498664267	0.216525660510576	relaxed	not_significant	1	1
Morus_009959-R1	20	174	1.234055612940755	0.1016601167170847	0.7498464517130898	intensified	not_significant	9	9
Morus_009959-R1	20	174	1	-0.000004095274107385194	1	intensified	not_significant	0	1
Morus_009961-R1	20	343	0.4324302711178682	2.243467901791519	0.1341797499420864	relaxed	not_significant	9	9
Morus_009961-R1	20	343	0.8582492240672279	-0.00003653393741842592	1	relaxed	not_significant	1	1
Morus_009962-R1	20	320	12.10039200573649	2.482500595550846	0.1151190966855226	intensified	not_significant	9	9
Morus_009962-R1	20	320	0.716416937884076	0.2163207755538679	0.6418577170466497	relaxed	not_significant	1	1
Morus_009964-R1	20	1211	1.920605953205249	0.675507125495642	0.4111381359681511	intensified	not_significant	9	9
Morus_009964-R1	20	1211	2.227226152014212	1.911852805129456	0.1667575913176407	intensified	not_significant	1	1
Morus_009965-R1	20	346	0.8452010300219022	0.01633764667440119	0.8982923686374726	relaxed	not_significant	9	9
Morus_009965-R1	20	346	0.4115493278910916	0.6212232185853281	0.4305930932838981	relaxed	not_significant	1	1
Morus_009977-R1	20	1200	0.8539078251703545	0.7401669668797695	0.3896073979725904	relaxed	not_significant	9	9
Morus_009977-R1	20	1200	0.1942929813976467	4.797368877134431	0.02850323489118123	relaxed	significant_relaxed	1	1
Morus_009981-R2	20	435	0.1255454457288477	11.28328755069651	0.0007820793887209909	relaxed	significant_relaxed	9	9
Morus_009981-R2	20	435	11.52167000754696	0.2878202631900422	0.5916207547132302	intensified	not_significant	1	1
Morus_009988-R1	20	878	0.9325807990135618	0.08639326619231724	0.7688134456209657	relaxed	not_significant	9	9
Morus_009988-R1	20	878	0.2699818057578294	0.5071903846128407	0.4763576530816315	relaxed	not_significant	1	1
Morus_009991-R1	20	278	1.580511599828228	1.216520712808233	0.2700445458787413	intensified	not_significant	9	9
Morus_009991-R1	20	278	22.0993149355128	0.2070739544255957	0.6490705394197169	intensified	not_significant	1	1
Morus_010012-R1	20	660	0.4793244088660701	0.6832923879319424	0.4084553025337446	relaxed	not_significant	9	9
Morus_010012-R1	20	660	0.5212366404106237	0.2232747886209836	0.6365559428253866	relaxed	not_significant	1	1
Morus_010014-R1	20	337	0.9943670410296209	0.00002481248702679295	0.9960255831630229	relaxed	not_significant	9	9
Morus_010014-R1	20	337	1.549396791009906	0.4793991471797199	0.4886946044087438	intensified	not_significant	1	1
Morus_010017-R1	20	481	0.6738691865734118	1.462871073699716	0.2264738549038107	relaxed	not_significant	9	9
Morus_010017-R1	20	481	2.797960202254167E-8	0.6615791940512281	0.4160029814702533	relaxed	not_significant	1	1
Morus_010032-R1	20	158	0.1850897372562681	2.634494578459453	0.1045653323106513	relaxed	not_significant	9	9
Morus_010032-R1	20	158	0.02947071264613909	2.415550071419148	0.1201357639341856	relaxed	not_significant	1	1
Morus_010036-R1	20	493	0.7338671506422209	0.6505483483288117	0.4199166989859754	relaxed	not_significant	9	9
Morus_010036-R1	20	493	0.2284568086235118	3.441432921287742	0.06358052741699705	relaxed	not_significant	1	1
Morus_010039-R1	20	520	0.7669646348887573	0.66892900116909	0.4134252553488973	relaxed	not_significant	9	9
Morus_010039-R1	20	520	12.60014086823284	1.583484965874959	0.2082594256759538	intensified	not_significant	1	1
Morus_010040-R1	20	172	0.001875861729499629	1.625874599714734	0.2022746002750347	relaxed	not_significant	9	9
Morus_010040-R1	20	172	1.288052410457368	0.2326553297079954	0.6295618932942462	intensified	not_significant	1	1
Morus_010043-R1	20	267	0.1603636006155704	0.8176665652931661	0.3658632918323805	relaxed	not_significant	9	9
Morus_010043-R1	20	267	44.93956232707593	3.398868060614859	0.06524117517105288	intensified	not_significant	1	1
Morus_010054-R1	20	217	0.7531198383948344	0.3786883492671222	0.5383060468725578	relaxed	not_significant	9	9
Morus_010054-R1	20	217	0	1.882248415514368	0.1700788206314382	relaxed	not_significant	1	1
Morus_010056-R1	20	540	0.2190333658182359	1.523236065804667	0.2171304361744277	relaxed	not_significant	9	9
Morus_010056-R1	20	540	12.41825095934967	0.1622967614002846	0.6870506876975331	intensified	not_significant	1	1
Morus_010060-R1	20	364	0.561543801472581	1.085464187014622	0.2974783880406849	relaxed	not_significant	9	9
Morus_010060-R1	20	364	7.129938283970621E-11	4.252423328261102	0.03919436409846755	relaxed	significant_relaxed	1	1
Morus_010075-R1	20	423	0.02857730949957547	3.882320528745367	0.04879706835653441	relaxed	significant_relaxed	9	9
Morus_010075-R1	20	423	0	0.2112652509458712	0.6457775157411403	relaxed	not_significant	1	1
Morus_010080-R1	20	249	1.958580054193342	0.5476878279241646	0.459263988430865	intensified	not_significant	9	9
Morus_010080-R1	20	249	1.084939955302372	0.01361486972928105	0.9071114414484813	intensified	not_significant	1	1
Morus_010089-R1	20	320	1.84844781599412	2.289084243195248	0.1302867738824934	intensified	not_significant	9	9
Morus_010089-R1	20	320	1	-0.0001065820815711049	1	intensified	not_significant	0	1
Morus_010101-R1	20	750	1.047129817115114	0.01277741092053475	0.9100010546803881	intensified	not_significant	9	9
Morus_010101-R1	20	750	0.8124930264462998	0.6749864942466957	0.4113184713973908	relaxed	not_significant	1	1
Morus_010114-R1	20	412	1.238936326307867	0.3244174257933992	0.5689649493819917	intensified	not_significant	9	9
Morus_010114-R1	20	412	0.4019468989401745	2.36281328685709	0.1242579220072754	relaxed	not_significant	1	1
Morus_010123-R1	20	97	21.63603851959986	3.349807484703661	0.06721287366747875	intensified	not_significant	9	9
Morus_010123-R1	20	97	1	-0.00007888861409810488	1	intensified	not_significant	0	1
Morus_010144-R2	20	439	16.51564484946303	4.923535838531279	0.02649324288134192	intensified	significant_intensified	9	9
Morus_010144-R2	20	439	1.094211049211312	0.02332315113017103	0.8786197265150043	intensified	not_significant	1	1
Morus_010145-R1	20	828	1.050630133993423	0.02512765294886776	0.8740493920185564	intensified	not_significant	9	9
Morus_010145-R1	20	828	0.5821574803312085	1.508915049897041	0.2193047148585483	relaxed	not_significant	1	1
Morus_010152-R1	20	321	0.8908521687303275	0.05679163687545952	0.8116406971699898	relaxed	not_significant	9	9
Morus_010152-R1	20	321	0.5130509544849033	1.03790876772382	0.3083083364933474	relaxed	not_significant	1	1
Morus_010153-R1	20	806	0.8427419251629618	0.1129553117771138	0.7368043187710144	relaxed	not_significant	9	9
Morus_010153-R1	20	806	2.046293510387859	-0.0000861627449921798	1	intensified	not_significant	1	1
Morus_010154-R1	20	387	0.4403169672607882	3.553236867324813	0.05942941282356817	relaxed	not_significant	9	9
Morus_010154-R1	20	387	1.194571222774305	0.1114132304110171	0.7385408941203726	intensified	not_significant	1	1
Morus_010156-R1	20	416	0.8508114490109412	0.3052194963574948	0.5806286173849906	relaxed	not_significant	9	9
Morus_010156-R1	20	416	0.203546113979009	4.118906307119687	0.04240648511334499	relaxed	significant_relaxed	1	1
Morus_010162-R1	20	601	1.612664758896972	1.74440547800441	0.1865815903606696	intensified	not_significant	9	9
Morus_010162-R1	20	601	27.5441323391799	0.7120905792362464	0.3987506627280394	intensified	not_significant	1	1
Morus_010168-R1	20	386	0.9560967450286131	0.006028429581419914	0.9381120666116577	relaxed	not_significant	9	9
Morus_010168-R1	20	386	0.1372952919149929	6.206148893614227	0.01273072928679841	relaxed	significant_relaxed	1	1
Morus_010169-R1	20	592	1.880132695621461	1.87302439720952	0.1711290932191845	intensified	not_significant	9	9
Morus_010169-R1	20	592	0.4458563961717291	0.488996852098353	0.4843751273205926	relaxed	not_significant	1	1
Morus_010170-R1	20	256	0.2754216045994312	1.877360298164604	0.1706344706697768	relaxed	not_significant	9	9
Morus_010170-R1	20	256	1	-5.082306415715721E-7	1	intensified	not_significant	0	1
Morus_010171-R2	20	534	1.274604990207238	0.4912411188570331	0.4833741915853573	intensified	not_significant	9	9
Morus_010171-R2	20	534	5.627645989094471	2.323798605537377	0.12740855442259	intensified	not_significant	1	1
Morus_010173-R1	20	796	1.51059826237428	1.832204496344275	0.1758673832199227	intensified	not_significant	9	9
Morus_010173-R1	20	796	0.7537335963111564	0.06961426481211674	0.7918992398465338	relaxed	not_significant	1	1
Morus_010178-R1	20	616	1.479534604052857	2.141010138617276	0.1434074357628726	intensified	not_significant	9	9
Morus_010178-R1	20	616	20.02362609460691	4.038030445573895	0.04448571121552292	intensified	significant_intensified	1	1
Morus_010181-R1	20	242	1.284458437180991	0.1119397111601756	0.7379465173758477	intensified	not_significant	9	9
Morus_010181-R1	20	242	12.99832261838602	1.127476125110661	0.2883143269424296	intensified	not_significant	1	1
Morus_010183-R1	20	474	2.852433329669667	4.943895020375749	0.02618297021896498	intensified	significant_intensified	9	9
Morus_010183-R1	20	474	0.1267512156068588	1.322895569462162	0.2500730470276969	relaxed	not_significant	1	1
Morus_010189-R1	20	499	2.9811484493667	5.751369882289509	0.01647580420974193	intensified	significant_intensified	9	9
Morus_010189-R1	20	499	0.6087645686088655	0.5533800063831222	0.4569399048526467	relaxed	not_significant	1	1
Morus_010193-R1	20	286	0.6093773859071376	2.800472069809985	0.09423655739685866	relaxed	not_significant	9	9
Morus_010193-R1	20	286	8.77673598966769	1.341128598352952	0.2468350357300653	intensified	not_significant	1	1
Morus_010198-R1	20	695	0.6443733284440971	1.380365443428673	0.2400389089035841	relaxed	not_significant	9	9
Morus_010198-R1	20	695	1	-0.0001235029576491797	1	intensified	not_significant	0	1
Morus_010220-R3	20	545	1.281604893341487	0.7248417279124624	0.3945603123937085	intensified	not_significant	9	9
Morus_010220-R3	20	545	1	-0.0001036945686792023	1	intensified	not_significant	0	1
Morus_010221-R1	20	366	1.101265366190329	0.03575994465427357	0.8500120901678554	intensified	not_significant	9	9
Morus_010221-R1	20	366	0.2916726964230787	0.2218481275167505	0.6376353317335743	relaxed	not_significant	1	1
Morus_010229-R1	20	219	1.709900635340369	0.5577208061367855	0.4551800248131844	intensified	not_significant	9	9
Morus_010229-R1	20	219	0.1216498709831742	1.214693419251489	0.2704045903371108	relaxed	not_significant	1	1
Morus_010233-R1	20	1019	1.243990258319639	0.1774894490408769	0.6735397051406373	intensified	not_significant	9	9
Morus_010233-R1	20	1019	0.1528359882665682	0.4645200002705678	0.4955190867522823	relaxed	not_significant	1	1
Morus_010239-R1	20	295	1.092343215382747	0.08040936173802038	0.7767434212174987	intensified	not_significant	9	9
Morus_010239-R1	20	295	9.596417889700083	0.8788553061003768	0.3485153936316588	intensified	not_significant	1	1
Morus_010243-R1	20	230	0.6375921534437968	0.2570470911432494	0.6121561394686184	relaxed	not_significant	9	9
Morus_010243-R1	20	230	0.1427457657904891	0.201626041790405	0.653411540940354	relaxed	not_significant	1	1
Morus_010244-R1	20	255	0.7897746324077687	0.2581942103029178	0.6113634794180043	relaxed	not_significant	9	9
Morus_010244-R1	20	255	0.8532128100273922	-1.718944986350834E-9	1	relaxed	not_significant	1	1
Morus_010245-R1	20	194	0.7124969970786534	0.5031635224090678	0.4781133862518336	relaxed	not_significant	9	9
Morus_010245-R1	20	194	20.78499901039197	1.010532258239891	0.3147753602378813	intensified	not_significant	1	1
Morus_010253-R1	20	502	1.03122494628909	0.02288412402776885	0.8797587935974794	intensified	not_significant	9	9
Morus_010253-R1	20	502	15.00906459281497	1.767197430566739	0.1837292997759913	intensified	not_significant	1	1
Morus_010254-R1	20	189	0.2106011239218473	3.984926896416255	0.04590909279309585	relaxed	significant_relaxed	9	9
Morus_010254-R1	20	189	0.2171550863761216	1.97723962785949	0.1596815085726876	relaxed	not_significant	1	1
Morus_010260-R1	20	223	2.098013956105057	1.164750972261572	0.2804824053624614	intensified	not_significant	9	9
Morus_010260-R1	20	223	1	-0.0009222643202519976	1	intensified	not_significant	0	1
Morus_010341-R1	20	639	1.982859227944654	1.629331354861279	0.201795556576292	intensified	not_significant	9	9
Morus_010341-R1	20	639	0.1214923939415356	0.7287261797137035	0.3932963951145969	relaxed	not_significant	1	1
Morus_010344-R1	20	306	3.071706833770457	0.5553072325210451	0.4561572338022981	intensified	not_significant	9	9
Morus_010344-R1	20	306	21.11009978064189	0.902208590164264	0.3421901965439398	intensified	not_significant	1	1
Morus_010347-R1	20	474	0.8806960165302486	0.2029296333093953	0.6523664501657642	relaxed	not_significant	9	9
Morus_010347-R1	20	474	1.256469527781636	0.1299152806732309	0.7185198949919476	intensified	not_significant	1	1
Morus_010349-R1	20	507	0.9153442467604678	0.03114196633850952	0.8599240355132046	relaxed	not_significant	9	9
Morus_010349-R1	20	507	0.8752354429977297	0.1293365233996155	0.7191209483399097	relaxed	not_significant	1	1
Morus_010354-R1	20	320	0.5984263434125818	2.449036915135366	0.1175970001895134	relaxed	not_significant	9	9
Morus_010354-R1	20	320	37.81590740197192	0.7318441688221355	0.3922860740247454	intensified	not_significant	1	1
Morus_010355-R1	20	596	0.313562483669893	1.690901654848858	0.1934821539295187	relaxed	not_significant	9	9
Morus_010355-R1	20	596	0.04627503238356571	3.389645305542217	0.06560706104118075	relaxed	not_significant	1	1
Morus_010357-R2	20	404	1.062937248293037	0.02897700078665366	0.8648321516624217	intensified	not_significant	9	9
Morus_010357-R2	20	404	0.4728155396026949	3.904926053655799	0.04814474624799958	relaxed	significant_relaxed	1	1
Morus_010358-R1	20	157	0.2191018941676432	0.4054599572941697	0.5242828933762675	relaxed	not_significant	9	9
Morus_010358-R1	20	157	19.42667454170677	17.15814017410094	0.00003439323421716711	intensified	significant_intensified	1	1
Morus_010363-R1	20	441	0.7037449988776352	0.4413824034627396	0.506455981737718	relaxed	not_significant	9	9
Morus_010363-R1	20	441	0.6253197340961407	0.7254383792951558	0.3943657953666497	relaxed	not_significant	1	1
Morus_010365-R1	20	250	1.759492023305254	0.5016898877906897	0.4787585398391807	intensified	not_significant	9	9
Morus_010365-R1	20	250	1	-0.00004028358080176986	1	intensified	not_significant	0	1
Morus_010367-R1	20	348	1.522643503574332	0.1845047815158978	0.6675301469093609	intensified	not_significant	9	9
Morus_010367-R1	20	348	50	13.34802211534043	0.0002586953249438251	intensified	significant_intensified	1	1
Morus_010368-R1	20	198	0.1937125268446978	4.43298444337097	0.03525081830820975	relaxed	significant_relaxed	9	9
Morus_010368-R1	20	198	1	-0.00008571785065214499	1	intensified	not_significant	0	1
Morus_010375-R1	20	126	0.0501857739192357	4.57928839718852	0.03236065099521179	relaxed	significant_relaxed	9	9
Morus_010375-R1	20	126	1	-1.459009126847377E-7	1	intensified	not_significant	0	1
Morus_010377-R1	20	1327	1.361503028034599	2.211618706252921	0.1369748802300871	intensified	not_significant	9	9
Morus_010377-R1	20	1327	1.22793540887798	0.2208023579551082	0.638429240824582	intensified	not_significant	1	1
Morus_010381-R1	20	187	0.9862289809832409	0.0007709760297984758	0.9778484205812613	relaxed	not_significant	9	9
Morus_010381-R1	20	187	50	1.984493108230708	0.1589178663896414	intensified	not_significant	1	1
Morus_010385-R1	20	381	0.8829306651833799	0.04424500851473567	0.8333984354101831	relaxed	not_significant	9	9
Morus_010385-R1	20	381	0.7493007730563166	0.1083073053569024	0.7420795354332783	relaxed	not_significant	1	1
Morus_010389-R1	20	337	2.700804029671684	3.191732353102452	0.07401154155593437	intensified	not_significant	9	9
Morus_010389-R1	20	337	0.3097798579548408	0.08362341064275824	0.7724458346742528	relaxed	not_significant	1	1
Morus_010394-R1	20	173	0.08353769612545457	1.206385525649239	0.2720491425823924	relaxed	not_significant	9	9
Morus_010394-R1	20	173	38.27637563083743	2.093612450526507	0.1479159466865897	intensified	not_significant	1	1
Morus_010414-R2	20	390	1.573795668400166	0.2436967371495484	0.6215487933377375	intensified	not_significant	9	9
Morus_010414-R2	20	390	0	3.127021305605922	0.07700431919046147	relaxed	not_significant	1	1
Morus_010415-R1	20	344	3.322598146931308	6.475151738737623	0.01093929740146571	intensified	significant_intensified	9	9
Morus_010415-R1	20	344	50	20.46626768556689	0.000006069149993015444	intensified	significant_intensified	1	1
Morus_010417-R1	20	415	1.110603041918552	0.06060275385152636	0.8055457874441851	intensified	not_significant	9	9
Morus_010417-R1	20	415	0.5971349098689309	0.6424829645211503	0.4228131074462104	relaxed	not_significant	1	1
Morus_010423-R1	20	277	1.000293808077132	-0.0001593306956237939	1	intensified	not_significant	9	9
Morus_010423-R1	20	277	15.7440507095879	0.277673366338604	0.5982302454983517	intensified	not_significant	1	1
Morus_010428-R1	20	359	0.9044574947914292	0.03971388344416482	0.8420410441537824	relaxed	not_significant	9	9
Morus_010428-R1	20	359	0.5730773510941566	0.1690419060978456	0.6809647034127608	relaxed	not_significant	1	1
Morus_010440-R1	20	561	1.704069471024556	0.07836998055154254	0.7795186364717224	intensified	not_significant	9	9
Morus_010440-R1	20	561	8.263960878578981	23.47870746488843	0.000001263038982735054	intensified	significant_intensified	1	1
Morus_010452-R1	20	404	0.988059760727956	0.0003136872210234287	0.9858692318793623	relaxed	not_significant	9	9
Morus_010452-R1	20	404	10.80195894894944	1.962007918785275	0.1612987379507527	intensified	not_significant	1	1
Morus_010465-R1	20	195	1.066758323494431	0.01839437435228319	0.8921170597135658	intensified	not_significant	9	9
Morus_010465-R1	20	195	0	2.291671192114336	0.1300698061071021	relaxed	not_significant	1	1
Morus_010478-R1	20	768	0.5737341596577377	3.371939678923809	0.06631563465702039	relaxed	not_significant	9	9
Morus_010478-R1	20	768	0.4084125260946319	0.7770264039081667	0.3780521168103644	relaxed	not_significant	1	1
Morus_010485-R1	20	316	1.44030144930815	0.1056875497879446	0.7451082526159318	intensified	not_significant	9	9
Morus_010485-R1	20	316	0.8163477999896436	0.1572544890077552	0.6916969245244728	relaxed	not_significant	1	1
Morus_010486-R1	20	330	1.029390529988022	0.002653736672073137	0.9589156023000637	intensified	not_significant	9	9
Morus_010486-R1	20	330	15.11311349112352	2.699822569297794	0.100359414802986	intensified	not_significant	1	1
Morus_010488-R1	20	271	4.04843268740928	1.39634581285145	0.2373363601237739	intensified	not_significant	9	9
Morus_010488-R1	20	271	0.1027072041985402	0.989143137175688	0.3199518895116862	relaxed	not_significant	1	1
Morus_010493-R1	20	433	1.92109258411066	1.735534577223007	0.1877056214697557	intensified	not_significant	9	9
Morus_010493-R1	20	433	2.961581878339421	4.571507584433675	0.0325079453065511	intensified	significant_intensified	1	1
Morus_010496-R1	20	413	0.6549450747185183	0.5928899728423858	0.4413037550975436	relaxed	not_significant	9	9
Morus_010496-R1	20	413	0.438440254512685	2.740288445708757	0.09784710355362614	relaxed	not_significant	1	1
Morus_010505-R1	20	145	2.765839261665882	1.617066607687775	0.2035012929029613	intensified	not_significant	9	9
Morus_010505-R1	20	145	1	-0.0000839793860905047	1	intensified	not_significant	0	1
Morus_010513-R1	20	295	1.028521779873935	0.004848008539738657	0.9444900351446357	intensified	not_significant	9	9
Morus_010513-R1	20	295	11.33634010116426	1.061203136909171	0.3029409377385068	intensified	not_significant	1	1
Morus_010532-R1	20	268	6.194948306740445E-10	1.309176187059165	0.2525438654062645	relaxed	not_significant	9	9
Morus_010532-R1	20	268	1.619513093391831	0.1569343942819614	0.691994773158531	intensified	not_significant	1	1
Morus_010540-R1	20	338	0.8010192644762569	0.130955445836662	0.7174434497111842	relaxed	not_significant	9	9
Morus_010540-R1	20	338	1.268007693471696	0.1319195570131342	0.7164500202312837	intensified	not_significant	1	1
Morus_010548-R1	20	363	14.90069674220637	3.262106676318581	0.07089798823867721	intensified	not_significant	9	9
Morus_010548-R1	20	363	0.139332001879317	6.759254334741854	0.009326272398974766	relaxed	significant_relaxed	1	1
Morus_010556-R1	20	302	0.128400310847293	5.002794051658384	0.02530643411617506	relaxed	significant_relaxed	9	9
Morus_010556-R1	20	302	1	-0.0002430577824270586	1	intensified	not_significant	0	1
Morus_010563-R1	20	265	1.783814577019918	0.7002504591473553	0.4026995491932764	intensified	not_significant	9	9
Morus_010563-R1	20	265	0.5407803567874776	0.1893482812197362	0.6634595917576884	relaxed	not_significant	1	1
Morus_010573-R1	20	236	1.991002190562614	0.0974498131299697	0.7549116902133589	intensified	not_significant	9	9
Morus_010573-R1	20	236	34.51398688733609	1.128144393824186	0.2881714894232654	intensified	not_significant	1	1
Morus_010601-R1	20	187	13.4640850091146	1.751214170509684	0.1857241670759526	intensified	not_significant	9	9
Morus_010601-R1	20	187	0.1509157015274931	2.492810261135219	0.1143673472348723	relaxed	not_significant	1	1
Morus_010617-R1	20	282	0.5726580085328141	1.277709157795471	0.2583254135814265	relaxed	not_significant	9	9
Morus_010617-R1	20	282	11.60379217867433	0.763788301304885	0.382145577521586	intensified	not_significant	1	1
Morus_010636-R1	20	574	1.185609136245734	0.2960935755581886	0.5863418260653361	intensified	not_significant	9	9
Morus_010636-R1	20	574	42.95043973812201	5.919327144078125	0.01497567656727405	intensified	significant_intensified	1	1
Morus_010643-R1	20	318	1.670474744974393	2.470561863141484	0.1159964528601581	intensified	not_significant	9	9
Morus_010643-R1	20	318	25.80398877452954	0.3765638345457774	0.5394479753609571	intensified	not_significant	1	1
Morus_010645-R1	20	190	2.002992728031933	2.086284469882685	0.1486271613328189	intensified	not_significant	9	9
Morus_010645-R1	20	190	6.146077574872428	0.4091021088188427	0.5224255916165031	intensified	not_significant	1	1
Morus_010650-R1	20	190	0.1484044887174387	5.156664473675391	0.0231573299804636	relaxed	significant_relaxed	9	9
Morus_010650-R1	20	190	0.7033381709126496	0.2280957331545324	0.6329394225814842	relaxed	not_significant	1	1
Morus_010651-R1	20	176	13.09823403010328	1.838288187863782	0.1751517147464688	intensified	not_significant	9	9
Morus_010651-R1	20	176	0.3932717452848615	1.177149629771975	0.277937039144552	relaxed	not_significant	1	1
Morus_010681-R1	20	429	1.063814284127533	0.0280482030211715	0.866995547800294	intensified	not_significant	9	9
Morus_010681-R1	20	429	0.5026024953489227	0.4542594214217388	0.5003191328513783	relaxed	not_significant	1	1
Morus_010683-R1	20	428	0.8332211376483787	0.1482226817333867	0.7002396461874258	relaxed	not_significant	9	9
Morus_010683-R1	20	428	39.05501162140229	1.514967320767028	0.2183826791955108	intensified	not_significant	1	1
Morus_010689-R1	20	564	2.131552016001832	3.404121584620952	0.0650337311631578	intensified	not_significant	9	9
Morus_010689-R1	20	564	6.238498579632063E-8	1.595285427107228	0.2065726162198754	relaxed	not_significant	1	1
Morus_010693-R1	20	451	0.6017217577004641	0.6739850451531311	0.411665679516262	relaxed	not_significant	9	9
Morus_010693-R1	20	451	50	1.729997024206568	0.1884112776567971	intensified	not_significant	1	1
Morus_010696-R1	20	373	3.734804834562794E-8	1.815564186245865	0.1778421923988106	relaxed	not_significant	9	9
Morus_010696-R1	20	373	0.9794492937408418	0.001071120463166153	0.9738915136067718	relaxed	not_significant	1	1
Morus_010715-R1	20	788	1.783675564682178	2.174457483733931	0.1403189908950775	intensified	not_significant	9	9
Morus_010715-R1	20	788	0.748253367375724	0.2162647771747288	0.6419008289439647	relaxed	not_significant	1	1
Morus_010718-R1	20	517	1.391326748842668	0.2757324967560635	0.5995120301566735	intensified	not_significant	9	9
Morus_010718-R1	20	517	1.075513246147858	0.05514920695259207	0.8143339426357246	intensified	not_significant	1	1
Morus_010728-R1	20	496	1.669230699902033	0.1572287831750145	0.69172083088029	intensified	not_significant	9	9
Morus_010728-R1	20	496	13.23008382027756	1.149414517305559	0.2836717452368392	intensified	not_significant	1	1
Morus_010734-R1	20	327	0.6343270651646659	0.2037851152545045	0.6516828018716592	relaxed	not_significant	9	9
Morus_010734-R1	20	327	0	8.410076152456895	0.003731470293459771	relaxed	significant_relaxed	1	1
Morus_010740-R1	20	855	1.319180900785528	0.8537098840515682	0.3555049437899001	intensified	not_significant	9	9
Morus_010740-R1	20	855	1.291588882940951	0.2368747393556987	0.6264725112257801	intensified	not_significant	1	1
Morus_010741-R1	20	463	0.1408141232509169	7.006168744006573	0.008122932631822066	relaxed	significant_relaxed	9	9
Morus_010741-R1	20	463	4.519867792334612	4.812293613532347	0.02825741140380222	intensified	significant_intensified	1	1
Morus_010744-R1	20	129	1.555931575389682	0.4524873272691821	0.5011561230252901	intensified	not_significant	9	9
Morus_010744-R1	20	129	0.8532129071524728	-7.297444426512811E-8	1	relaxed	not_significant	1	1
Morus_010765-R1	20	455	1.60124181268124	2.219111496586265	0.1363114867330903	intensified	not_significant	9	9
Morus_010765-R1	20	455	0.2529169041994848	1.112625050311181	0.2915120319923082	relaxed	not_significant	1	1
Morus_010782-R1	20	388	0.8532133641222732	-0.000002714208676479757	1	relaxed	not_significant	9	9
Morus_010782-R1	20	388	0.8532123858036296	-5.579022399615496E-8	1	relaxed	not_significant	1	1
Morus_010793-R1	20	120	1.562494615348186	0.5247847855202963	0.4688077347581866	intensified	not_significant	9	9
Morus_010793-R1	20	120	0.8544680424009371	-0.000006183403911563801	1	relaxed	not_significant	1	1
Morus_010806-R1	20	679	2.075968290031288	2.206099861039547	0.137465818516791	intensified	not_significant	9	9
Morus_010806-R1	20	679	2.823563279958183	1.735221318995173	0.1877454581356464	intensified	not_significant	1	1
Morus_010809-R1	20	389	1.077389707698592	0.003025982811777794	0.9561313463306244	intensified	not_significant	9	9
Morus_010811-R1	20	279	1.506194851290294	0.03891299506994983	0.8436211293860543	intensified	not_significant	9	9
Morus_010811-R1	20	279	0.9707503564394567	0.0008251667422882747	0.977083346669479	relaxed	not_significant	1	1
Morus_010812-R1	20	355	1.359873670568949	1.277361875248971	0.2583901268329547	intensified	not_significant	9	9
Morus_010812-R1	20	355	0.4907174337874246	1.160058237758676	0.2814534628211963	relaxed	not_significant	1	1
Morus_010824-R1	20	292	0.8632622828837205	0.1720229341208324	0.6783201845981954	relaxed	not_significant	9	9
Morus_010824-R1	20	292	50	2.083232532166221	0.1489245048063628	intensified	not_significant	1	1
Morus_010886-R1	20	341	0.3890526812568169	4.184765948120912	0.04078884446011843	relaxed	significant_relaxed	9	9
Morus_010886-R1	20	341	1.118295417972092E-8	4.486726642118811	0.0341590243907095	relaxed	significant_relaxed	1	1
Morus_010925-R1	20	268	1.518739780614857	1.201913611863347	0.2729395442036556	intensified	not_significant	9	9
Morus_010925-R1	20	268	0.7675476842529227	0.07805870233551104	0.7799456403271432	relaxed	not_significant	1	1
Morus_010933-R1	20	355	3.898506759924083	3.820167014670005	0.05063919030262398	intensified	not_significant	9	9
Morus_010933-R1	20	355	0.2332168467767956	1.964254584145237	0.1610590284123352	relaxed	not_significant	1	1
Morus_010938-R1	20	1006	1.072900821280891	0.08902363649031031	0.7654220883777383	intensified	not_significant	9	9
Morus_010938-R1	20	1006	2.405116910525892	0.3282744859097875	0.5666769041393835	intensified	not_significant	1	1
Morus_010945-R1	20	497	3.379987445011693	6.276141224270759	0.01223742836890718	intensified	significant_intensified	9	9
Morus_010945-R1	20	497	1.431311659381888	0.2786664500617917	0.5975766075812149	intensified	not_significant	1	1
Morus_010953-R1	20	377	2.711700325688009	0.4456865404299606	0.504390497371221	intensified	not_significant	9	9
Morus_010953-R1	20	377	6.211521729489351E-9	0.7920778938641888	0.3734725547457357	relaxed	not_significant	1	1
Morus_010956-R1	20	194	0.7924481045090752	0.5613577187255032	0.4537137138355219	relaxed	not_significant	9	9
Morus_010956-R1	20	194	1	-0.0001666161033426761	1	intensified	not_significant	0	1
Morus_010977-R4	20	775	1.141460763311734	0.1470375081589737	0.7013826510424692	intensified	not_significant	9	9
Morus_010977-R4	20	775	0.03272295295713123	3.672615860374208	0.05531330816288083	relaxed	not_significant	1	1
Morus_010989-R1	20	254	1.563121196419035	1.007158185462686	0.3155846137444327	intensified	not_significant	9	9
Morus_010989-R1	20	254	0.8523607883109081	0.1114221096086112	0.7385308569173001	relaxed	not_significant	1	1
Morus_010994-R1	20	308	0.2740778409918003	0.6503087956125455	0.420002298755069	relaxed	not_significant	9	9
Morus_010994-R1	20	308	0.1869479474643258	0.8981041804399865	0.3432905591991539	relaxed	not_significant	1	1
Morus_011003-R1	20	379	1.128023683309845	0.1667917812510495	0.6829789359330257	intensified	not_significant	9	9
Morus_011003-R1	20	379	11.90928880423773	1.051697980484278	0.305116350654509	intensified	not_significant	1	1
Morus_011004-R1	20	579	0.3279541497124613	0.4592311352935212	0.4979835224989129	relaxed	not_significant	9	9
Morus_011004-R1	20	579	1.3177388622145	0.2596852685492195	0.6103364620000418	intensified	not_significant	1	1
Morus_011007-R1	20	256	0.429651465051416	2.168067813931884	0.1409031741169779	relaxed	not_significant	9	9
Morus_011007-R1	20	256	3.895987036409312	7.331293276738506	0.006776427851037714	intensified	significant_intensified	1	1
Morus_011008-R1	20	745	1.193560826240947	0.2575225594337098	0.6118273212261616	intensified	not_significant	9	9
Morus_011008-R1	20	745	0.9004814881991634	0.09997225861479819	0.7518629273488413	relaxed	not_significant	1	1
Morus_011013-R1	20	290	0.4507042326244631	1.077812789487325	0.2991873657024986	relaxed	not_significant	9	9
Morus_011013-R1	20	290	0	1.842970179302029	0.1746032227748717	relaxed	not_significant	1	1
Morus_011027-R1	20	806	0.6418791292515568	1.646851464773135	0.1993880059281575	relaxed	not_significant	9	9
Morus_011027-R1	20	806	0.8607200453531011	0.09974296702239371	0.7521383019479059	relaxed	not_significant	1	1
Morus_011048-R1	20	241	6.244916250740001E-8	12.58445067377397	0.0003889693429893759	relaxed	significant_relaxed	9	9
Morus_011048-R1	20	241	18.33452590589693	0.2954652173957584	0.5867393888856041	intensified	not_significant	1	1
Morus_011049-R1	20	96	0.1589777275122145	2.785609331341902	0.09511451043623442	relaxed	not_significant	9	9
Morus_011049-R1	20	96	1	-0.0004837580543153308	1	intensified	not_significant	0	1
Morus_011050-R1	20	254	1.276092714852946	0.2190439298906313	0.6397693633574499	intensified	not_significant	9	9
Morus_011050-R1	20	254	1.000072599972563	-0.000005615055215457687	1	intensified	not_significant	1	1
Morus_011052-R1	20	188	2.250432696043942	2.011920452363483	0.1560676496626059	intensified	not_significant	9	9
Morus_011052-R1	20	188	0.006814600743377317	2.144155787741965	0.1431137413684714	relaxed	not_significant	1	1
Morus_011055-R1	20	155	2.509720053742787	0.599699422265985	0.4386927331316747	intensified	not_significant	9	9
Morus_011055-R1	20	155	0	0.05673348581649407	0.8117353450482531	relaxed	not_significant	1	1
Morus_011056-R1	20	176	3.027805958303559	0.03466643779984224	0.8522963517581887	intensified	not_significant	9	9
Morus_011056-R1	20	176	11.50006629477704	2.928118850202736	0.08704886791118482	intensified	not_significant	1	1
Morus_011058-R1	20	242	1.069233419637151	0.01611091608992865	0.8989967649275109	intensified	not_significant	9	9
Morus_011058-R1	20	242	0.1072766662280428	3.8657232668711	0.04928194855498691	relaxed	significant_relaxed	1	1
Morus_011063-R1	20	199	2.15238717312636	5.022148508459395	0.02502509937287289	intensified	significant_intensified	9	9
Morus_011063-R1	20	199	28.67539458555889	2.757011176218839	0.09682898461562983	intensified	not_significant	1	1
Morus_011075-R1	20	365	1.099323640262524	0.08514101080072578	0.7704477068735913	intensified	not_significant	9	9
Morus_011075-R1	20	365	15.35530374205209	0.2530288119487523	0.6149504263782994	intensified	not_significant	1	1
Morus_011077-R1	20	147	0.3134653217967669	0.4259303899243605	0.5139926304417854	relaxed	not_significant	9	9
Morus_011077-R1	20	147	1	-0.0001639866118239297	1	intensified	not_significant	0	1
Morus_011078-R1	20	395	1.226064283038374	0.3091591615038851	0.5781966163359323	intensified	not_significant	9	9
Morus_011078-R1	20	395	1.661920315943386	1.727724019858215	0.1887018224755553	intensified	not_significant	1	1
Morus_011096-R1	20	123	0.8532128886837539	-0.000001259160171684925	1	relaxed	not_significant	9	9
Morus_011096-R1	20	123	1	-9.456925909034908E-7	1	intensified	not_significant	0	1
Morus_011114-R1	20	511	0.9695206339847521	0.004355453076641425	0.9473811242939776	relaxed	not_significant	9	9
Morus_011114-R1	20	511	0.8870500477341086	0.01895096373209526	0.890507158329743	relaxed	not_significant	1	1
Morus_011119-R1	20	884	1.067912417653391	0.06081091851228848	0.805218811266019	intensified	not_significant	9	9
Morus_011119-R1	20	884	0.9340000685655859	0.04556956356645969	0.8309601622920769	relaxed	not_significant	1	1
Morus_011120-R1	20	578	0.8599598194886281	0.1147555895076948	0.734793592601477	relaxed	not_significant	9	9
Morus_011120-R1	20	578	0.8812768381901003	0.08295896227537014	0.7733268556379927	relaxed	not_significant	1	1
Morus_011124-R1	20	281	0.6187291101512183	0.5331904014924476	0.4652686283089884	relaxed	not_significant	9	9
Morus_011124-R1	20	281	0	1.966450402578175	0.1608251363653598	relaxed	not_significant	1	1
Morus_011125-R1	20	258	0.4909819408177954	1.921234733566962	0.1657206080280315	relaxed	not_significant	9	9
Morus_011125-R1	20	258	1	-0.0003540537363733165	1	intensified	not_significant	0	1
Morus_011126-R1	20	193	1.793121666342284	1.229004651659125	0.267600697034145	intensified	not_significant	9	9
Morus_011126-R1	20	193	4.528963159650539E-14	3.214820688675445	0.07297418647055942	relaxed	not_significant	1	1
Morus_011127-R1	20	124	1.786570959568673E-7	1.299735317575369	0.2542615766092757	relaxed	not_significant	9	9
Morus_011127-R1	20	124	0.9954280210588718	-0.0004420210445914563	1	relaxed	not_significant	1	1
Morus_011136-R1	20	314	1.033549316385535	0.000179088447112008	0.9893227137966816	intensified	not_significant	9	9
Morus_011136-R1	20	314	0.08527774095649414	0.4585975039681216	0.4982801619836591	relaxed	not_significant	1	1
Morus_011145-R1	20	267	1.201850446469961	0.2251336809949862	0.635155845703371	intensified	not_significant	9	9
Morus_011145-R1	20	267	0.7274461163607395	0.3401963254700604	0.5597159210954064	relaxed	not_significant	1	1
Morus_011168-R1	20	286	1.167930208320872	0.2021865339465876	0.6529616974816433	intensified	not_significant	9	9
Morus_011168-R1	20	286	0.5631879947371099	0.6142565456957527	0.4331896320455589	relaxed	not_significant	1	1
Morus_011172-R1	20	304	1.171819917448656	0.135655582956133	0.7126387297006549	intensified	not_significant	9	9
Morus_011172-R1	20	304	11.96555677208815	0.2698599825616839	0.6034257126527276	intensified	not_significant	1	1
Morus_011186-R1	20	279	1.835810344824418	0.1556264484379426	0.6932154838164222	intensified	not_significant	9	9
Morus_011186-R1	20	279	0.3201409107844981	0.6458079182202709	0.4216154576069765	relaxed	not_significant	1	1
Morus_011189-R1	20	120	1.727864934022798E-8	4.939574682918419	0.02624849477044455	relaxed	significant_relaxed	9	9
Morus_011189-R1	20	120	1	-0.00009146618344857416	1	intensified	not_significant	0	1
Morus_011198-R3	20	308	1.368103651466592	0.6755986479347484	0.4111064466036906	intensified	not_significant	9	9
Morus_011198-R3	20	308	2.930054610765293	2.161255209523915	0.1415290360005582	intensified	not_significant	1	1
Morus_011200-R1	20	597	0.5777397923772897	3.583544477698524	0.05835451585572249	relaxed	not_significant	9	9
Morus_011200-R1	20	597	9.158930931221034	6.822094232036761	0.009003692586450174	intensified	significant_intensified	1	1
Morus_011206-R1	20	332	8.670702360396	4.44613068907438	0.03498041902163562	intensified	significant_intensified	9	9
Morus_011206-R1	20	332	1.124690928859207E-7	0.03672591561553418	0.8480241545628796	relaxed	not_significant	1	1
Morus_011213-R1	20	128	3.69500206066663	3.154828920837645	0.07570262613641687	intensified	not_significant	9	9
Morus_011213-R1	20	128	1.001990020196544	-0.0005519505284610204	1	intensified	not_significant	1	1
Morus_011215-R1	20	128	6.11609357348316	4.011044816283629	0.04520313028882073	intensified	significant_intensified	9	9
Morus_011215-R1	20	128	1.314212755109532	0.5357928686357809	0.4641815472025368	intensified	not_significant	1	1
Morus_011238-R1	20	198	0	0.5491091909443639	0.458681906851889	relaxed	not_significant	9	9
Morus_011238-R1	20	198	1	-0.03808040524745593	1	intensified	not_significant	0	1
Morus_011264-R1	20	213	0.6124511764135374	1.546916332912133	0.2135912516704669	relaxed	not_significant	9	9
Morus_011264-R1	20	213	0	2.388630303727041	0.122220673273191	relaxed	not_significant	1	1
Morus_011268-R1	20	259	0.7722352498909837	0.2641699332280041	0.6072697194567285	relaxed	not_significant	9	9
Morus_011268-R1	20	259	1	-0.01141480336809764	1	intensified	not_significant	0	1
Morus_011281-R1	20	362	0.3167519713367941	1.08957755724532	0.2965648275257643	relaxed	not_significant	9	9
Morus_011281-R1	20	362	0.5005181498265185	0.2692159757616537	0.603858187844224	relaxed	not_significant	1	1
Morus_011291-R1	20	337	1.143457314074884	0.1876419505770173	0.6648864908960134	intensified	not_significant	9	9
Morus_011291-R1	20	337	0.7111781577479337	0.168461391756864	0.6814828530893525	relaxed	not_significant	1	1
Morus_011296-R1	20	311	0.2178933413346247	6.708764451224852	0.009594017624928508	relaxed	significant_relaxed	9	9
Morus_011296-R1	20	311	0.7912581633836404	0.1361276565112348	0.7121614037017465	relaxed	not_significant	1	1
Morus_011299-R1	20	192	1.907021868918943	0.7656742459903398	0.3815585946268824	intensified	not_significant	9	9
Morus_011299-R1	20	192	0.2203863642212476	0.4707157684811136	0.492658065808233	relaxed	not_significant	1	1
Morus_011305-R1	20	191	2.221277352809443	2.984695145305523	0.0840551141014354	intensified	not_significant	9	9
Morus_011305-R1	20	191	2.937744704857355	0.8061137522581703	0.3692717212382526	intensified	not_significant	1	1
Morus_011310-R2	20	679	1.116385098487864	0.06875892440439202	0.7931524288425595	intensified	not_significant	9	9
Morus_011310-R2	20	679	0.5321070597406996	3.102986662246622	0.07814880133960089	relaxed	not_significant	1	1
Morus_011312-R1	20	72	0.8532127064960687	-1.562252691655885E-7	1	relaxed	not_significant	9	9
Morus_011312-R1	20	72	1	-0.0000780823552304355	1	intensified	not_significant	0	1
Morus_011320-R1	20	636	0.7560822785927389	0.2513285363438627	0.6161411639065663	relaxed	not_significant	9	9
Morus_011320-R1	20	636	0.3289958381799907	4.197092790469469	0.04049334334780097	relaxed	significant_relaxed	1	1
Morus_011331-R1	20	401	0.5744838097708785	1.05767388431741	0.3037463182087463	relaxed	not_significant	9	9
Morus_011331-R1	20	401	0.5365123836873693	0.1664451816141082	0.6832906065821592	relaxed	not_significant	1	1
Morus_011338-R1	20	484	0	3.713469172445002	0.05397509748608476	relaxed	not_significant	9	9
Morus_011338-R1	20	484	0.5895510298764357	0.4022334701030559	0.5259380484189375	relaxed	not_significant	1	1
Morus_011347-R1	20	892	3.271645431600804	1.758205816833652	0.1848484635526396	intensified	not_significant	9	9
Morus_011347-R1	20	892	0.7423884939198484	0.01858071343667689	0.8915753566513207	relaxed	not_significant	1	1
Morus_011349-R1	20	443	2.433053276373696	3.547189547236485	0.05964639651836412	intensified	not_significant	9	9
Morus_011349-R1	20	443	0.2430003296705514	2.577296213387854	0.1084066912992725	relaxed	not_significant	1	1
Morus_011350-R1	20	401	0.5132773010803695	2.021130997940418	0.1551235635953944	relaxed	not_significant	9	9
Morus_011350-R1	20	401	0.8637841570302358	0.04329876282827172	0.8351637330396019	relaxed	not_significant	1	1
Morus_011351-R1	20	286	2.209135473464753	2.539147257401964	0.1110547498793681	intensified	not_significant	9	9
Morus_011351-R1	20	286	0	1.149432923922177	0.2836678900115229	relaxed	not_significant	1	1
Morus_011354-R1	20	674	0.9655377759320775	0.006162207982924883	0.9374305431063468	relaxed	not_significant	9	9
Morus_011354-R1	20	674	1.233201065486804	0.004077519084603409	0.9490853219180914	intensified	not_significant	1	1
Morus_011355-R1	20	597	2.760537914523572	0.6660782838262094	0.4144222463166264	intensified	not_significant	9	9
Morus_011355-R1	20	597	0	0.4778248208949663	0.4894092388797265	relaxed	not_significant	1	1
Morus_011364-R1	20	818	4.839753164640339	3.342070200014859	0.06752959605351205	intensified	not_significant	9	9
Morus_011364-R1	20	818	50	23.86838981109395	0.000001031517245730917	intensified	significant_intensified	1	1
Morus_011367-R1	20	213	41.84681214884375	0.6547838720348409	0.4184074951245798	intensified	not_significant	9	9
Morus_011367-R1	20	213	11.43525353622345	2.238936771875615	0.134573486168105	intensified	not_significant	1	1
Morus_011368-R1	20	169	1.564377418032129	0.3035987829111946	0.5816350537653168	intensified	not_significant	9	9
Morus_011368-R1	20	169	35.20903806449491	0.5247889928086806	0.4688059525237382	intensified	not_significant	1	1
Morus_011376-R1	20	244	0.807310337842662	0.09932170616684743	0.752645136435951	relaxed	not_significant	9	9
Morus_011376-R1	20	244	2.26866688492622E-7	3.236142618649865	0.07203004130507351	relaxed	not_significant	1	1
Morus_011381-R1	20	176	0.1499889156503757	0.0637177715461803	0.8007135108983302	relaxed	not_significant	9	9
Morus_011381-R1	20	176	1	-0.00006850848785688868	1	intensified	not_significant	0	1
Morus_011382-R1	20	203	0.7114121813035951	0.1374215132427707	0.7108579528449728	relaxed	not_significant	9	9
Morus_011382-R1	20	203	0.3001515207203463	0.5028352853810247	0.4782569646083368	relaxed	not_significant	1	1
Morus_011383-R2	20	491	1.139713460253521	0.05999717772010627	0.8065004013061492	intensified	not_significant	9	9
Morus_011383-R2	20	491	0.9237435413691596	0.030030200665351	0.8624217225090186	relaxed	not_significant	1	1
Morus_011398-R1	20	245	0.6990592874145387	0.6828010843073571	0.4086238464655028	relaxed	not_significant	9	9
Morus_011402-R1	20	343	0.1984890986602774	0.1883053789806581	0.6643307941518584	relaxed	not_significant	9	9
Morus_011402-R1	20	343	10.37455323940328	0.4156384238312967	0.519121448550002	intensified	not_significant	1	1
Morus_011406-R1	20	473	0.1909164456565696	2.068043660168769	0.1504143579499297	relaxed	not_significant	9	9
Morus_011406-R1	20	473	0	3.496382919257485	0.06150302031240873	relaxed	not_significant	1	1
Morus_011411-R1	20	590	0.7237764288590901	0.5908959692696953	0.4420728620084617	relaxed	not_significant	9	9
Morus_011411-R1	20	590	1.007644985513686	0.00001120656997954939	0.997328989446319	intensified	not_significant	1	1
Morus_011419-R1	20	373	1.005339422667113	0.00005319752381183207	0.9941805502870228	intensified	not_significant	9	9
Morus_011419-R1	20	373	0	3.158783811428293	0.07551942468429251	relaxed	not_significant	1	1
Morus_011428-R1	20	417	2.616900939704694	2.160289125209601	0.141618041103005	intensified	not_significant	9	9
Morus_011428-R1	20	417	1.201134130635189	0.2607215667057972	0.609624861742816	intensified	not_significant	1	1
Morus_011429-R1	20	230	1.988091651526291	0.4527119333010887	0.5010499061240423	intensified	not_significant	9	9
Morus_011429-R1	20	230	0	5.11527497474799	0.02371610759706611	relaxed	significant_relaxed	1	1
Morus_011431-R1	20	329	15.55626063524183	2.910866417391389	0.08798459605328068	intensified	not_significant	9	9
Morus_011431-R1	20	329	0.8532131216669863	-5.599308678938542E-7	1	relaxed	not_significant	1	1
Morus_011436-R1	20	287	0.4392969039308612	2.240876204932647	0.1344047996227629	relaxed	not_significant	9	9
Morus_011436-R1	20	287	0.3298930648128889	1.226845211725959	0.2680214477579765	relaxed	not_significant	1	1
Morus_011438-R1	20	524	0.9604567988777069	0.01004632752847101	0.9201606417714983	relaxed	not_significant	9	9
Morus_011438-R1	20	524	0.306161847241138	0.4662743076196421	0.4947061730469482	relaxed	not_significant	1	1
Morus_011440-R1	20	299	1.5183803869383	0.08184198137860221	0.774816561626415	intensified	not_significant	9	9
Morus_011440-R1	20	299	1.496650405629433	0.04431905217006715	0.8332611360630614	intensified	not_significant	1	1
Morus_011444-R1	20	273	1.530709667104496	1.072093060486623	0.3004731512539103	intensified	not_significant	9	9
Morus_011444-R1	20	273	0.8544684600212593	-0.00001002182034426369	1	relaxed	not_significant	1	1
Morus_011447-R1	20	349	1.233146001586657	0.4032004410419177	0.5254410273969476	intensified	not_significant	9	9
Morus_011447-R1	20	349	0.43043535319266	2.634795683638913	0.1045455096791222	relaxed	not_significant	1	1
Morus_011452-R1	20	223	4.142587611205329	0.4078821561602126	0.523046401205758	intensified	not_significant	9	9
Morus_011452-R1	20	223	0.6957978119650298	0.3150534184101161	0.5745956351572254	relaxed	not_significant	1	1
Morus_011454-R1	20	356	2.822131086108211	0.2191794660075175	0.6396658365484654	intensified	not_significant	9	9
Morus_011454-R1	20	356	20.12408752141753	0.7443060677842368	0.3882849730740444	intensified	not_significant	1	1
Morus_011456-R1	20	293	1.804637707320461	0.109173415312398	0.7410871600787805	intensified	not_significant	9	9
Morus_011456-R1	20	293	1.290411948637995	0.1666055283476453	0.6831463719698005	intensified	not_significant	1	1
Morus_011468-R1	20	486	0.6554555840186242	0.8623969250820664	0.3530687974216413	relaxed	not_significant	9	9
Morus_011468-R1	20	486	0.144154016170854	1.737912388871337	0.1874035584598986	relaxed	not_significant	1	1
Morus_011470-R1	20	343	0.6719858457918831	0.1540567739193648	0.6946883183357093	relaxed	not_significant	9	9
Morus_011470-R1	20	343	0.4751821755103059	1.055707927579533	0.3041961525635283	relaxed	not_significant	1	1
Morus_011475-R1	20	267	1.583566405078338	0.03358980375742249	0.8545820820254787	intensified	not_significant	9	9
Morus_011475-R1	20	267	0	2.542528021111139	0.1108172296194747	relaxed	not_significant	1	1
Morus_011478-R1	20	698	1.178801939896439	0.02335809288706514	0.8785295423538444	intensified	not_significant	9	9
Morus_011478-R1	20	698	2.630132866791358	2.272968117023993	0.1316475601903528	intensified	not_significant	1	1
Morus_011480-R1	20	213	0.9982395865206577	-0.0004493855049076956	1	relaxed	not_significant	9	9
Morus_011480-R1	20	213	0.8732104135442992	0.04300044982210238	0.8357244254600725	relaxed	not_significant	1	1
Morus_011481-R1	20	177	1.721952440655545	0.306641088948254	0.5797486989451833	intensified	not_significant	9	9
Morus_011481-R1	20	177	1	-0.00007827943591109943	1	intensified	not_significant	0	1
Morus_011486-R1	20	386	0.2795245729260543	0.637319274010224	0.4246831972158055	relaxed	not_significant	9	9
Morus_011486-R1	20	386	0.9999999819146693	-0.0003208628331776708	1	relaxed	not_significant	1	1
Morus_011487-R1	20	378	0.6390406862648221	0.4800002347692498	0.4884222103234698	relaxed	not_significant	9	9
Morus_011487-R1	20	378	0.01169345980327226	2.070890724554374	0.1501338151750619	relaxed	not_significant	1	1
Morus_011491-R1	20	289	1.714372132742737	0.1857577813170792	0.6664710855498491	intensified	not_significant	9	9
Morus_011491-R1	20	289	1.030796085935721	0.0006707315187668428	0.9793383085396603	intensified	not_significant	1	1
Morus_011503-R1	20	397	0.1480725909904269	0.8850989928305353	0.3468088992781738	relaxed	not_significant	9	9
Morus_011503-R1	20	397	6.671674397290014	3.456754545719377	0.06299384491226945	intensified	not_significant	1	1
Morus_011513-R3	20	421	0.4519845061813937	2.438246868389797	0.1184084949849803	relaxed	not_significant	9	9
Morus_011513-R3	20	421	8.455975597442563E-7	1.554484596083057	0.2124746123367356	relaxed	not_significant	1	1
Morus_011519-R1	20	447	3.552836765431047	3.101046018163288	0.07824200643630419	intensified	not_significant	9	9
Morus_011519-R1	20	447	0.4620375614586161	0.6414179233215691	0.4231978126074956	relaxed	not_significant	1	1
Morus_011522-R1	20	1415	1.441205001802854	2.032499459579412	0.1539672145642976	intensified	not_significant	9	9
Morus_011522-R1	20	1415	0.8643082499224368	0.02687563671497628	0.8697800268498901	relaxed	not_significant	1	1
Morus_011525-R1	20	495	1.033636469914526	0.005490797693710192	0.9409308813409013	intensified	not_significant	9	9
Morus_011525-R1	20	495	0.2386765750646228	1.400675394022983	0.2366105204754279	relaxed	not_significant	1	1
Morus_011526-R1	20	439	2.521422903616926	1.495637069324403	0.2213438924013695	intensified	not_significant	9	9
Morus_011526-R1	20	439	0.3543487823729832	0.540320099589735	0.4623000971277025	relaxed	not_significant	1	1
Morus_011527-R1	20	458	1.629468717392127	1.302108643060819	0.2538284147253039	intensified	not_significant	9	9
Morus_011527-R1	20	458	1	-9.567884262651205E-9	1	intensified	not_significant	0	1
Morus_011529-R1	20	219	0.6029951047814914	0.4401163836396336	0.5070662873269642	relaxed	not_significant	9	9
Morus_011529-R1	20	219	1.204695028145842	0.09211634805615176	0.7615037032393045	intensified	not_significant	1	1
Morus_011532-R1	20	311	0.3628886399509624	0.8572061323939124	0.3545217184648797	relaxed	not_significant	9	9
Morus_011532-R1	20	311	1.144915997260916	0.1257522172618337	0.7228775945385257	intensified	not_significant	1	1
Morus_011537-R1	20	248	0.7588008438724622	0.4902860724414495	0.4837997218823096	relaxed	not_significant	9	9
Morus_011537-R1	20	248	1.900863145833825	1.434989814625624	0.2309518212684213	intensified	not_significant	1	1
Morus_011538-R1	20	403	2.764759247518586	0.7808487190650339	0.3768816970234675	intensified	not_significant	9	9
Morus_011538-R1	20	403	1.000052669214031	-0.0003423507914703805	1	intensified	not_significant	1	1
Morus_011539-R1	20	504	2.662456124095133	0.002279609787365189	0.9619192634942012	intensified	not_significant	9	9
Morus_011539-R1	20	504	2.033326638625487	1.075595504926241	0.2996849653821669	intensified	not_significant	1	1
Morus_011547-R1	20	275	1.445520355896678	0.2554810358974464	0.6132418820244615	intensified	not_significant	9	9
Morus_011547-R1	20	275	0.4699187755125325	0.7561549034785457	0.3845345209766311	relaxed	not_significant	1	1
Morus_011550-R1	20	247	0.7554091807515628	0.4123957200531549	0.5207560303672727	relaxed	not_significant	9	9
Morus_011550-R1	20	247	0.1558113847242135	6.027685077423939	0.01408319117244583	relaxed	significant_relaxed	1	1
Morus_011552-R1	20	113	0.4615816897415715	0.6120603091630983	0.4340131203446466	relaxed	not_significant	9	9
Morus_011552-R1	20	113	0	0.01929680727539562	0.8895189387207004	relaxed	not_significant	1	1
Morus_011553-R1	20	655	1.583145777016482	0.2789399859284458	0.5973968305844657	intensified	not_significant	9	9
Morus_011553-R1	20	655	0.5518429747616594	0.04207330308054225	0.8374801064773612	relaxed	not_significant	1	1
Morus_011558-R1	20	409	1.336004382941997	0.674998598199636	0.4113142775267106	intensified	not_significant	9	9
Morus_011558-R1	20	409	1	-1.051585059030913E-7	1	intensified	not_significant	0	1
Morus_011559-R1	20	452	2.399375832669654	6.201325112887389	0.01276547063820954	intensified	significant_intensified	9	9
Morus_011559-R1	20	452	0.3145787595216313	3.344843647389098	0.06741588315020997	relaxed	not_significant	1	1
Morus_011562-R1	20	387	2.323715660154132	3.334591060580351	0.06783726821960445	intensified	not_significant	9	9
Morus_011562-R1	20	387	4.035267863803529	2.071215273983398	0.1501018724572103	intensified	not_significant	1	1
Morus_011563-R1	20	394	0.8532131303306949	-0.0000060024976846762	1	relaxed	not_significant	9	9
Morus_011563-R1	20	394	0.8532123866410753	-0.000004101741978956852	1	relaxed	not_significant	1	1
Morus_011566-R1	20	362	1.615968830468643	2.330629371661416	0.1268505807148486	intensified	not_significant	9	9
Morus_011566-R1	20	362	8.386395980844384	0.1951784982657045	0.658641098440423	intensified	not_significant	1	1
Morus_011569-R1	20	324	1.94489699638691	1.764998153696979	0.1840023103094414	intensified	not_significant	9	9
Morus_011569-R1	20	324	6.227116935089237E-16	3.51961673860751	0.0606464700788707	relaxed	not_significant	1	1
Morus_011572-R1	20	179	5.793761010651411	1.072232230385453	0.3004417817333325	intensified	not_significant	9	9
Morus_011572-R1	20	179	46.14264818353316	1.008092745473277	0.3153601921590966	intensified	not_significant	1	1
Morus_011574-R1	20	302	0.7564814033437873	0.006588341111637419	0.935307873190947	relaxed	not_significant	9	9
Morus_011574-R1	20	302	0.171965554759732	3.693643887614144	0.05462016631642574	relaxed	not_significant	1	1
Morus_011577-R1	20	182	20.70401615584525	3.401145475859266	0.06515116111059704	intensified	not_significant	9	9
Morus_011577-R1	20	182	0.2063401388598997	2.901184851225025	0.0885144685539635	relaxed	not_significant	1	1
Morus_011579-R1	20	692	2.43375282044545	1.31727891045557	0.2510809857038062	intensified	not_significant	9	9
Morus_011579-R1	20	692	4.070390817293615E-8	0.460536394495648	0.4973733952095383	relaxed	not_significant	1	1
Morus_011580-R1	20	267	0.109601540779842	0.3639406609663638	0.5463257969499462	relaxed	not_significant	9	9
Morus_011580-R1	20	267	0.5535499827310211	1.124085490283505	0.2890404399810088	relaxed	not_significant	1	1
Morus_011585-R1	20	378	0.9148625183428021	0.07019127812691295	0.7910584828722921	relaxed	not_significant	9	9
Morus_011585-R1	20	378	0.6118726770126089	0.4017457097870647	0.5261890741392323	relaxed	not_significant	1	1
Morus_011586-R1	20	420	0.4264137891999907	4.925968660717444	0.02645596665694494	relaxed	significant_relaxed	9	9
Morus_011586-R1	20	420	1.876441679415498	1.539569144471898	0.2146819485959299	intensified	not_significant	1	1
Morus_011588-R1	20	235	0.2090325287500689	0.07565984467191811	0.7832675709196987	relaxed	not_significant	9	9
Morus_011588-R1	20	235	0.01629596151914008	1.19656382358653	0.2740095424761387	relaxed	not_significant	1	1
Morus_011589-R1	20	295	0.6888567325103646	0.3423190631406214	0.5584936637245326	relaxed	not_significant	9	9
Morus_011589-R1	20	295	0	1.693748015819892	0.1931076342636939	relaxed	not_significant	1	1
Morus_011592-R1	20	638	1.174201192327135	0.1478056829564593	0.70064120802191	intensified	not_significant	9	9
Morus_011592-R1	20	638	1.464622206906465	0.6172433005067433	0.4320735411937264	intensified	not_significant	1	1
Morus_011595-R1	20	400	0.5297063975738421	0.6331556092081883	0.4262001729422003	relaxed	not_significant	9	9
Morus_011595-R1	20	400	0	3.510017336175224	0.06099881728838086	relaxed	not_significant	1	1
Morus_011596-R1	20	374	0.8588993335341275	0.04407700791671232	0.8337104049301715	relaxed	not_significant	9	9
Morus_011596-R1	20	374	3.616350899758597	0.08813380138781213	0.7665631831923621	intensified	not_significant	1	1
Morus_011602-R2	20	630	1.025087391138289	0.005473898359923624	0.9410216855545026	intensified	not_significant	9	9
Morus_011602-R2	20	630	20.60629970586291	3.359883938126586	0.06680277641735433	intensified	not_significant	1	1
Morus_011615-R1	20	233	1.187129824393091	0.1684852724838493	0.6814615173101823	intensified	not_significant	9	9
Morus_011615-R1	20	233	0	1.369577205453425	0.2418845389918755	relaxed	not_significant	1	1
Morus_011618-R1	20	252	6.081635652000225	3.66680141654524	0.05550660983794242	intensified	not_significant	9	9
Morus_011618-R1	20	252	5.005489308407401	4.798437754910083	0.02848555576044098	intensified	significant_intensified	1	1
Morus_011620-R1	20	270	33.09440737543814	4.666990106749836	0.03074776958310976	intensified	significant_intensified	9	9
Morus_011620-R1	20	270	0.2301293065165377	0.5962159679065735	0.4400254589043805	relaxed	not_significant	1	1
Morus_011642-R1	20	346	1.747465772517903	1.001749352015395	0.3168875858637761	intensified	not_significant	9	9
Morus_011642-R1	20	346	15.24164142718591	2.110280252023585	0.1463125202968238	intensified	not_significant	1	1
Morus_011652-R1	20	441	0.2949493582313911	1.936805377605197	0.1640158214946699	relaxed	not_significant	9	9
Morus_011652-R1	20	441	1.315448842902528	0.3201678192899635	0.571506809201664	intensified	not_significant	1	1
Morus_011655-R1	20	447	0.98246862595652	0.00165251402904687	0.9675740253207572	relaxed	not_significant	9	9
Morus_011655-R1	20	447	0.197177871383678	0.6009031937501277	0.4382336241570856	relaxed	not_significant	1	1
Morus_011685-R1	20	234	0.6422544738201436	0.2466073507216606	0.6194741424281032	relaxed	not_significant	9	9
Morus_011685-R1	20	234	0.3149111094853477	2.964249769747312	0.08512393638241755	relaxed	not_significant	1	1
Morus_011686-R1	20	921	2.32289483427622E-7	12.62938767781634	0.0003797295394523115	relaxed	significant_relaxed	9	9
Morus_011686-R1	20	921	0.5817133765760115	2.002027292704952	0.1570889808624351	relaxed	not_significant	1	1
Morus_011694-R1	20	249	34.79880802547952	9.138115068409661	0.002503388729478639	intensified	significant_intensified	9	9
Morus_011694-R1	20	249	14.09904311957003	0.5550574521203089	0.4562585535947707	intensified	not_significant	1	1
Morus_011695-R1	20	774	1.58012615385963	1.623917990680638	0.2025463440517427	intensified	not_significant	9	9
Morus_011695-R1	20	774	1.299803390056321	0.4667701522048446	0.494476814211175	intensified	not_significant	1	1
Morus_011697-R2	20	434	0.6372523934401042	0.2426976478000142	0.6222644847201828	relaxed	not_significant	9	9
Morus_011697-R2	20	434	0.7539791480827136	0.2349595162504556	0.6278705589614073	relaxed	not_significant	1	1
Morus_011698-R1	20	305	1.09571744522128	0.03559981436774251	0.8503443090782993	intensified	not_significant	9	9
Morus_011698-R1	20	305	1.811350408936883E-7	17.43614990349033	0.00002971212211377861	relaxed	significant_relaxed	1	1
Morus_011699-R1	20	878	0.9526127972445092	0.0268636564615008	0.8698087949001388	relaxed	not_significant	9	9
Morus_011699-R1	20	878	0.4889401716529042	3.33663105625601	0.06775319979538086	relaxed	not_significant	1	1
Morus_011700-R1	20	294	1.132151531987349	0.02934537016062677	0.8639840245793257	intensified	not_significant	9	9
Morus_011700-R1	20	294	0	2.460545054736031	0.1167382670493303	relaxed	not_significant	1	1
Morus_011701-R1	20	513	1.176192673758685	0.1168454719736474	0.7324813379121684	intensified	not_significant	9	9
Morus_011701-R1	20	513	1.01645463860914	0.0001525660109109594	0.9901449708323974	intensified	not_significant	1	1
Morus_011703-R1	20	686	0.1085151054381628	15.66766604623263	0.00007550398494993171	relaxed	significant_relaxed	9	9
Morus_011703-R1	20	686	0.3799103631345931	2.788060004755607	0.09496913651638295	relaxed	not_significant	1	1
Morus_011709-R1	20	379	0	1.831471004025843	0.1759538966691621	relaxed	not_significant	9	9
Morus_011709-R1	20	379	0.5556031557937591	0.9536000561520268	0.3288046238398877	relaxed	not_significant	1	1
Morus_011713-R1	20	259	0.7466580893857351	0.1754860050505158	0.6752815447660268	relaxed	not_significant	9	9
Morus_011713-R1	20	259	0	2.388898150709792	0.1221997323115879	relaxed	not_significant	1	1
Morus_011716-R1	20	282	1.33869636363733	0.4446745257687326	0.5048748472088997	intensified	not_significant	9	9
Morus_011716-R1	20	282	0.8532130362144734	-2.134961505362298E-7	1	relaxed	not_significant	1	1
Morus_011717-R1	20	372	0.8544690652097612	-0.0000177964511749451	1	relaxed	not_significant	9	9
Morus_011717-R1	20	372	50	0.6657596279137579	0.4145339117868082	intensified	not_significant	1	1
Morus_011718-R1	20	267	1.575051228609625	0.06090224929948818	0.8050755401400034	intensified	not_significant	9	9
Morus_011718-R1	20	267	5.976202897555764E-16	0.342861102052666	0.5581823769358503	relaxed	not_significant	1	1
Morus_011723-R1	20	364	2.171183702339273	2.755306413310791	0.09693224403661105	intensified	not_significant	9	9
Morus_011723-R1	20	364	1.274912724343143	0.2148187267457615	0.6430164692894178	intensified	not_significant	1	1
Morus_011728-R1	20	642	0.2594746246476174	2.461631029927958	0.1166575903858127	relaxed	not_significant	9	9
Morus_011728-R1	20	642	0.4222178940734196	1.40307529851998	0.2362093434392019	relaxed	not_significant	1	1
Morus_011729-R1	20	381	0.3835304745803622	3.772710910274327	0.0520951366442074	relaxed	not_significant	9	9
Morus_011729-R1	20	381	0.5319896782534407	0.2321873981500175	0.629906627823471	relaxed	not_significant	1	1
Morus_011730-R1	20	253	0.585720853316709	0.9996391489071357	0.3173978390756728	relaxed	not_significant	9	9
Morus_011730-R1	20	253	1.080960677847733	0.01321113774793048	0.9084929068328601	intensified	not_significant	1	1
Morus_011740-R1	20	300	0.8040673620014473	0.1832317698135739	0.6686104940057351	relaxed	not_significant	9	9
Morus_011740-R1	20	300	13.20524010245044	0.5218384838717611	0.4700584891060511	intensified	not_significant	1	1
Morus_011741-R1	20	306	34.61283922153379	2.746560674010652	0.09746387424366632	intensified	not_significant	9	9
Morus_011741-R1	20	306	14.67307092389138	0.0307831864711261	0.8607249718693233	intensified	not_significant	1	1
Morus_011742-R1	20	292	0.3623768079747315	3.757539935730165	0.05256986922543549	relaxed	not_significant	9	9
Morus_011742-R1	20	292	13.86459843054777	0.03757365841374849	0.8463017455759456	intensified	not_significant	1	1
Morus_011744-R1	20	364	0.775727450023358	0.4290749735519057	0.512443194044955	relaxed	not_significant	9	9
Morus_011744-R1	20	364	13.55798953029803	1.804660556302224	0.1791500760723237	intensified	not_significant	1	1
Morus_011748-R1	20	204	1.718005877094196	1.606041251586703	0.2050491741816585	intensified	not_significant	9	9
Morus_011748-R1	20	204	12.19336271995424	0.4022532288731782	0.5259278840714294	intensified	not_significant	1	1
Morus_011749-R1	20	288	1.969372507594879	1.45874636710596	0.2271296922712636	intensified	not_significant	9	9
Morus_011749-R1	20	288	4.109255024841265E-8	0.2812682851936188	0.5958711402196673	relaxed	not_significant	1	1
Morus_011754-R1	20	208	21.56894543446114	4.574724245748712	0.03244696777107525	intensified	significant_intensified	9	9
Morus_011754-R1	20	208	1	-0.0003123768510704394	1	intensified	not_significant	0	1
Morus_011756-R1	20	359	0.6993095568834728	0.5957193003396242	0.4402159838367808	relaxed	not_significant	9	9
Morus_011756-R1	20	359	1.023933972879538	0.001202633298817091	0.9723357034640892	intensified	not_significant	1	1
Morus_011760-R1	20	421	1.584161288873417	0.4050474073519581	0.5244940104760621	intensified	not_significant	9	9
Morus_011760-R1	20	421	0	4.745703157342177	0.02937154787330853	relaxed	significant_relaxed	1	1
Morus_011761-R1	20	492	1.104587987157399	0.09234739094063116	0.7612138792349971	intensified	not_significant	9	9
Morus_011761-R1	20	492	1.058634240711257	0.008660495353069564	0.9258544788235309	intensified	not_significant	1	1
Morus_011765-R1	20	180	0.9701750509237128	0.004594583590915136	0.9459580918675772	relaxed	not_significant	9	9
Morus_011765-R1	20	180	8.607195422870479E-20	0.9172726964320645	0.3381920936031572	relaxed	not_significant	1	1
Morus_011766-R1	20	283	1.633828877652737	0.8573110310226184	0.3544922761047496	intensified	not_significant	9	9
Morus_011766-R1	20	283	5.67630222595304	3.579144850350531	0.05850926346331087	intensified	not_significant	1	1
Morus_011772-R1	20	385	0.3536179065080163	2.13424321533239	0.1440415334810028	relaxed	not_significant	9	9
Morus_011772-R1	20	385	14.89585521501164	0.1787637460511178	0.6724378172027585	intensified	not_significant	1	1
Morus_011774-R1	20	298	3.835984845673484	3.387897666045319	0.06567664007954999	intensified	not_significant	9	9
Morus_011774-R1	20	298	6.066643638840712	1.199244683602046	0.2734726940295468	intensified	not_significant	1	1
Morus_011775-R1	20	341	0.7189521080208461	0.7554192508532651	0.3847658691459537	relaxed	not_significant	9	9
Morus_011775-R1	20	341	0.1503922467242792	3.592095712809169	0.05805498681086707	relaxed	not_significant	1	1
Morus_011782-R1	20	576	1.992288148280491	2.437385731755057	0.1184735254062378	intensified	not_significant	9	9
Morus_011782-R1	20	576	29.84916540260498	0.4462752277058826	0.5041091174482407	intensified	not_significant	1	1
Morus_011789-R1	20	189	1.340242048199876	0.3642850830988209	0.546135987858211	intensified	not_significant	9	9
Morus_011789-R1	20	189	0.1267621420112767	4.17417621332379	0.04104451148101873	relaxed	significant_relaxed	1	1
Morus_011792-R1	20	303	50	0.9374519263310503	0.3329340037025368	intensified	not_significant	9	9
Morus_011792-R1	20	303	0.9954276138189248	-0.00005083510586700868	1	relaxed	not_significant	1	1
Morus_011796-R1	20	860	0.8778878865198556	0.05864452424430056	0.8086512948573896	relaxed	not_significant	9	9
Morus_011796-R1	20	860	0.2807677334952266	0.4453146302494133	0.5045684009903	relaxed	not_significant	1	1
Morus_011800-R1	20	469	5.375702538467425	0.1339067895860353	0.7144152454743931	intensified	not_significant	9	9
Morus_011800-R1	20	469	0.5586244983816977	1.740747805670253	0.1870441027800596	relaxed	not_significant	1	1
Morus_011809-R1	20	237	1.283415204595267	0.06512648737452764	0.7985694673023556	intensified	not_significant	9	9
Morus_011809-R1	20	237	0.5064007259891689	1.09538853343156	0.2952803605408846	relaxed	not_significant	1	1
Morus_011820-R1	20	486	18.991430079912	0.973708011076269	0.3237571495285905	intensified	not_significant	9	9
Morus_011820-R1	20	486	0.591153840690576	0.807464333362077	0.3688709848392077	relaxed	not_significant	1	1
Morus_011824-R1	20	439	0.9927736947810082	0.0003088478815698181	0.9859786438696269	relaxed	not_significant	9	9
Morus_011824-R1	20	439	0.3028738896897555	0.1420369770921752	0.7062643205532468	relaxed	not_significant	1	1
Morus_011825-R1	20	459	1.288196761910079	0.7012667620037973	0.4023583710210359	intensified	not_significant	9	9
Morus_011825-R1	20	459	0	2.600122464471497	0.1068554578763261	relaxed	not_significant	1	1
Morus_011835-R1	20	248	1.22808214928984	0.0964722356548009	0.7561048793991693	intensified	not_significant	9	9
Morus_011835-R1	20	248	0.4724519391079067	2.20352786639296	0.1376952880270647	relaxed	not_significant	1	1
Morus_011837-R1	20	402	1.276953500775106	0.4420583283908854	0.5061306574390851	intensified	not_significant	9	9
Morus_011837-R1	20	402	50	4.270639599010792	0.03877633227657995	intensified	significant_intensified	1	1
Morus_011839-R1	20	357	0.1521535413086758	6.641343280881301	0.009963877777866892	relaxed	significant_relaxed	9	9
Morus_011839-R1	20	357	0.05542232119479833	3.911616381177737	0.04795345498625325	relaxed	significant_relaxed	1	1
Morus_011840-R1	20	322	2.454326337577641	1.568101848577953	0.2104828856188312	intensified	not_significant	9	9
Morus_011840-R1	20	322	0.8366520332827277	0.0363705364661655	0.8487523263139161	relaxed	not_significant	1	1
Morus_011841-R1	20	679	1.673721847783834	0.08324612718206481	0.7729456239843705	intensified	not_significant	9	9
Morus_011841-R1	20	679	0.2679646107989284	0.5516871548861673	0.457629141932164	relaxed	not_significant	1	1
Morus_011842-R1	20	536	0.2091683887072792	8.254889984929832	0.004064237057583964	relaxed	significant_relaxed	9	9
Morus_011842-R1	20	536	0.4536819145882796	1.685200392001207	0.1942348734843513	relaxed	not_significant	1	1
Morus_011847-R1	20	2172	1.363557801268039	0.1124439545455971	0.737378701144359	intensified	not_significant	9	9
Morus_011847-R1	20	2172	0	2.673718788129918	0.1020173975394695	relaxed	not_significant	1	1
Morus_011849-R1	20	701	0.6923519342982228	0.91469926577156	0.3388706321075514	relaxed	not_significant	9	9
Morus_011849-R1	20	701	0.2979145747295814	4.674409241393732	0.03061523073573846	relaxed	significant_relaxed	1	1
Morus_011853-R1	20	516	2.731164472289451	0.2692933696780528	0.6038061801790071	intensified	not_significant	9	9
Morus_011853-R1	20	516	0.08096552859408544	4.050046348322212	0.04417013217526333	relaxed	significant_relaxed	1	1
Morus_011859-R1	20	247	0.3929230374541515	1.993019510567137	0.1580255208318073	relaxed	not_significant	9	9
Morus_011859-R1	20	247	0.2691473936916878	0.09001628705163967	0.764156451052133	relaxed	not_significant	1	1
Morus_011860-R1	20	244	2.151582474944226	0.6629633812885913	0.4155157036383167	intensified	not_significant	9	9
Morus_011860-R1	20	244	3.257845396635722E-16	2.418016410592827	0.1199467271728645	relaxed	not_significant	1	1
Morus_011863-R1	20	599	0.1077245136155347	3.957637665229413	0.04665914018193851	relaxed	significant_relaxed	9	9
Morus_011863-R1	20	599	1.46129356151414E-10	3.195732166261223	0.07383070321729457	relaxed	not_significant	1	1
Morus_011868-R1	20	175	1.633341247998404	0.5343374722624503	0.4647889827920271	intensified	not_significant	9	9
Morus_011868-R1	20	175	0.9527781636775844	0.004924956690047111	0.9440519562186567	relaxed	not_significant	1	1
Morus_011870-R1	20	475	1.318794055187265	0.589379402051236	0.4426592005203834	intensified	not_significant	9	9
Morus_011870-R1	20	475	1.740917860442912	1.173576691946437	0.2786675436541924	intensified	not_significant	1	1
Morus_011875-R1	20	259	0.3741039661884433	2.229157859971565	0.1354276443102472	relaxed	not_significant	9	9
Morus_011875-R1	20	259	14.83661422947454	0.2145724654160404	0.6432069163097616	intensified	not_significant	1	1
Morus_011878-R1	20	268	10.60083378014592	1.973449092363808	0.1600822357786452	intensified	not_significant	9	9
Morus_011878-R1	20	268	0.1343539195363933	3.085883773107071	0.07897435132143071	relaxed	not_significant	1	1
Morus_011883-R1	20	361	1.020714321267125	0.003624043337367766	0.9519963236438972	intensified	not_significant	9	9
Morus_011883-R1	20	361	0.9784904368411671	0.0002563454681876465	0.9872257818367993	relaxed	not_significant	1	1
Morus_011896-R1	20	271	0.9849614458542484	0.000219950065456942	0.9881672363764679	relaxed	not_significant	9	9
Morus_011896-R1	20	271	5.293053973639655E-8	1.285552123280922	0.2568692586277112	relaxed	not_significant	1	1
Morus_011900-R1	20	615	1.085777893272798	0.03745964363406529	0.8465322146609846	intensified	not_significant	9	9
Morus_011900-R1	20	615	1.539846329791675	0.4157699000534194	0.5190553645860048	intensified	not_significant	1	1
Morus_011901-R1	20	384	0.4152794944205545	5.363989894424776	0.02055669045979314	relaxed	significant_relaxed	9	9
Morus_011901-R1	20	384	0.1900544327102731	3.131167438349621	0.07680871872709305	relaxed	not_significant	1	1
Morus_011903-R1	20	653	0.5339795771050376	1.040269957095006	0.3077586954040041	relaxed	not_significant	9	9
Morus_011903-R1	20	653	0.2774779955143776	1.907894594558456	0.1671973182184222	relaxed	not_significant	1	1
Morus_011907-R1	20	264	18.78230813734428	5.321921648686839	0.02105877565809133	intensified	significant_intensified	9	9
Morus_011907-R1	20	264	0.5348316923130367	0.6727607629495651	0.4120907322243376	relaxed	not_significant	1	1
Morus_011908-R1	20	697	1.815827299567726	2.54773189485968	0.1104527156613465	intensified	not_significant	9	9
Morus_011908-R1	20	697	0.4013659997606688	1.190808674780783	0.2751664977453576	relaxed	not_significant	1	1
Morus_011909-R1	20	311	1.905823288262555	2.539087451933483	0.1110589566346394	intensified	not_significant	9	9
Morus_011909-R1	20	311	15.38993848689967	0.5837404040230467	0.4448499254322654	intensified	not_significant	1	1
Morus_011911-R1	20	331	3.655990036659988	3.517648964570071	0.06071852056768046	intensified	not_significant	9	9
Morus_011911-R1	20	331	13.17268651614927	0.6794706524215144	0.4097690626943427	intensified	not_significant	1	1
Morus_011912-R1	20	177	0	1.80471942962231	0.1791429844787793	relaxed	not_significant	9	9
Morus_011912-R1	20	177	1	-0.0004582881720125442	1	intensified	not_significant	0	1
Morus_011922-R1	20	232	1.020353847009169	0.0008656768241053214	0.9765277187328227	intensified	not_significant	9	9
Morus_011922-R1	20	232	0.9997976929955465	-0.000002496658908057725	1	relaxed	not_significant	1	1
Morus_011924-R1	20	153	0.3425211003302675	0.8438612499535338	0.3582947814420824	relaxed	not_significant	9	9
Morus_011924-R1	20	153	4.130450563047138E-14	0.5552591017690247	0.4561767545860926	relaxed	not_significant	1	1
Morus_011925-R1	20	245	0.1446876407648786	3.273623726675851	0.07040195304784991	relaxed	not_significant	9	9
Morus_011925-R1	20	245	0.1810697843060894	4.495252294475449	0.0339890978488413	relaxed	significant_relaxed	1	1
Morus_011930-R1	20	502	1.330450588225296	0.542430814058207	0.4614270606591543	intensified	not_significant	9	9
Morus_011930-R1	20	502	0	0.7299624053639491	0.3928953746960736	relaxed	not_significant	1	1
Morus_011931-R1	20	256	0.3494650758655357	2.381750804897365	0.1227598961201093	relaxed	not_significant	9	9
Morus_011931-R1	20	256	5.231143117725501	2.282598894939838	0.1308324771834078	intensified	not_significant	1	1
Morus_011933-R1	20	369	1.49198753870931	1.322998941711376	0.2500545429083617	intensified	not_significant	9	9
Morus_011933-R1	20	369	1.259232845364791	0.1257258143068611	0.7229054893668443	intensified	not_significant	1	1
Morus_011936-R1	20	417	1.080337090637008	0.02548009115525929	0.873176606425934	intensified	not_significant	9	9
Morus_011936-R1	20	417	4.166708233510727	1.121656119346881	0.2895621279759498	intensified	not_significant	1	1
Morus_011939-R1	20	349	0.8478393964116523	0.1923098146999109	0.6610010918645027	relaxed	not_significant	9	9
Morus_011939-R1	20	349	18.21131211404699	0.1705556051711028	0.6796184951899865	intensified	not_significant	1	1
Morus_011940-R1	20	264	1.007685233196732	-0.0001146129475273483	1	intensified	not_significant	9	9
Morus_011940-R1	20	264	23.19941556715251	1.00522278928338	0.316050037401399	intensified	not_significant	1	1
Morus_011942-R1	20	311	0.3104978389517758	2.198987112067698	0.1381014562035445	relaxed	not_significant	9	9
Morus_011942-R1	20	311	50	2.666749988198717	0.1024650694205155	intensified	not_significant	1	1
Morus_011946-R1	20	212	3.797132376366691	1.023610645867848	0.3116640822337501	intensified	not_significant	9	9
Morus_011946-R1	20	212	0	0.4880644374534313	0.4847919873299924	relaxed	not_significant	1	1
Morus_011947-R1	20	187	3.331808645925037	1.80732598957411	0.1788293358269331	intensified	not_significant	9	9
Morus_011947-R1	20	187	0.06251651698231911	2.658276683197073	0.1030122873149597	relaxed	not_significant	1	1
Morus_011956-R1	20	312	0.4812964834968536	3.430971513441364	0.06398445166104982	relaxed	not_significant	9	9
Morus_011956-R1	20	312	0.1732291239804412	10.35436173362268	0.001291691186141364	relaxed	significant_relaxed	1	1
Morus_011959-R1	20	471	1.176053012396727	0.2564731106931504	0.6125535951696788	intensified	not_significant	9	9
Morus_011959-R1	20	471	0.9773215015695735	0.000230959769396577	0.9878747273517948	relaxed	not_significant	1	1
Morus_011970-R1	20	203	0.8673823889662045	0.05288747826944018	0.818112923441332	relaxed	not_significant	9	9
Morus_011970-R1	20	203	1	-0.00008237905331043294	1	intensified	not_significant	0	1
Morus_011972-R1	20	150	0	3.558935222941727	0.05922571824266776	relaxed	not_significant	9	9
Morus_011972-R1	20	150	24.11970388473128	1.401411573336645	0.2364873702670391	intensified	not_significant	1	1
Morus_011979-R1	20	151	2.370724044694349	1.39414816623821	0.2377058209775141	intensified	not_significant	9	9
Morus_011979-R1	20	151	0.02803414489160667	2.383242634340604	0.1226427412035657	relaxed	not_significant	1	1
Morus_011987-R1	20	350	0.2728479665041417	2.099638407144084	0.1473339779592568	relaxed	not_significant	9	9
Morus_011987-R1	20	350	0.5949166358940993	0.2475856917826604	0.6187802199500245	relaxed	not_significant	1	1
Morus_011991-R1	20	426	1.690724068029051	0.6187573166935181	0.4315094500236277	intensified	not_significant	9	9
Morus_011991-R1	20	426	0.3460032257532611	0.9846329547435744	0.3210576747199195	relaxed	not_significant	1	1
Morus_011993-R2	20	187	0.6224350422802174	0.9475290117170516	0.3303490646874188	relaxed	not_significant	9	9
Morus_011993-R2	20	187	2.82847410517524E-8	0.9858645003400852	0.3207552316627758	relaxed	not_significant	1	1
Morus_011995-R1	20	605	0.4842206169754661	2.577845622927271	0.108369065256933	relaxed	not_significant	9	9
Morus_011995-R1	20	605	0	1.80320560113978	0.1793254360181218	relaxed	not_significant	1	1
Morus_011996-R1	20	431	8.46096333916719	1.54910255832965	0.2132679765379835	intensified	not_significant	9	9
Morus_011996-R1	20	431	0.2562502231129341	2.45825322613382	0.1169087284330912	relaxed	not_significant	1	1
Morus_012004-R1	20	336	0.9337389870504522	0.02614188487495994	0.8715542932848614	relaxed	not_significant	9	9
Morus_012004-R1	20	336	1.222095332053641	0.2415090093099934	0.6231183469268706	intensified	not_significant	1	1
Morus_012005-R4	20	377	0.7182262894207692	0.2628608752993387	0.6081614726761075	relaxed	not_significant	9	9
Morus_012005-R4	20	377	0.9393272541341731	0.0163849233667861	0.8981461186789029	relaxed	not_significant	1	1
Morus_012009-R1	20	328	0.8884530421725332	0.02470293790247524	0.8751095446964661	relaxed	not_significant	9	9
Morus_012009-R1	20	328	1.375357159986848	0.08280061213463341	0.7735373823176899	intensified	not_significant	1	1
Morus_012011-R1	20	249	12.65212264769288	1.631735644986748	0.2014631525217461	intensified	not_significant	9	9
Morus_012011-R1	20	249	0.6443878297715228	0.06739351100986823	0.7951703289746965	relaxed	not_significant	1	1
Morus_012012-R1	20	250	1.126298520610387	0.03273399967520163	0.8564261330449722	intensified	not_significant	9	9
Morus_012012-R1	20	250	1	-0.00000491022365167737	1	intensified	not_significant	0	1
Morus_012018-R1	20	378	0.4351892348273967	4.608570740766481	0.03181253721647659	relaxed	significant_relaxed	9	9
Morus_012018-R1	20	378	0.907560677814616	0.00507529522110417	0.9432058664495918	relaxed	not_significant	1	1
Morus_012020-R1	20	444	1.846923835613781	1.405236099320064	0.2358488405814595	intensified	not_significant	9	9
Morus_012020-R1	20	444	2.828634117499492	0.3982968257005268	0.5279701603460104	intensified	not_significant	1	1
Morus_012021-R1	20	757	2.090480465532243	3.047138249046839	0.08087954145144716	intensified	not_significant	9	9
Morus_012021-R1	20	757	0.4978603724502218	1.179261945168037	0.2775063001237082	relaxed	not_significant	1	1
Morus_012029-R1	20	358	0.1829205558106419	4.316761680410309	0.03773867602376257	relaxed	significant_relaxed	9	9
Morus_012029-R1	20	358	1	-0.00003409983128221938	1	intensified	not_significant	0	1
Morus_012035-R1	20	229	1.142575071586497	0.03544627056908212	0.8506635906098881	intensified	not_significant	9	9
Morus_012035-R1	20	229	1	-3.190052666468546E-9	1	intensified	not_significant	0	1
Morus_012039-R1	20	361	0.5801388368964828	0.7296283591158499	0.3930036783376633	relaxed	not_significant	9	9
Morus_012039-R1	20	361	0.6065526091435122	0.2762967236867553	0.5991388125710542	relaxed	not_significant	1	1
Morus_012042-R2	20	630	0.6141369681577356	1.150516959187371	0.283440958174472	relaxed	not_significant	9	9
Morus_012042-R2	20	630	0.7710477068683167	0.259709380528875	0.6103198845915511	relaxed	not_significant	1	1
Morus_012043-R1	20	450	0.4567322896067249	1.450360624417954	0.2284700961533267	relaxed	not_significant	9	9
Morus_012043-R1	20	450	0.2965005067110762	0.5193503187310853	0.4711189491949708	relaxed	not_significant	1	1
Morus_012044-R1	20	359	0.4602019944394051	1.98817438559945	0.1585318944138546	relaxed	not_significant	9	9
Morus_012044-R1	20	359	0.2701302674359832	0.9175721764959235	0.3381132479861303	relaxed	not_significant	1	1
Morus_012050-R1	20	436	0.5584192975271048	3.132958306073306	0.07672439698772648	relaxed	not_significant	9	9
Morus_012050-R1	20	436	0.3669185692265878	1.090822653890427	0.2962890072988595	relaxed	not_significant	1	1
Morus_012051-R1	20	129	15.92942813560529	1.534889830156771	0.2153800494069686	intensified	not_significant	9	9
Morus_012051-R1	20	129	1.268889577855762	0.2609352344352374	0.609478363166237	intensified	not_significant	1	1
Morus_012052-R1	20	145	0.09769488600837242	0.3526316950599266	0.5526271586575422	relaxed	not_significant	9	9
Morus_012052-R1	20	145	1	-0.00005184264387025905	1	intensified	not_significant	0	1
Morus_012057-R1	20	209	17.79352421120198	1.911977955683142	0.1667437096590803	intensified	not_significant	9	9
Morus_012057-R1	20	209	0.7662530453247804	0.02925560811445393	0.864190183904554	relaxed	not_significant	1	1
Morus_012067-R1	20	309	0.7563805541899149	0.1013528485200368	0.7502121635935535	relaxed	not_significant	9	9
Morus_012067-R1	20	309	19.98360871049811	0.5808892230024867	0.4459639848937944	intensified	not_significant	1	1
Morus_012068-R1	20	846	2.195438959954468	0.9387471802310756	0.3326002432852347	intensified	not_significant	9	9
Morus_012068-R1	20	846	1.11650404089925	0.054413949177615	0.8155533232608364	intensified	not_significant	1	1
Morus_012074-R1	20	255	0.8565665741334773	0.1694616905087969	0.6805906640923733	relaxed	not_significant	9	9
Morus_012074-R1	20	255	0.06377446512946727	1.284574123671518	0.2570502836558947	relaxed	not_significant	1	1
Morus_012076-R1	20	373	0.7270740558277253	0.2664021462578603	0.6057555184584004	relaxed	not_significant	9	9
Morus_012076-R1	20	373	0.8519085153689846	0.03550614009145647	0.8505390119201677	relaxed	not_significant	1	1
Morus_012080-R1	20	519	1.412980153663688	0.6257143573320718	0.4289316874137038	intensified	not_significant	9	9
Morus_012080-R1	20	519	0.5498233712780337	0.9444949098033248	0.3311245405751254	relaxed	not_significant	1	1
Morus_012082-R1	20	302	1.27137363499601	0.1818335892066898	0.6698021954333142	intensified	not_significant	9	9
Morus_012082-R1	20	302	2.434831596559967	0.2338910531907459	0.6286535609749007	intensified	not_significant	1	1
Morus_012088-R1	20	290	0.7582144904044256	0.1362425770139453	0.7120453469135957	relaxed	not_significant	9	9
Morus_012088-R1	20	290	0.338795322733254	0.1583387625969408	0.6906906054596406	relaxed	not_significant	1	1
Morus_012093-R1	20	263	1.802179575373345	1.246257041559147	0.2642685680529032	intensified	not_significant	9	9
Morus_012093-R1	20	263	0	6.407204341364377	0.01136582298109401	relaxed	significant_relaxed	1	1
Morus_012099-R1	20	457	0.8136888985785211	0.5301274325611303	0.4665532891668721	relaxed	not_significant	9	9
Morus_012099-R1	20	457	0.1928472485766956	4.301884562196392	0.03807016443602895	relaxed	significant_relaxed	1	1
Morus_012102-R1	20	357	1.511088469745407	0.5763140436811227	0.4477607358352886	intensified	not_significant	9	9
Morus_012102-R1	20	357	1.15021205850978	0.06808896197344438	0.7941398439288677	intensified	not_significant	1	1
Morus_012111-R1	20	141	19.21648416372392	0.7892549230550685	0.3743255155608578	intensified	not_significant	9	9
Morus_012111-R1	20	141	1.445926756303621	0.09698375191283048	0.7554797216688627	intensified	not_significant	1	1
Morus_012119-R1	20	131	0.1576414982276536	10.22273291099691	0.001387201485110956	relaxed	significant_relaxed	9	9
Morus_012119-R1	20	131	22.25791897989113	0.585208745604632	0.4442778708891201	intensified	not_significant	1	1
Morus_012122-R1	20	321	0.300052931834161	5.514561879765097	0.0188587962772524	relaxed	significant_relaxed	9	9
Morus_012122-R1	20	321	3.652398070374447	1.547592117161003	0.2134912619593828	intensified	not_significant	1	1
Morus_012124-R1	20	283	5.7110482059757	0.318842250756461	0.5723042419247755	intensified	not_significant	9	9
Morus_012124-R1	20	283	0.2391505662482968	0.9808733777172165	0.3219832784181006	relaxed	not_significant	1	1
Morus_012129-R1	20	270	16.14571835783966	0.5278828987438828	0.4674982952487207	intensified	not_significant	9	9
Morus_012129-R1	20	270	0.379655387742937	1.636049317159632	0.2008683805382429	relaxed	not_significant	1	1
Morus_012130-R1	20	167	0.06148636070741079	7.684591555996121	0.005569428346858474	relaxed	significant_relaxed	9	9
Morus_012130-R1	20	167	15.18919844546231	0.3506798702760534	0.5537285241437515	intensified	not_significant	1	1
Morus_012135-R1	20	151	14.5220903610155	1.471908471718507	0.2250448211768523	intensified	not_significant	9	9
Morus_012135-R1	20	151	0.316923088499885	1.435526606496751	0.2308646067833803	relaxed	not_significant	1	1
Morus_012144-R1	20	135	0.1299279143440574	4.373927524862211	0.0364927882530125	relaxed	significant_relaxed	9	9
Morus_012144-R1	20	135	26.63162066463526	1.602495543992063	0.2055499140915933	intensified	not_significant	1	1
Morus_012157-R1	20	113	0.9952499491376473	-0.0003522373185660399	1	relaxed	not_significant	9	9
Morus_012157-R1	20	113	25.11394157718782	0.2744086855175283	0.6003896038762995	intensified	not_significant	1	1
Morus_012160-R1	20	459	2.403510492378621	1.256675123740933	0.2622813839139557	intensified	not_significant	9	9
Morus_012160-R1	20	459	0.1448160807593953	1.620304365699667	0.2030493534152173	relaxed	not_significant	1	1
Morus_012184-R1	20	288	4.666139562310464	1.399964162691504	0.2367295711244006	intensified	not_significant	9	9
Morus_012184-R1	20	288	0.9043604299622335	0.09939914856386167	0.7525518740990653	relaxed	not_significant	1	1
Morus_012236-R1	20	108	1.065441726273328	0.003989962213154286	0.9496342011661324	intensified	not_significant	9	9
Morus_012236-R1	20	108	1.001294113245335	-0.003033549516203493	1	intensified	not_significant	1	1
Morus_012250-R1	20	347	0.7739224997249058	0.6894820030884148	0.4063406266002721	relaxed	not_significant	9	9
Morus_012250-R1	20	347	5.034140457075404E-9	6.565984747372568	0.01039462039014116	relaxed	significant_relaxed	1	1
Morus_012258-R1	20	392	1.264251589490299	0.2505799437312817	0.6166670170284444	intensified	not_significant	9	9
Morus_012258-R1	20	392	0.8628335415802859	0.02834115212681354	0.866309273441538	relaxed	not_significant	1	1
Morus_012279-R1	20	704	1.266843652874815	0.2349466302184737	0.6278799891264597	intensified	not_significant	9	9
Morus_012279-R1	20	704	0.8174083363079219	0.06081716219523514	0.8052090131319556	relaxed	not_significant	1	1
Morus_012288-R1	20	321	0.9116060398510483	0.04646535656775086	0.8293321070060246	relaxed	not_significant	9	9
Morus_012288-R1	20	321	0.8320421071016034	0.02430178133727168	0.8761195021842642	relaxed	not_significant	1	1
Morus_012322-R1	20	351	2.719294886420101	3.081199651443967	0.07920208692818653	intensified	not_significant	9	9
Morus_012322-R1	20	351	0.2264199316691186	0.4708450018588337	0.4925986848883616	relaxed	not_significant	1	1
Morus_012352-R1	20	1646	0.8172599501227477	1.202065758174285	0.2729091904518484	relaxed	not_significant	9	9
Morus_012352-R1	20	1646	0.758975044172885	0.3518162188047427	0.5530868089832826	relaxed	not_significant	1	1
Morus_012354-R1	20	227	0.8236176289317977	0.02648568928725581	0.8707198088788798	relaxed	not_significant	9	9
Morus_012354-R1	20	227	0.4926311642755936	0.8613223424431453	0.3533689079367111	relaxed	not_significant	1	1
Morus_012371-R1	20	493	0.2950152621309117	5.794205786834027	0.01607907682171339	relaxed	significant_relaxed	9	9
Morus_012371-R1	20	493	0.8027752715277013	0.1058790732604393	0.7448854332226074	relaxed	not_significant	1	1
Morus_012387-R1	20	424	0.8187384573512259	0.13211394719292	0.7162502168544167	relaxed	not_significant	9	9
Morus_012387-R1	20	424	0.8944391213393436	0.06219219696595246	0.8030640434159961	relaxed	not_significant	1	1
Morus_012388-R2	20	445	0.3414329473298122	1.837050100371926	0.175297087486557	relaxed	not_significant	9	9
Morus_012388-R2	20	445	2.595907350903709	0.05779111586616636	0.8100218616088718	intensified	not_significant	1	1
Morus_012393-R1	20	634	1.303811960433695	1.004411001486005	0.3162455235189703	intensified	not_significant	9	9
Morus_012393-R1	20	634	0.3453947293277079	5.477704545706729	0.01926053545710094	relaxed	significant_relaxed	1	1
Morus_012399-R1	20	229	0.4148800724121425	0.6072674415622714	0.4358185256813613	relaxed	not_significant	9	9
Morus_012399-R1	20	229	15.13145406909612	0.9196506843268253	0.3375667079234488	intensified	not_significant	1	1
Morus_012401-R1	20	420	6.381742068560996	11.60785257610951	0.0006567393795293697	intensified	significant_intensified	9	9
Morus_012401-R1	20	420	50	11.19794684748467	0.0008188788773879629	intensified	significant_intensified	1	1
Morus_012402-R1	20	717	1.136178338191103	0.1908928669963643	0.6621745288134609	intensified	not_significant	9	9
Morus_012402-R1	20	717	0.7361231958005828	0.734684996687065	0.3913688010687496	relaxed	not_significant	1	1
Morus_012409-R1	20	285	0.8718156769938527	0.04721174436781439	0.8279880875076657	relaxed	not_significant	9	9
Morus_012409-R1	20	285	1	-0.000016607235011179	1	intensified	not_significant	0	1
Morus_012418-R1	20	300	0.8588113700615463	0.1308670541002357	0.7175347361439988	relaxed	not_significant	9	9
Morus_012418-R1	20	300	1.09986966564796	0.0007621720442330115	0.9779752288771117	intensified	not_significant	1	1
Morus_012419-R1	20	157	2.232763528990331	0.1800525755611488	0.6713280618594371	intensified	not_significant	9	9
Morus_012419-R1	20	157	2.356526492270423	0.9798998305991518	0.3222235376793092	intensified	not_significant	1	1
Morus_012426-R1	20	700	0.8148452191526894	0.5291401996400964	0.4669685618732971	relaxed	not_significant	9	9
Morus_012426-R1	20	700	0.2881409248926249	0.3092023558074288	0.5781700646217712	relaxed	not_significant	1	1
Morus_012427-R1	20	463	0.5989461774506627	2.001488407904617	0.1571448309732458	relaxed	not_significant	9	9
Morus_012427-R1	20	463	0.1309405101802443	2.471293663553297	0.1159424623352338	relaxed	not_significant	1	1
Morus_012431-R1	20	355	0.7408692412291261	1.158603956987463	0.2817552557663041	relaxed	not_significant	9	9
Morus_012431-R1	20	355	50	13.5015133730476	0.0002383711337868855	intensified	significant_intensified	1	1
Morus_012437-R1	20	140	0.4337318339154739	0.6887594998165696	0.406586641592638	relaxed	not_significant	9	9
Morus_012437-R1	20	140	1.122611284819247E-9	1.38380014325503	0.2394549038934133	relaxed	not_significant	1	1
Morus_012439-R1	20	288	0.8403319894308352	0.2601833235266895	0.6099942371021647	relaxed	not_significant	9	9
Morus_012439-R1	20	288	0.9303138339275077	0.002609502563245769	0.9592591508996827	relaxed	not_significant	1	1
Morus_012448-R1	20	267	0.8878759591713369	0.01677596445097151	0.896944569328222	relaxed	not_significant	9	9
Morus_012448-R1	20	267	1.184638834065561	0.002433839322293352	0.9606531586120007	intensified	not_significant	1	1
Morus_012450-R1	20	186	0.07284537246935659	1.60586669089389	0.2050737926768093	relaxed	not_significant	9	9
Morus_012450-R1	20	186	1	-0.00001518715635029366	1	intensified	not_significant	0	1
Morus_012451-R1	20	360	1.643634020980283	2.301195179625211	0.129274491705592	intensified	not_significant	9	9
Morus_012451-R1	20	360	0.1280213978835252	3.068474123293527	0.07982436419519556	relaxed	not_significant	1	1
Morus_012462-R1	20	241	0.9765962886320357	0.00086075279796205	0.9765945506579434	relaxed	not_significant	9	9
Morus_012462-R1	20	241	20.33246545621152	0.6951037251237722	0.4044338207661086	intensified	not_significant	1	1
Morus_012464-R1	20	680	0.6126963440337185	3.244820985557453	0.07164951713672252	relaxed	not_significant	9	9
Morus_012464-R1	20	680	0.06769655495376717	1.126918388574268	0.288433607986654	relaxed	not_significant	1	1
Morus_012469-R1	20	215	1.761806961373745	1.444179540651021	0.229464195656244	intensified	not_significant	9	9
Morus_012469-R1	20	215	19.02016490591415	1.246087629240719	0.264301036619416	intensified	not_significant	1	1
Morus_012470-R1	20	104	1.051617886194613	0.008209892662762286	0.927803711067671	intensified	not_significant	9	9
Morus_012470-R1	20	104	6.305962041084271	2.93859448057583	0.08648595851577201	intensified	not_significant	1	1
Morus_012478-R1	20	331	1.02203326248662	0.001684499167822651	0.9672618942354674	intensified	not_significant	9	9
Morus_012478-R1	20	331	0.2429491682556393	0.9871519774178523	0.3204394537741221	relaxed	not_significant	1	1
Morus_012488-R1	20	344	0.5649898783509526	1.244485851278114	0.2646082691309245	relaxed	not_significant	9	9
Morus_012488-R1	20	344	44.80302360479234	1.012527921789115	0.3142979880358099	intensified	not_significant	1	1
Morus_012492-R1	20	562	0.6649984250841944	1.923910199122474	0.1654262425634776	relaxed	not_significant	9	9
Morus_012492-R1	20	562	0	3.63541193459605	0.05656260545124581	relaxed	not_significant	1	1
Morus_012496-R1	20	456	2.354432961472194	0.5874621956681949	0.443402153260205	intensified	not_significant	9	9
Morus_012496-R1	20	456	0.2968868073099766	4.707652782098194	0.030028624657926	relaxed	significant_relaxed	1	1
Morus_012498-R1	20	498	1.919487665051998	2.422356273260448	0.1196148899789896	intensified	not_significant	9	9
Morus_012498-R1	20	498	0.538753766055773	0.1904001735747443	0.6625837650908011	relaxed	not_significant	1	1
Morus_012502-R1	20	320	0.7952780927685363	0.2785674699034644	0.597641688478683	relaxed	not_significant	9	9
Morus_012502-R1	20	320	15.91866434177923	0.7652932832934312	0.3816770628417961	intensified	not_significant	1	1
Morus_012511-R1	20	814	1.048033309828658	0.01329135077867249	0.9082167538793154	intensified	not_significant	9	9
Morus_012511-R1	20	814	0.06403835197453321	2.628252549391618	0.1049771921788757	relaxed	not_significant	1	1
Morus_012514-R1	20	206	2.160947698934189	0.3162678534035877	0.5738592084356845	intensified	not_significant	9	9
Morus_012514-R1	20	206	0.6746805223210255	0.1520813569695747	0.696554221536906	relaxed	not_significant	1	1
Morus_012515-R1	20	447	0.7975311412638324	0.1672256568954253	0.6825893167018697	relaxed	not_significant	9	9
Morus_012515-R1	20	447	1	-0.0002809787702062749	1	intensified	not_significant	0	1
Morus_012517-R2	20	242	0.1363276668848724	4.705016400914246	0.03007471493796898	relaxed	significant_relaxed	9	9
Morus_012517-R2	20	242	21.40224414801091	8.094658998026262	0.004439589049414439	intensified	significant_intensified	1	1
Morus_012524-R4	20	455	0.1440296625459546	0.2453074239365378	0.6203988203825783	relaxed	not_significant	9	9
Morus_012524-R4	20	455	0.3801548884436514	3.14364551905328	0.07622326217744657	relaxed	not_significant	1	1
Morus_012525-R1	20	1020	1.562765940103204	1.261478573193017	0.2613714023882835	intensified	not_significant	9	9
Morus_012525-R1	20	1020	0.3581148794871294	4.490772047789505	0.03407828414815084	relaxed	significant_relaxed	1	1
Morus_012528-R1	20	156	0.7973585775479782	0.1760126732910976	0.6748225190689086	relaxed	not_significant	9	9
Morus_012528-R1	20	156	0.6668667973992187	0.246750601263102	0.6193724298609244	relaxed	not_significant	1	1
Morus_012530-R1	20	451	0.8382246956404049	0.3361940229142419	0.5620343860291686	relaxed	not_significant	9	9
Morus_012530-R1	20	451	1.630105109670291	0.8733839170054125	0.3500201977905139	intensified	not_significant	1	1
Morus_012532-R1	20	601	2.492478297694282	2.712688703621097	0.09955307257905555	intensified	not_significant	9	9
Morus_012532-R1	20	601	1.090190817625928	0.01243556606459606	0.9112080751888871	intensified	not_significant	1	1
Morus_012537-R1	20	274	0.7905088061359045	0.4970064870285569	0.4808184072113715	relaxed	not_significant	9	9
Morus_012537-R1	20	274	1.052003768352487	0.01023206407353427	0.9194284774519171	intensified	not_significant	1	1
Morus_012540-R1	20	343	0.5790302612464592	1.658567062167094	0.1977969074090137	relaxed	not_significant	9	9
Morus_012540-R1	20	343	16.53135447775175	1.740323555954092	0.1870978353536989	intensified	not_significant	1	1
Morus_012544-R1	20	642	0.2481654531610485	3.286961312807762	0.06983214829736706	relaxed	not_significant	9	9
Morus_012544-R1	20	642	0.9224790182751151	0.03586602437826514	0.8497924328781888	relaxed	not_significant	1	1
Morus_012547-R1	20	508	1.682948825918982	4.972976160624967	0.02574630923747123	intensified	significant_intensified	9	9
Morus_012547-R1	20	508	0	4.948695360269994	0.02611036499905828	relaxed	significant_relaxed	1	1
Morus_012549-R2	20	235	1.160592403437169	0.00850347285359021	0.9265277951023678	intensified	not_significant	9	9
Morus_012549-R2	20	235	5.740250460034992	2.048362301661655	0.1523700147131726	intensified	not_significant	1	1
Morus_012553-R1	20	166	0.5638861824617225	0.6077070317787729	0.4356524617410155	relaxed	not_significant	9	9
Morus_012553-R1	20	166	7.996919663074973E-7	4.372542670208077	0.03652245547810928	relaxed	significant_relaxed	1	1
Morus_012568-R1	20	293	1.345230966930816	0.6089587304732049	0.4351801361240346	intensified	not_significant	9	9
Morus_012568-R1	20	293	0	0.9771656300918039	0.3228995697097398	relaxed	not_significant	1	1
Morus_012569-R1	20	185	1.604909536801312	0.7938100668843617	0.3729505257846805	intensified	not_significant	9	9
Morus_012569-R1	20	185	9.340837902507004E-8	1.036766213627743	0.3085747595827742	relaxed	not_significant	1	1
Morus_012572-R1	20	1065	0.6070571723258793	2.565665308316966	0.1092066053961788	relaxed	not_significant	9	9
Morus_012572-R1	20	1065	0.002047041998001702	19.51247053018596	0.000009994507068067371	relaxed	significant_relaxed	1	1
Morus_012573-R1	20	104	0.1242664923658661	1.191199079544504	0.2750878211815558	relaxed	not_significant	9	9
Morus_012573-R1	20	104	2.956050903056052	0.5555773432761271	0.4560477071744615	intensified	not_significant	1	1
Morus_012575-R1	20	272	0.7622946830692628	0.1280264568704297	0.7204871162521789	relaxed	not_significant	9	9
Morus_012575-R1	20	272	0.3944400675287825	0.03350538081667764	0.8547629056559526	relaxed	not_significant	1	1
Morus_012578-R1	20	433	1.3095927708365	0.540121672416717	0.4623823058793033	intensified	not_significant	9	9
Morus_012578-R1	20	433	1.009082811587619	0.0001310453953919932	0.9908664111281235	intensified	not_significant	1	1
Morus_012591-R1	20	334	9.94663176083934E-7	1.410060436294771	0.2350463607936414	relaxed	not_significant	9	9
Morus_012591-R1	20	334	0.1146980719753286	2.396609714720398	0.1215985250266437	relaxed	not_significant	1	1
Morus_012592-R1	20	319	1.156397886674453	0.129773376384037	0.718667125827243	intensified	not_significant	9	9
Morus_012592-R1	20	319	0.2033264629854655	0.904280637577358	0.3416365021550798	relaxed	not_significant	1	1
Morus_012593-R1	20	373	1.001490820902032	-0.0004143361584283412	1	intensified	not_significant	9	9
Morus_012593-R1	20	373	1.018047267217788	0.00002894820227083983	0.9957071198351777	intensified	not_significant	1	1
Morus_012595-R1	20	383	20.61929582108222	6.958147967319746	0.008343835847548497	intensified	significant_intensified	9	9
Morus_012595-R1	20	383	1.003956083243671	-0.0006151117950139451	1	intensified	not_significant	1	1
Morus_012599-R1	20	611	1.048165379723815	0.01147032119297364	0.9147099760860412	intensified	not_significant	9	9
Morus_012599-R1	20	611	7.459840904665906E-10	8.520156815511655	0.003512342225771681	relaxed	significant_relaxed	1	1
Morus_012607-R1	20	220	0.6709039449474246	0.08325661337084966	0.7729317163188442	relaxed	not_significant	9	9
Morus_012607-R1	20	220	0.00000498784656303252	1.611805955419186	0.2042381262068131	relaxed	not_significant	1	1
Morus_012610-R1	20	221	0.8977767561786082	0.02443002054224053	0.875795722914292	relaxed	not_significant	9	9
Morus_012610-R1	20	221	1	-0.0007040684213279746	1	intensified	not_significant	0	1
Morus_012616-R1	20	509	0.6779982853246362	1.006738470749042	0.3156854704135171	relaxed	not_significant	9	9
Morus_012616-R1	20	509	1	-0.001164845532002801	1	intensified	not_significant	0	1
Morus_012619-R1	20	299	1.219075406839524	0.1768676672600122	0.6740790528395723	intensified	not_significant	9	9
Morus_012619-R1	20	299	0.563869029803698	0.806444770680173	0.3691734473426163	relaxed	not_significant	1	1
Morus_012624-R1	20	564	0.124744677715129	0.9471044761212397	0.3304574247774457	relaxed	not_significant	9	9
Morus_012624-R1	20	564	0.2240441438968999	1.02286969610941	0.3118392750404111	relaxed	not_significant	1	1
Morus_012633-R1	20	634	20.76935228974294	1.927513345892294	0.1650307543499783	intensified	not_significant	9	9
Morus_012633-R1	20	634	0.2253867837553737	1.659768748644638	0.1976345499075131	relaxed	not_significant	1	1
Morus_012635-R1	20	731	1.578376486813426	2.202642932035815	0.137774339788127	intensified	not_significant	9	9
Morus_012635-R1	20	731	0.2588023162578554	8.885745603491159	0.002874056492613519	relaxed	significant_relaxed	1	1
Morus_012637-R1	20	521	0.887238998843657	0.1177534197049681	0.7314839764966874	relaxed	not_significant	9	9
Morus_012637-R1	20	521	0	0.9254558884513244	0.3360465001448949	relaxed	not_significant	1	1
Morus_012640-R1	20	254	4.895747080179342	8.714649982995979	0.003156630180558229	intensified	significant_intensified	9	9
Morus_012640-R1	20	254	0.239278148819275	0.295431371817358	0.5867608185554694	relaxed	not_significant	1	1
Morus_012642-R1	20	395	0.9533214849691982	0.01918913760800933	0.8898256213869519	relaxed	not_significant	9	9
Morus_012642-R1	20	395	0.2432379884209146	0.7842565178234508	0.3758424984692676	relaxed	not_significant	1	1
Morus_012663-R1	20	310	0.7197820467607605	0.7034115378628485	0.4016397370590732	relaxed	not_significant	9	9
Morus_012663-R1	20	310	5.124497494226647	1.885962183487209	0.1696580512197902	intensified	not_significant	1	1
Morus_012673-R1	20	225	0.2431001565992332	1.670210558479994	0.1962303343319532	relaxed	not_significant	9	9
Morus_012673-R1	20	225	0	0.1886986122626695	0.6640019654359313	relaxed	not_significant	1	1
Morus_012678-R1	20	224	0.704349847752248	1.027347977890258	0.3107823663598824	relaxed	not_significant	9	9
Morus_012678-R1	20	224	0.7506870221218916	0.1083550911375823	0.7420246688192019	relaxed	not_significant	1	1
Morus_012687-R1	20	172	0.8136971950481082	0.2872236099706242	0.592005224341402	relaxed	not_significant	9	9
Morus_012687-R1	20	172	17.56301093807786	2.336033238191703	0.1264110893577181	intensified	not_significant	1	1
Morus_012688-R1	20	227	1.13637134507899	0.07133254725158622	0.7894063829869272	intensified	not_significant	9	9
Morus_012688-R1	20	227	1.450254424079198E-16	2.86451280680285	0.09055312518748615	relaxed	not_significant	1	1
Morus_012695-R1	20	279	10.50604968763116	1.292226921474139	0.2556379627273027	intensified	not_significant	9	9
Morus_012695-R1	20	279	1	-0.00003031496999028604	1	intensified	not_significant	0	1
Morus_012708-R1	20	653	0.4875949419125132	2.022635929828539	0.1549699242449517	relaxed	not_significant	9	9
Morus_012708-R1	20	653	1.470057940607517	0.2182724280537514	0.6403594059230995	intensified	not_significant	1	1
Morus_012709-R1	20	142	0.8712173264242862	0.02075769555085571	0.8854409994208271	relaxed	not_significant	9	9
Morus_012709-R1	20	142	1	-6.822933755756821E-7	1	intensified	not_significant	0	1
Morus_012710-R1	20	232	5.58282238082463	2.176411587282928	0.1401408781214202	intensified	not_significant	9	9
Morus_012710-R1	20	232	6.88494127793011	0.5306098834871591	0.466350564680025	intensified	not_significant	1	1
Morus_012716-R1	20	267	0.2083804170465446	3.411268581957302	0.06475264972738604	relaxed	not_significant	9	9
Morus_012716-R1	20	267	0.07590460977571749	7.932903330876798	0.004854384315607807	relaxed	significant_relaxed	1	1
Morus_012726-R1	20	1093	0.8174234498941314	0.385408099671622	0.5347230298654233	relaxed	not_significant	9	9
Morus_012726-R1	20	1093	0.7404689986201107	1.248818127536651	0.2637783286724037	relaxed	not_significant	1	1
Morus_012733-R1	20	264	0.8732714119472955	0.01700762309383208	0.8962394619430041	relaxed	not_significant	9	9
Morus_012733-R1	20	264	1.552564724515138	0.1883081717005552	0.6643284573915075	intensified	not_significant	1	1
Morus_012751-R1	20	347	1.15802647612866	0.395522728994365	0.5294106122898139	intensified	not_significant	9	9
Morus_012751-R1	20	347	0.6217698400140108	0.6863229416567265	0.4074179077005253	relaxed	not_significant	1	1
Morus_012752-R1	20	235	0.4939426095310818	2.054102379604956	0.1517966890459054	relaxed	not_significant	9	9
Morus_012752-R1	20	235	1.214189355715421E-7	3.821630101974279	0.05059499256996991	relaxed	not_significant	1	1
Morus_012760-R1	20	271	0.5005827341763824	0.4104921817033755	0.5217197990802049	relaxed	not_significant	9	9
Morus_012760-R1	20	271	0.2782463846801883	1.109821578815172	0.2921207366814131	relaxed	not_significant	1	1
Morus_012764-R1	20	109	16.75587105079883	2.737517372836464	0.09801693752215535	intensified	not_significant	9	9
Morus_012764-R1	20	109	13.02809410291597	0.4468853902053525	0.503817755960587	intensified	not_significant	1	1
Morus_012767-R1	20	123	3.314337194647268	2.560344505739977	0.1095747032917008	intensified	not_significant	9	9
Morus_012767-R1	20	123	0.02823072593721087	2.848263165487424	0.09147270821253117	relaxed	not_significant	1	1
Morus_012769-R1	20	520	1.05546578540072	0.006672715372587845	0.9348958625909582	intensified	not_significant	9	9
Morus_012769-R1	20	520	0.1190570953564375	6.286711818347612	0.01216465263628408	relaxed	significant_relaxed	1	1
Morus_012776-R1	20	142	0.1215903617390586	8.234344767401126	0.004110500942408946	relaxed	significant_relaxed	9	9
Morus_012776-R1	20	142	0.3506458383453725	2.599978039270354	0.1068651958464463	relaxed	not_significant	1	1
Morus_012777-R1	20	239	0.9407130710917023	0.03925883083502413	0.8429367710959277	relaxed	not_significant	9	9
Morus_012777-R1	20	239	21.68236902490018	0.7084745031006605	0.3999507055543328	intensified	not_significant	1	1
Morus_012779-R1	20	233	0.1865474509151102	0.1984124377954686	0.6560053435891311	relaxed	not_significant	9	9
Morus_012779-R1	20	233	0.9305972552358642	0.04394792894709099	0.8339505206684419	relaxed	not_significant	1	1
Morus_012780-R1	20	564	1.017922310192194	0.002861720822693314	0.9573374711976419	intensified	not_significant	9	9
Morus_012780-R1	20	564	0.8498980429627464	-0.0004531973481789464	1	relaxed	not_significant	1	1
Morus_012782-R1	20	673	2.559222765127074	3.017631258333495	0.08236368761048429	intensified	not_significant	9	9
Morus_012782-R1	20	673	0.4915262727093123	2.512734902746161	0.1129297943840666	relaxed	not_significant	1	1
Morus_012791-R1	20	342	0.03526489383116795	6.634815932810852	0.01000045285087869	relaxed	significant_relaxed	9	9
Morus_012791-R1	20	342	0.8544685048638837	-0.0002899195842474001	1	relaxed	not_significant	1	1
Morus_012798-R1	20	231	0.2791803996371847	1.183656500363668	0.2766128600389921	relaxed	not_significant	9	9
Morus_012798-R1	20	231	0.1770083925531947	0.2772996259727734	0.5984766245324964	relaxed	not_significant	1	1
Morus_012808-R1	20	229	1.414558525928149	0.8352626301070813	0.3607551855267921	intensified	not_significant	9	9
Morus_012808-R1	20	229	0.4541685193172402	1.037836311122646	0.3083252231959511	relaxed	not_significant	1	1
Morus_012815-R1	20	410	1.059574201253309	0.01168774283087259	0.9139085431818316	intensified	not_significant	9	9
Morus_012815-R1	20	410	0.2017608243648126	1.4259083996958	0.2324333522715988	relaxed	not_significant	1	1
Morus_012817-R1	20	389	2.61793996252014	3.890274346076694	0.04856648955123544	intensified	significant_intensified	9	9
Morus_012817-R1	20	389	41.01405439939225	3.235038345137582	0.07207861603680643	intensified	not_significant	1	1
Morus_012819-R1	20	440	1.214035785352188	0.2409761189101118	0.6235019975564676	intensified	not_significant	9	9
Morus_012819-R1	20	440	1.114656098997577	0.01125231098922086	0.9155213303487779	intensified	not_significant	1	1
Morus_012820-R1	20	320	1.071766509097496	0.1679234790008195	0.6819639098382662	intensified	not_significant	9	9
Morus_012820-R1	20	320	1	-0.0005095357646496268	1	intensified	not_significant	0	1
Morus_012821-R4	20	366	0.7970604643688777	0.3348401147022741	0.5628228568967207	relaxed	not_significant	9	9
Morus_012821-R4	20	366	2.559844697824404	0.5522785775065131	0.4573881604535831	intensified	not_significant	1	1
Morus_012825-R1	20	635	0.7484102798090123	0.9324858856543869	0.334217801331184	relaxed	not_significant	9	9
Morus_012825-R1	20	635	0.5634180349435135	1.226846610143184	0.2680211750199984	relaxed	not_significant	1	1
Morus_012829-R1	20	371	0.9348011492106234	0.02013791457375191	0.8871525802638159	relaxed	not_significant	9	9
Morus_012829-R1	20	371	1.078784514872948	0.02279723473566264	0.8799855513923089	intensified	not_significant	1	1
Morus_012835-R1	20	149	2.93413142560908	0.1005865741326488	0.7511268544984473	intensified	not_significant	9	9
Morus_012835-R1	20	149	0.2001876575406092	1.965136783524031	0.1609650125939834	relaxed	not_significant	1	1
Morus_012852-R1	20	262	0.217874302614933	1.315695073612915	0.2513661142836453	relaxed	not_significant	9	9
Morus_012852-R1	20	262	1.583585635222299	0.03519053674790484	0.8511969612863605	intensified	not_significant	1	1
Morus_012860-R1	20	507	0.9468698105068696	0.01250296358011838	0.9109687842452838	relaxed	not_significant	9	9
Morus_012860-R1	20	507	19.65136586008551	1.257479315532692	0.2621287616516123	intensified	not_significant	1	1
Morus_012866-R1	20	170	1.017198157414255	0.01008940464544139	0.9199902290465881	intensified	not_significant	9	9
Morus_012867-R1	20	287	7.725590411166662	0.856227123726967	0.3547966625520226	intensified	not_significant	9	9
Morus_012867-R1	20	287	1	-3.29541762766894E-7	1	intensified	not_significant	0	1
Morus_012874-R1	20	307	1.187445485504622	0.06563232220287318	0.7978056276410395	intensified	not_significant	9	9
Morus_012874-R1	20	307	1.247443886078721	0.0665582524261481	0.796415503920576	intensified	not_significant	1	1
Morus_012876-R1	20	426	3.095252336294191	2.656247513261405	0.1031438080404585	intensified	not_significant	9	9
Morus_012876-R1	20	426	0.9409937242787777	0.0009021524756462895	0.976038459368473	relaxed	not_significant	1	1
Morus_012878-R1	20	1259	0.6181529536894892	1.591227061555401	0.2071509086036867	relaxed	not_significant	9	9
Morus_012878-R1	20	1259	0.3014876745017489	0.8897398066292226	0.3455478276230273	relaxed	not_significant	1	1
Morus_012881-R1	20	192	1.746225066169877	0.6702737545824675	0.4129561800679142	intensified	not_significant	9	9
Morus_012881-R1	20	192	27.79018355695533	0.4241416860236313	0.5148776249231957	intensified	not_significant	1	1
Morus_012883-R1	20	199	0.7774824967587067	0.1703595325234346	0.6797924772879771	relaxed	not_significant	9	9
Morus_012883-R1	20	199	2.636047854306961E-15	2.593296497645952	0.1073167698474603	relaxed	not_significant	1	1
Morus_012885-R1	20	372	1.004745711611359	-0.0008812555388431065	1	intensified	not_significant	9	9
Morus_012885-R1	20	372	18.11000647143479	1.636749464733839	0.2007720385967041	intensified	not_significant	1	1
Morus_012888-R1	20	421	2.141647893432931	2.844537827560998	0.09168495437762159	intensified	not_significant	9	9
Morus_012888-R1	20	421	1.406539518015869E-7	2.25596134020816	0.1331007764870077	relaxed	not_significant	1	1
Morus_012890-R1	20	146	2.583454521129765	1.486286735680551	0.2227934887848738	intensified	not_significant	9	9
Morus_012890-R1	20	146	5.750145985198614E-7	5.695455489818869	0.0170088975449455	relaxed	significant_relaxed	1	1
Morus_012891-R1	20	222	1.45779371174246	1.417099103235159	0.2338814672142744	intensified	not_significant	9	9
Morus_012891-R1	20	222	0.03399752503564676	0.1751860374815806	0.6755433480603477	relaxed	not_significant	1	1
Morus_012892-R1	20	392	0.1564599298935143	10.8460881751389	0.000990046822770152	relaxed	significant_relaxed	9	9
Morus_012892-R1	20	392	0.3150738129088101	4.618664743191403	0.03162584808790936	relaxed	significant_relaxed	1	1
Morus_012893-R1	20	358	1.216067931095964	0.194385261232128	0.6592915915200064	intensified	not_significant	9	9
Morus_012893-R1	20	358	0.9378659403984456	0.00661485320324573	0.9351781265123496	relaxed	not_significant	1	1
Morus_012894-R1	20	296	1.10503833729654	0.03832735315245372	0.8447872730167379	intensified	not_significant	9	9
Morus_012894-R1	20	296	0.6685262799385699	0.6309622536764437	0.4270025725629977	relaxed	not_significant	1	1
Morus_012897-R1	20	304	0.1775802986797934	50.46312602812486	1.214250922032534E-12	relaxed	significant_relaxed	9	9
Morus_012897-R1	20	304	1	-0.00002372832113906043	1	intensified	not_significant	0	1
Morus_012901-R1	20	430	1.260056680602853	0.8407663355428667	0.3591776904874621	intensified	not_significant	9	9
Morus_012901-R1	20	430	0.8544691305664535	-0.0002165278347092681	1	relaxed	not_significant	1	1
Morus_012905-R1	20	306	0.7033147828091786	1.353647334740344	0.2446414956129711	relaxed	not_significant	9	9
Morus_012905-R1	20	306	0.7355046286624611	0.4751055143060512	0.490647722256724	relaxed	not_significant	1	1
Morus_012909-R1	20	428	2.418182045450947	1.740146174250185	0.1871203066308588	intensified	not_significant	9	9
Morus_012909-R1	20	428	0.4331732698954328	0.175754313431753	0.6750475954799435	relaxed	not_significant	1	1
Morus_012911-R1	20	332	1.940504080548748	0.6930588964587514	0.4051258814294761	intensified	not_significant	9	9
Morus_012911-R1	20	332	0.6738777923740864	0.2856814757215034	0.5930013267889614	relaxed	not_significant	1	1
Morus_012912-R1	20	437	1.625745082478699	0.1467346500649001	0.7016755805278221	intensified	not_significant	9	9
Morus_012912-R1	20	437	1	-0.00001522979982837569	1	intensified	not_significant	0	1
Morus_012921-R1	20	372	0.4629003058969876	9.137759665819431	0.002503875056812266	relaxed	significant_relaxed	9	9
Morus_012921-R1	20	372	19.20650529968778	0.4606235110886701	0.4973327185980354	intensified	not_significant	1	1
Morus_012924-R1	20	586	0.3654751304958538	1.244994393464367	0.2645106790160342	relaxed	not_significant	9	9
Morus_012924-R1	20	586	46.99313513543778	2.701915654090044	0.1002277532765459	intensified	not_significant	1	1
Morus_012925-R1	20	227	0.4990402836550221	0.5906293908183216	0.4421758403986932	relaxed	not_significant	9	9
Morus_012925-R1	20	227	0.2039988163196156	1.680775077477847	0.1948214948517588	relaxed	not_significant	1	1
Morus_012927-R1	20	244	0.3247309422893274	2.283127646360299	0.1307878905989192	relaxed	not_significant	9	9
Morus_012927-R1	20	244	0.716520099561016	0.167128010153192	0.6826769517428113	relaxed	not_significant	1	1
Morus_012932-R2	20	207	0.499567913870388	0.6700505968642574	0.4130339672710613	relaxed	not_significant	9	9
Morus_012932-R2	20	207	0.5002715987753016	0.5354754769177816	0.4643139082031701	relaxed	not_significant	1	1
Morus_012934-R1	20	470	2.285357284758879	0.2655036717515031	0.606364021421921	intensified	not_significant	9	9
Morus_012934-R1	20	470	0.2672363274622163	2.497468344421577	0.1140294710938048	relaxed	not_significant	1	1
Morus_012935-R1	20	211	1.460762479420882	0.3676448822411658	0.5442908160842581	intensified	not_significant	9	9
Morus_012935-R1	20	211	1.012269925732422	0.00107519513267107	0.9738419186147735	intensified	not_significant	1	1
Morus_012946-R1	20	407	0.7922791872636765	0.5123599653716155	0.4741190259294653	relaxed	not_significant	9	9
Morus_012946-R1	20	407	0.8582489163909272	-0.00008777909533819184	1	relaxed	not_significant	1	1
Morus_012947-R1	20	343	0.3286337403345313	1.557670522633998	0.2120066268139416	relaxed	not_significant	9	9
Morus_012947-R1	20	343	19.62848281923818	0.6429055955995864	0.4226605933456294	intensified	not_significant	1	1
Morus_012958-R1	20	220	0.1458705966475985	2.959551431326872	0.08537162199465798	relaxed	not_significant	9	9
Morus_012958-R1	20	220	1.824629562601544	0.6860524675998931	0.4075103371681159	intensified	not_significant	1	1
Morus_012963-R1	20	206	0.502587992391068	1.803729506333639	0.1792622689669198	relaxed	not_significant	9	9
Morus_012963-R1	20	206	0.4799883079553935	0.9883213201105718	0.3201530049541544	relaxed	not_significant	1	1
Morus_012965-R3	20	265	0.0283278928104201	6.159988298474673	0.0130672072764767	relaxed	significant_relaxed	9	9
Morus_012965-R3	20	265	0.2172535068862891	2.255285198544243	0.1331589214523871	relaxed	not_significant	1	1
Morus_012969-R1	20	554	0.5817935237540389	3.449386043185768	0.063275269705517	relaxed	not_significant	9	9
Morus_012969-R1	20	554	0.2292392868882396	0.6118692976415332	0.4340848535010189	relaxed	not_significant	1	1
Morus_012970-R1	20	259	0.5841616875343082	1.677301544003967	0.1952834000954351	relaxed	not_significant	9	9
Morus_012970-R1	20	259	0.2181620756277992	2.111163821880837	0.1462280706227651	relaxed	not_significant	1	1
Morus_012973-R1	20	1087	2.868666714873451E-9	5.748893851425237	0.01649904238311062	relaxed	significant_relaxed	9	9
Morus_012973-R1	20	1087	0.6946819665299121	1.462170382521435	0.2265851057615268	relaxed	not_significant	1	1
Morus_012974-R1	20	725	4.398455002930628	14.21141857762996	0.000163376113875402	intensified	significant_intensified	9	9
Morus_012974-R1	20	725	2.026506881581958	1.476236411386708	0.2243643003775772	intensified	not_significant	1	1
Morus_012976-R1	20	566	1.848131239910309	2.15116783526355	0.1424614919411485	intensified	not_significant	9	9
Morus_012976-R1	20	566	0.7545029716427203	0.468505322594865	0.4936755948546526	relaxed	not_significant	1	1
Morus_012977-R1	20	152	0.3908489847031468	0.2198913704141887	0.6391227011550572	relaxed	not_significant	9	9
Morus_012977-R1	20	152	0.1784429407853811	1.181115426786164	0.2771290338487139	relaxed	not_significant	1	1
Morus_012978-R1	20	211	2.42155075079599	2.519105966272036	0.1124743359110281	intensified	not_significant	9	9
Morus_012978-R1	20	211	0.5852254067978745	1.273264864092198	0.2591550861024171	relaxed	not_significant	1	1
Morus_012980-R2	20	525	0.2085798532414201	0.9941607381115318	0.3187275756689749	relaxed	not_significant	9	9
Morus_012980-R2	20	525	0.3661607961392565	1.631093179217714	0.2015519132341879	relaxed	not_significant	1	1
Morus_012984-R1	20	379	0.7349576115747612	0.4152300949845085	0.5193267814722682	relaxed	not_significant	9	9
Morus_012984-R1	20	379	0.9998987056887944	-5.118045010021888E-7	1	relaxed	not_significant	1	1
Morus_012985-R1	20	146	1.090131389600626	0.02936019261983347	0.8639500126061761	intensified	not_significant	9	9
Morus_012985-R1	20	146	0.6901028062381475	0.1899579484575042	0.6629516189759852	relaxed	not_significant	1	1
Morus_012992-R1	20	283	0.8067990836168856	0.1471837515300649	0.7012413258533458	relaxed	not_significant	9	9
Morus_012992-R1	20	283	0.2563922124572902	1.976339191693569	0.1597765971690998	relaxed	not_significant	1	1
Morus_012998-R1	20	726	2.913905674209555	13.01560083057484	0.0003089066395797202	intensified	significant_intensified	9	9
Morus_012998-R1	20	726	9.990331319430172	10.58072816397544	0.001142726411161976	intensified	significant_intensified	1	1
Morus_013007-R1	20	314	0	5.317479787016055	0.02111252501767802	relaxed	significant_relaxed	9	9
Morus_013007-R1	20	314	0.8248879067217972	0.06923555166849837	0.7924530842639395	relaxed	not_significant	1	1
Morus_013009-R1	20	323	1.341384997200826	0.1937800313962725	0.6597889765178691	intensified	not_significant	9	9
Morus_013009-R1	20	323	3.469837432036142	3.369081954869216	0.06643076384399782	intensified	not_significant	1	1
Morus_013014-R1	20	967	0.9187398625571475	0.04791999070221209	0.8267229987394082	relaxed	not_significant	9	9
Morus_013014-R1	20	967	0.5785956114767563	2.235251236123077	0.1348946968208492	relaxed	not_significant	1	1
Morus_013018-R2	20	338	31.63282620251412	6.231895863691534	0.01254693340368118	intensified	significant_intensified	9	9
Morus_013018-R2	20	338	2.981398440664222E-10	0.8476939492065867	0.3572055279809265	relaxed	not_significant	1	1
Morus_013022-R1	20	394	1.656009572231103	1.490371708049679	0.2221587962654178	intensified	not_significant	9	9
Morus_013022-R1	20	394	0.4351928590808378	0.7210723691068779	0.3957923778468386	relaxed	not_significant	1	1
Morus_013023-R1	20	253	1.170834941245074	0.132924038188321	0.7154193542189593	intensified	not_significant	9	9
Morus_013023-R1	20	253	22.17677798022398	2.798159311349991	0.09437259243315188	intensified	not_significant	1	1
Morus_013028-R1	20	328	2.971998449009365	1.950529415293204	0.1625298126787542	intensified	not_significant	9	9
Morus_013028-R1	20	328	43.06905217388697	3.390751791272123	0.06556304904511334	intensified	not_significant	1	1
Morus_013029-R1	20	504	1.113702748948531	0.03701137441839819	0.8474418907138725	intensified	not_significant	9	9
Morus_013029-R1	20	504	0.854468322643804	-0.000124663774840883	1	relaxed	not_significant	1	1
Morus_013030-R1	20	843	3.13025221551505	1.294650434319919	0.2551927004070409	intensified	not_significant	9	9
Morus_013030-R1	20	843	1	-0.0001721086009638384	1	intensified	not_significant	0	1
Morus_013032-R1	20	396	0.4871715965245226	3.230486560412828	0.0722792108108834	relaxed	not_significant	9	9
Morus_013032-R1	20	396	1.123126282557926	0.1833405633551592	0.6685179926162393	intensified	not_significant	1	1
Morus_013035-R1	20	461	0.8214367493730387	0.3041356628018548	0.5813012729293864	relaxed	not_significant	9	9
Morus_013035-R1	20	461	1	-0.0008711054451850941	1	intensified	not_significant	0	1
Morus_013041-R1	20	322	0	2.695021715498115	0.100662117671129	relaxed	not_significant	9	9
Morus_013041-R1	20	322	3.103808332862516	1.232972472488655	0.2668297409005049	intensified	not_significant	1	1
Morus_013047-R1	20	343	0.7193200733954391	0.5754710281826192	0.4480930290460909	relaxed	not_significant	9	9
Morus_013047-R1	20	343	0.8557266320685892	-0.00006841317008365877	1	relaxed	not_significant	1	1
Morus_013060-R1	20	414	0.8727153414301313	0.1427236747795178	0.70558818540638	relaxed	not_significant	9	9
Morus_013060-R1	20	414	0.4274654278397458	1.898570726402795	0.1682383875663527	relaxed	not_significant	1	1
Morus_013064-R1	20	245	0.6826915893843412	0.8163408672221522	0.36625218707861	relaxed	not_significant	9	9
Morus_013064-R1	20	245	0.5999145220629785	1.196699103677929	0.2739824206751741	relaxed	not_significant	1	1
Morus_013066-R1	20	278	3.241742975940705	4.122877435575901	0.04230706180501043	intensified	significant_intensified	9	9
Morus_013066-R1	20	278	1.281324180378519	0.1388886953309338	0.7093883083362602	intensified	not_significant	1	1
Morus_013067-R1	20	306	0.4089838665634344	3.639993344973846	0.05640715974138211	relaxed	not_significant	9	9
Morus_013067-R1	20	306	0.6520496277756449	0.6267404003110641	0.4285534834274142	relaxed	not_significant	1	1
Morus_013068-R1	20	461	0.5176152054147123	1.629085686864528	0.201829557614601	relaxed	not_significant	9	9
Morus_013068-R1	20	461	34.01844848489416	1.042050138250488	0.3073451429829176	intensified	not_significant	1	1
Morus_013069-R2	20	703	0.3479404738961396	0.07420537526377302	0.7853093709037073	relaxed	not_significant	9	9
Morus_013069-R2	20	703	4.716913376410467	3.165512829344152	0.07520881195857809	intensified	not_significant	1	1
Morus_013071-R1	20	376	3.495326640378487	0.626076186104001	0.4287982582069169	intensified	not_significant	9	9
Morus_013071-R1	20	376	0.9982816837323217	0.0000237337953876704	0.9961129337694321	relaxed	not_significant	1	1
Morus_013073-R1	20	728	1.555179656450264	1.12841781163479	0.2881130743288135	intensified	not_significant	9	9
Morus_013073-R1	20	728	0.9211644139616699	0.0193512959031068	0.8893640674766817	relaxed	not_significant	1	1
Morus_013075-R1	20	460	4.111089882482895	2.160562371417655	0.1415928606205084	intensified	not_significant	9	9
Morus_013075-R1	20	460	11.70362912484645	12.49176336133132	0.0004087501874613375	intensified	significant_intensified	1	1
Morus_013076-R1	20	346	14.63278527968563	6.352623853132172	0.01172078183827319	intensified	significant_intensified	9	9
Morus_013076-R1	20	346	0.8544689993055252	-0.00001170959512819536	1	relaxed	not_significant	1	1
Morus_013079-R1	20	347	1.220672494867607	0.0531656954135542	0.8176435344202664	intensified	not_significant	9	9
Morus_013079-R1	20	347	1.245903034898991	0.08179872750406503	0.7748744694634467	intensified	not_significant	1	1
Morus_013080-R1	20	353	0.3955492551662033	1.434517548760596	0.2310285848356951	relaxed	not_significant	9	9
Morus_013080-R1	20	353	1	-2.220531314378604E-8	1	intensified	not_significant	0	1
Morus_013082-R1	20	293	1.304696097564982	0.6309954270982416	0.4269904197273532	intensified	not_significant	9	9
Morus_013082-R1	20	293	19.79481276813116	3.279591098820674	0.07014640355179691	intensified	not_significant	1	1
Morus_013088-R1	20	208	0	1.069114069456191	0.3011456423347277	relaxed	not_significant	9	9
Morus_013088-R1	20	208	18.89638529717449	0.4374222345572889	0.5083692642321587	intensified	not_significant	1	1
Morus_013092-R1	20	316	0.8142167802358263	0.2192144622058549	0.6396391116753481	relaxed	not_significant	9	9
Morus_013092-R1	20	316	0.7424982188093608	0.09580172004007181	0.7569271193115313	relaxed	not_significant	1	1
Morus_013093-R1	20	45	0.2156858780160598	2.820211924359	0.09308411267434602	relaxed	not_significant	9	9
Morus_013093-R1	20	45	0	0.5547853279348374	0.4563689771768179	relaxed	not_significant	1	1
Morus_013095-R1	20	665	0.02995392158393596	7.11824082388739	0.007630354203511325	relaxed	significant_relaxed	9	9
Morus_013095-R1	20	665	0.276163611959306	0.6970504737673764	0.4037765561925561	relaxed	not_significant	1	1
Morus_013097-R1	20	225	1.202928369381614	0.1072576262436087	0.7432881540611745	intensified	not_significant	9	9
Morus_013097-R1	20	225	0.4130239920373043	0.6061924494551931	0.4362250326149645	relaxed	not_significant	1	1
Morus_013105-R1	20	670	0.8157157047607894	0.602913305754555	0.4374686219471965	relaxed	not_significant	9	9
Morus_013105-R1	20	670	0.4976457735378874	0.9537903643813479	0.3287563657030047	relaxed	not_significant	1	1
Morus_013109-R1	20	252	0.1299940122382455	9.425107655000829	0.002140345328438653	relaxed	significant_relaxed	9	9
Morus_013109-R1	20	252	1	-1.565163074701559E-7	1	intensified	not_significant	0	1
Morus_013110-R2	20	422	0.07382333889538782	3.236897507230424	0.07199685549887003	relaxed	not_significant	9	9
Morus_013110-R2	20	422	0.2486884730819313	0.2179382012236601	0.640615416154011	relaxed	not_significant	1	1
Morus_013111-R1	20	235	1.013947152066251	0.001716456503345398	0.966952985147545	intensified	not_significant	9	9
Morus_013111-R1	20	235	0.1462207166392704	3.20934500079602	0.07321878887048006	relaxed	not_significant	1	1
Morus_013112-R1	20	506	1.315912673431723	0.2074528137645757	0.6487712301613647	intensified	not_significant	9	9
Morus_013112-R1	20	506	1.00023938184701	-0.00003864272184728179	1	intensified	not_significant	1	1
Morus_013116-R1	20	615	0.5440634894144091	1.243957651559867	0.264709678953197	relaxed	not_significant	9	9
Morus_013116-R1	20	615	0.5422903478581387	0.563722588809469	0.4527642314719854	relaxed	not_significant	1	1
Morus_013119-R1	20	249	2.233667201438508	0.4935177904094417	0.4823622811979189	intensified	not_significant	9	9
Morus_013119-R1	20	249	1.454275084853845	0.3005322201188392	0.5835489588510776	intensified	not_significant	1	1
Morus_013121-R1	20	424	1.451961836700718	0.6552936743391911	0.4182263867608504	intensified	not_significant	9	9
Morus_013121-R1	20	424	0.174226028900121	1.176347708228604	0.2781007857765843	relaxed	not_significant	1	1
Morus_013122-R1	20	872	1.384438450447723	1.948524589181034	0.1627459291113496	intensified	not_significant	9	9
Morus_013122-R1	20	872	0.6255393580954661	1.259416663464435	0.2617615371746635	relaxed	not_significant	1	1
Morus_013125-R1	20	358	0.6830582676501489	0.4728597934545178	0.491674463508713	relaxed	not_significant	9	9
Morus_013125-R1	20	358	0.9689982979920085	0.003043304128368618	0.9560060960791024	relaxed	not_significant	1	1
Morus_013130-R1	20	1001	0.2252500180069001	0.8528193887395901	0.3557559681074802	relaxed	not_significant	9	9
Morus_013130-R1	20	1001	8.197390962882514	10.22460469049838	0.001385794401470908	intensified	significant_intensified	1	1
Morus_013131-R1	20	508	2.599787517398368	0.2710887772227579	0.6026023448375268	intensified	not_significant	9	9
Morus_013131-R1	20	508	0.2089662499053124	1.761898937556907	0.1843878354313593	relaxed	not_significant	1	1
Morus_013140-R1	20	546	0.5306088559463962	3.863017375311756	0.04936148090010384	relaxed	significant_relaxed	9	9
Morus_013140-R1	20	546	1.302678443560687	0.2621374956888758	0.6086554551020795	intensified	not_significant	1	1
Morus_013149-R1	20	234	0.4925034622000584	0.02767519879762403	0.8678747168465848	relaxed	not_significant	9	9
Morus_013149-R1	20	234	1	-0.000003759811534109758	1	intensified	not_significant	0	1
Morus_013150-R1	20	205	0.1478951007481785	2.448399680904458	0.1176447539230403	relaxed	not_significant	9	9
Morus_013150-R1	20	205	0.8557267384360526	-0.00005675712554875645	1	relaxed	not_significant	1	1
Morus_013161-R1	20	244	0.8997093391287545	0.03761778697889895	0.8462126416447482	relaxed	not_significant	9	9
Morus_013161-R1	20	244	2.041095647820983	0.4753912926494195	0.4905173214812547	intensified	not_significant	1	1
Morus_013165-R1	20	305	0.7863189719084779	0.1819221146970449	0.6697265828234481	relaxed	not_significant	9	9
Morus_013165-R1	20	305	2.106761927274315E-16	3.925344347926512	0.0475634486154578	relaxed	significant_relaxed	1	1
Morus_013166-R1	20	191	0.9512933453903932	0.01082241301992326	0.9171448846836198	relaxed	not_significant	9	9
Morus_013166-R1	20	191	1	-0.00001584005394761334	1	intensified	not_significant	0	1
Morus_013167-R1	20	383	1.075335350410111	0.05056907747621153	0.822075978911703	intensified	not_significant	9	9
Morus_013167-R1	20	383	1	-0.0006039802010491258	1	intensified	not_significant	0	1
Morus_013171-R1	20	310	0.4159983554298156	3.47110983483617	0.06244939779301761	relaxed	not_significant	9	9
Morus_013171-R1	20	310	1.364094702015455	0.06448948222714534	0.7995358902716677	intensified	not_significant	1	1
Morus_013173-R1	20	194	0.01843089578529754	0.06178345914577221	0.8036989967527589	relaxed	not_significant	9	9
Morus_013173-R1	20	194	0.1458761467813967	3.57405365379509	0.05868888000900652	relaxed	not_significant	1	1
Morus_013176-R1	20	218	1.253819590120383	0.08299007221012289	0.7732855205264964	intensified	not_significant	9	9
Morus_013176-R1	20	218	20.75808956886633	1.807068756065291	0.1788602606263816	intensified	not_significant	1	1
Morus_013178-R1	20	405	1.230816804839349	0.1441444419133404	0.704195150552375	intensified	not_significant	9	9
Morus_013178-R1	20	405	0.4964052207499672	0.8060925753925403	0.369278009539748	relaxed	not_significant	1	1
Morus_013180-R2	20	167	0.7612600240873821	0.1272101713730081	0.7213423489279721	relaxed	not_significant	9	9
Morus_013180-R2	20	167	22.49505370333791	0.7022760924539853	0.4020199495436719	intensified	not_significant	1	1
Morus_013183-R1	20	240	0.1203022202478634	6.546711710996988	0.010507818345458	relaxed	significant_relaxed	9	9
Morus_013183-R1	20	240	0	0.9178908068411147	0.3380293876643951	relaxed	not_significant	1	1
Morus_013184-R1	20	180	1.422348366331837	0.5993419005208125	0.438829231103926	intensified	not_significant	9	9
Morus_013184-R1	20	180	1.551068747799069E-16	6.135532460579725	0.01324916426614642	relaxed	significant_relaxed	1	1
Morus_013190-R1	20	237	1.3946041604714	0.05066319618026682	0.8219132553652757	intensified	not_significant	9	9
Morus_013190-R1	20	237	1	-0.000002678601504157996	1	intensified	not_significant	0	1
Morus_013193-R1	20	421	0.7753290016508158	0.3750593535487496	0.5402593202723753	relaxed	not_significant	9	9
Morus_013193-R1	20	421	26.56621654001986	2.813926346634616	0.09344940293813309	intensified	not_significant	1	1
Morus_013194-R1	20	400	5.924445174892996	1.271253755368889	0.2595316080348097	intensified	not_significant	9	9
Morus_013194-R1	20	400	10.33372343257251	0.2388909149904066	0.6250083043886075	intensified	not_significant	1	1
Morus_013195-R1	20	367	3.178476649771382	0.9560486646014397	0.3281844258390247	intensified	not_significant	9	9
Morus_013195-R1	20	367	0.3824505168525771	2.103482807483488	0.1469640477471971	relaxed	not_significant	1	1
Morus_013200-R1	20	989	0.887193919265723	0.09441708451413433	0.7586351046295147	relaxed	not_significant	9	9
Morus_013200-R1	20	989	1.288828704752031	0.4474709108981187	0.5035384317653445	intensified	not_significant	1	1
Morus_013201-R1	20	186	0.1583695204876476	11.13057193466511	0.0008491640398233802	relaxed	significant_relaxed	9	9
Morus_013201-R1	20	186	0	1.087593820028815	0.2970049561491241	relaxed	not_significant	1	1
Morus_013202-R1	20	375	0.8714873814589564	0.04808489875813393	0.8264298440629442	relaxed	not_significant	9	9
Morus_013202-R1	20	375	0.6014224304853788	0.54185198936284	0.4616662139401866	relaxed	not_significant	1	1
Morus_013205-R1	20	687	1.354726126053355	0.4628589973963244	0.4962908394648332	intensified	not_significant	9	9
Morus_013205-R1	20	687	0.8590723120972135	0.1103631866080832	0.7397310313524206	relaxed	not_significant	1	1
Morus_013209-R1	20	375	0.6492874115896278	2.010701773221626	0.1561930530237322	relaxed	not_significant	9	9
Morus_013209-R1	20	375	3.027638459622869	0.5309327698123525	0.4662149675587725	intensified	not_significant	1	1
Morus_013210-R1	20	291	0.8784760078479118	0.01666888572708558	0.8972721610791706	relaxed	not_significant	9	9
Morus_013210-R1	20	291	1.224105024260786	0.1077648385426073	0.7427033269746313	intensified	not_significant	1	1
Morus_013214-R1	20	169	1.130352536871503	0.1353426824330199	0.7129556316523253	intensified	not_significant	9	9
Morus_013214-R1	20	169	0.8532133738436467	-2.437359398754779E-7	1	relaxed	not_significant	1	1
Morus_013217-R1	20	190	0.6061986724195004	1.007705058564625	0.3154532644179062	relaxed	not_significant	9	9
Morus_013217-R1	20	190	4.854779124891233	0.5271694226876207	0.4677993300140997	intensified	not_significant	1	1
Morus_013222-R1	20	149	0.8557262421593417	-7.087737685651518E-8	1	relaxed	not_significant	9	9
Morus_013222-R1	20	149	0.8532131367049763	-4.154865109740058E-7	1	relaxed	not_significant	1	1
Morus_013232-R1	20	422	0.4800864361826345	1.081964276339932	0.2982585493018154	relaxed	not_significant	9	9
Morus_013232-R1	20	422	2.329069282272409	1.872273549924103	0.1712149140949274	intensified	not_significant	1	1
Morus_013235-R1	20	276	0.7698863603292064	0.07181542628723037	0.7887116316891103	relaxed	not_significant	9	9
Morus_013235-R1	20	276	0.4868171759885941	0.4804346847377019	0.4882254883004715	relaxed	not_significant	1	1
Morus_013239-R1	20	285	1.002941213464383	0.00003110131638095481	0.9955503362276091	intensified	not_significant	9	9
Morus_013239-R1	20	285	0	0.8755294932007018	0.3494290458205761	relaxed	not_significant	1	1
Morus_013245-R1	20	371	1.077764725358558	0.004892660871519183	0.9442353999854735	intensified	not_significant	9	9
Morus_013245-R1	20	371	0.5190612403941126	1.146335914428164	0.2843174867043737	relaxed	not_significant	1	1
Morus_013247-R1	20	365	1.549985699763117	1.571996790345111	0.2099172682346732	intensified	not_significant	9	9
Morus_013247-R1	20	365	0.04039131080961478	0.7152287862454614	0.3977134274644945	relaxed	not_significant	1	1
Morus_013264-R1	20	400	3.724030734821757E-9	1.582261260501582	0.2084352777018225	relaxed	not_significant	9	9
Morus_013264-R1	20	400	1.313610010800292E-10	2.751093266545467	0.09718795432818605	relaxed	not_significant	1	1
Morus_013276-R1	20	118	2.611875491895317E-8	3.492034391453672	0.06166476137283206	relaxed	not_significant	9	9
Morus_013276-R1	20	118	1	-0.000006393491730705136	1	intensified	not_significant	0	1
Morus_013306-R1	20	247	0.9136482112100853	0.04177335418171424	0.8380524102889497	relaxed	not_significant	9	9
Morus_013306-R1	20	247	0.135104093533337	1.179625307518108	0.2774322887489695	relaxed	not_significant	1	1
Morus_013314-R1	20	497	0.4500129100843343	2.286662870167675	0.1304902204613605	relaxed	not_significant	9	9
Morus_013314-R1	20	497	0.7133584672130301	0.6592389998986619	0.4168287335745134	relaxed	not_significant	1	1
Morus_013321-R1	20	513	2.003782909872134	3.913783624948337	0.04789166080538398	intensified	significant_intensified	9	9
Morus_013321-R1	20	513	0.5096045311246438	1.414543687465994	0.2343035773752622	relaxed	not_significant	1	1
Morus_013324-R1	20	583	1.520911890494895	0.3849368326336844	0.5349728977279191	intensified	not_significant	9	9
Morus_013324-R1	20	583	1.239250047180808E-8	3.426864646171452	0.06414376869701099	relaxed	not_significant	1	1
Morus_013326-R1	20	215	0.4459367619967843	1.020876590611806	0.312311169666129	relaxed	not_significant	9	9
Morus_013326-R1	20	215	0	3.856342805343957	0.04955824196527725	relaxed	significant_relaxed	1	1
Morus_013327-R1	20	854	15.88903931707905	7.281435807390153	0.006967082623946852	intensified	significant_intensified	9	9
Morus_013327-R1	20	854	0.4894159028641961	0.09294438078723033	0.7604668342701104	relaxed	not_significant	1	1
Morus_013328-R1	20	559	1.03396363125488	0.02220746178136324	0.8815365240434581	intensified	not_significant	9	9
Morus_013328-R1	20	559	0	1.447858024581365	0.2288719618334411	relaxed	not_significant	1	1
Morus_013330-R1	20	177	0.6943648597656987	0.03569981704958991	0.8501367451323159	relaxed	not_significant	9	9
Morus_013330-R1	20	177	50	3.428199919595045	0.06409192328497859	intensified	not_significant	1	1
Morus_013334-R1	20	151	1.121474754960393	0.02934152513580557	0.8639928489104355	intensified	not_significant	9	9
Morus_013334-R1	20	151	0.2768052704240805	0.5721901165602503	0.4493899326375708	relaxed	not_significant	1	1
Morus_013335-R1	20	441	2.85179343599254	1.303639209289031	0.2535495487280403	intensified	not_significant	9	9
Morus_013335-R1	20	441	0.7108703474333767	0.2560783984517911	0.6128272400745677	relaxed	not_significant	1	1
Morus_013336-R1	20	314	3.1156525480888	2.104537590774271	0.1468627337639543	intensified	not_significant	9	9
Morus_013336-R1	20	314	0.1835575356978963	3.911033348540514	0.04797009323403501	relaxed	significant_relaxed	1	1
Morus_013337-R1	20	353	1.122163989651082	0.1813807844346229	0.6701892918413501	intensified	not_significant	9	9
Morus_013337-R1	20	353	1.291663661018463E-9	0.6330994097124858	0.4262207041737317	relaxed	not_significant	1	1
Morus_013338-R1	20	407	0.5509844059599744	3.641738801678002	0.05634805629627337	relaxed	not_significant	9	9
Morus_013338-R1	20	407	0.06539796657519065	2.62745927943979	0.1050296606778524	relaxed	not_significant	1	1
Morus_013343-R1	20	566	0.9400203400676077	0.02463282332610106	0.8752854569169104	relaxed	not_significant	9	9
Morus_013343-R1	20	566	1.650276551103186	0.4798555215566012	0.4884877667464776	intensified	not_significant	1	1
Morus_013346-R1	20	412	0.08861887284999649	6.554641740177431	0.01046108995939854	relaxed	significant_relaxed	9	9
Morus_013346-R1	20	412	9.718185177837571	2.046784104530161	0.1525280764520754	intensified	not_significant	1	1
Morus_013347-R3	20	251	0.5580029886545069	1.422769358727692	0.2329481176149826	relaxed	not_significant	9	9
Morus_013347-R3	20	251	16.4245943946523	0.4364318798079694	0.5088496819037817	intensified	not_significant	1	1
Morus_013348-R1	20	110	2.406811156290385	1.183173801562816	0.2767108185992107	intensified	not_significant	9	9
Morus_013348-R1	20	110	0	1.380848619960261	0.239956649443676	relaxed	not_significant	1	1
Morus_013354-R1	20	174	5.860967762019206	0.2265894925690191	0.6340642809997882	intensified	not_significant	9	9
Morus_013354-R1	20	174	0	0.4976935263057385	0.4805153236215972	relaxed	not_significant	1	1
Morus_013363-R1	20	555	1.185263770770049	0.3384007120330352	0.5607538190930119	intensified	not_significant	9	9
Morus_013363-R1	20	555	0.5589839301142944	1.631690095516205	0.2014694439548285	relaxed	not_significant	1	1
Morus_013366-R1	20	280	0.6746465353466506	0.03893339511523664	0.8435806732039781	relaxed	not_significant	9	9
Morus_013366-R1	20	280	0.1301130856738806	3.155142857321152	0.07568806629434388	relaxed	not_significant	1	1
Morus_013377-R1	20	83	0.8532108615863719	-8.728875400265679E-10	1	relaxed	not_significant	9	9
Morus_013377-R1	20	83	0.8532126550267982	-0.000001662565182414255	1	relaxed	not_significant	1	1
Morus_013385-R1	20	418	4.519753805946928E-10	3.380561455696807	0.06596957845780216	relaxed	not_significant	9	9
Morus_013385-R1	20	418	2.654552319977074	0.1887686056188613	0.6639434784445202	intensified	not_significant	1	1
Morus_013386-R1	20	300	50	6.005188392882701	0.01426387093457193	intensified	significant_intensified	9	9
Morus_013386-R1	20	300	0.3129939180763393	1.242381770471184	0.265012521910019	relaxed	not_significant	1	1
Morus_013387-R1	20	162	2.889439301999407	3.239729404658647	0.07187250790690469	intensified	not_significant	9	9
Morus_013387-R1	20	162	0.2767450389986288	0.3060449307531599	0.5801173760095939	relaxed	not_significant	1	1
Morus_013390-R1	20	170	0.1762308261290364	2.196231058076592	0.1383486388077696	relaxed	not_significant	9	9
Morus_013390-R1	20	170	1.096994669082846	0.03865435514580895	0.8441350073579216	intensified	not_significant	1	1
Morus_013391-R1	20	252	2.447142855291892	1.412539895883128	0.2346352133676667	intensified	not_significant	9	9
Morus_013391-R1	20	252	0.3867493691558444	1.179127857851654	0.2775336179443507	relaxed	not_significant	1	1
Morus_013393-R1	20	261	2.851149043571339	1.511105162094736	0.2189705259334187	intensified	not_significant	9	9
Morus_013393-R1	20	261	0.8748521678198328	0.04965013026321685	0.8236731951045321	relaxed	not_significant	1	1
Morus_013394-R1	20	126	0.8532126850778426	-1.10414475784637E-7	1	relaxed	not_significant	9	9
Morus_013394-R1	20	126	1	-6.003801900078543E-8	1	intensified	not_significant	0	1
Morus_013395-R1	20	245	0.917966880887371	0.01791155930459354	0.8935337825933872	relaxed	not_significant	9	9
Morus_013395-R1	20	245	0.1491435515783815	2.610473313347029	0.1061600731260498	relaxed	not_significant	1	1
Morus_013398-R1	20	121	0.6959306708628532	0.2666575068478778	0.6055828095142785	relaxed	not_significant	9	9
Morus_013398-R1	20	121	50	2.854279897644574	0.09113103884137197	intensified	not_significant	1	1
Morus_013400-R1	20	763	0.06910944229777904	14.06572404970575	0.000176531689012438	relaxed	significant_relaxed	9	9
Morus_013400-R1	20	763	1.243611007353362	0.1078459014806867	0.7426100009904413	intensified	not_significant	1	1
Morus_013406-R1	20	477	1.542594215446126	0.4701516811428519	0.4929173964500242	intensified	not_significant	9	9
Morus_013406-R1	20	477	0.1881133440620443	5.971004158662254	0.0145429970320714	relaxed	significant_relaxed	1	1
Morus_013408-R1	20	530	1.254778213991088	0.1205607022839104	0.7284271566429608	intensified	not_significant	9	9
Morus_013408-R1	20	530	0.5100375778363183	3.985421616946951	0.0458956132010464	relaxed	significant_relaxed	1	1
Morus_013414-R1	20	419	1.031225383545237	0.0008166854950104607	0.9772013898608034	intensified	not_significant	9	9
Morus_013414-R1	20	419	0.1692503350331376	0.2861381003858696	0.592706022033634	relaxed	not_significant	1	1
Morus_013424-R1	20	310	0.1679746269789798	3.842930125226303	0.04995614681962413	relaxed	significant_relaxed	9	9
Morus_013424-R1	20	310	1	-0.00007310943146876525	1	intensified	not_significant	0	1
Morus_013427-R1	20	384	2.724508170559781	1.829150637136991	0.1762279010015912	intensified	not_significant	9	9
Morus_013427-R1	20	384	0	5.17364470699431	0.02293205397080955	relaxed	significant_relaxed	1	1
Morus_013430-R1	20	181	0.6274473766523458	0.1241668003690393	0.7245584743378095	relaxed	not_significant	9	9
Morus_013430-R1	20	181	1.143364488836208	0.01419238805465284	0.9051709297951135	intensified	not_significant	1	1
Morus_013434-R1	20	219	7.61064712593904	6.779778192311369	0.009219634629104911	intensified	significant_intensified	9	9
Morus_013434-R1	20	219	0.9939091122372253	-0.000002467152171448106	1	relaxed	not_significant	1	1
Morus_013436-R1	20	271	0.3274716573022348	1.548657651983376	0.2133337172990543	relaxed	not_significant	9	9
Morus_013436-R1	20	271	1.66906155859631	1.076097963695247	0.2995721110723668	intensified	not_significant	1	1
Morus_013437-R1	20	1076	0.9709883808010248	0.03292811699429876	0.8560056938262124	relaxed	not_significant	9	9
Morus_013437-R1	20	1076	4.347370538020916	6.547710262922919	0.01050192253170756	intensified	significant_intensified	1	1
Morus_013439-R1	20	285	0.9383539900973324	0.01911935492353223	0.8900248565985769	relaxed	not_significant	9	9
Morus_013439-R1	20	285	0.2044119963657839	2.291354206741744	0.1300963700473328	relaxed	not_significant	1	1
Morus_013443-R1	20	224	0.03903827069764552	7.489897185866539	0.006204609854538523	relaxed	significant_relaxed	9	9
Morus_013443-R1	20	224	1	-0.00007110219439709908	1	intensified	not_significant	0	1
Morus_013447-R1	20	183	0.1576134666520086	1.061289144198327	0.3029213452052736	relaxed	not_significant	9	9
Morus_013447-R1	20	183	1	-0.00006730407949362416	1	intensified	not_significant	0	1
Morus_013454-R3	20	372	0.7827773970108387	0.5884104852584642	0.4430344333075229	relaxed	not_significant	9	9
Morus_013454-R3	20	372	1.775198736157253	1.675537864184662	0.19551842212126	intensified	not_significant	1	1
Morus_013456-R1	20	802	0.6871171748219843	1.441524989324535	0.2298927234486066	relaxed	not_significant	9	9
Morus_013456-R1	20	802	1.081223317387109	0.05202710858065984	0.8195727627488959	intensified	not_significant	1	1
Morus_013458-R1	20	411	0.8462655160982999	0.1330005639711089	0.7153410146471676	relaxed	not_significant	9	9
Morus_013458-R1	20	411	13.22800323631994	1.506822737848779	0.2196245493027488	intensified	not_significant	1	1
Morus_013460-R1	20	733	0.5646792101413478	3.851432870005738	0.04970351177905341	relaxed	significant_relaxed	9	9
Morus_013460-R1	20	733	0.1953427354505759	4.06251214412805	0.04384522636137	relaxed	significant_relaxed	1	1
Morus_013463-R1	20	168	1.11344468570843	0.009311620168773516	0.9231260656782853	intensified	not_significant	9	9
Morus_013463-R1	20	168	9.618460845530064	1.068022262808881	0.3013925974831321	intensified	not_significant	1	1
Morus_013464-R1	20	1118	1.639280702920005	3.928449911018106	0.04747568573729621	intensified	significant_intensified	9	9
Morus_013464-R1	20	1118	0.2711146775916641	0.5750766468081565	0.4482486148732876	relaxed	not_significant	1	1
Morus_013465-R1	20	418	0.8897136208381043	0.06578825240194419	0.7975707969325427	relaxed	not_significant	9	9
Morus_013465-R1	20	418	2.713178014417461E-7	0.5180324416160147	0.4716821952914677	relaxed	not_significant	1	1
Morus_013468-R1	20	325	0.8532132984507644	-0.000001370053723803721	1	relaxed	not_significant	9	9
Morus_013468-R1	20	325	11.53495020577003	1.164707483125312	0.2804913850375501	intensified	not_significant	1	1
Morus_013471-R1	20	349	0.9117874900011143	0.03343678234341496	0.8549100086621307	relaxed	not_significant	9	9
Morus_013471-R1	20	349	17.19352108351175	2.23650137444929	0.1347856457597748	intensified	not_significant	1	1
Morus_013472-R1	20	541	1.210573726417702	0.09898602384964761	0.7530498547754315	intensified	not_significant	9	9
Morus_013472-R1	20	541	1.700676194300097	0.7020492206083873	0.4020959820180646	intensified	not_significant	1	1
Morus_013477-R1	20	457	0.8386344179223783	0.3484959940469707	0.5549657485839492	relaxed	not_significant	9	9
Morus_013477-R1	20	457	3.417285014464893E-9	3.656687489195974	0.05584455714750625	relaxed	not_significant	1	1
Morus_013479-R1	20	404	0.9130451580872384	0.006657067755440949	0.934972073044421	relaxed	not_significant	9	9
Morus_013479-R1	20	404	0.9506542145546001	0.004444760890692123	0.9468451819840193	relaxed	not_significant	1	1
Morus_013480-R1	20	230	0.3660636959417669	2.821028725146334	0.09303675787693566	relaxed	not_significant	9	9
Morus_013480-R1	20	230	0.1589633074235238	0.7453313543264812	0.38795838919081	relaxed	not_significant	1	1
Morus_013481-R1	20	156	0.3570195954850953	1.444797375871985	0.2293645957307475	relaxed	not_significant	9	9
Morus_013481-R1	20	156	0.9283739051428409	0.0178310475971557	0.8937719106472899	relaxed	not_significant	1	1
Morus_013482-R1	20	329	1.009725355763338	0.001306754480538075	0.9711635042914462	intensified	not_significant	9	9
Morus_013482-R1	20	329	0	4.770278696708374	0.02895513805618954	relaxed	significant_relaxed	1	1
Morus_013487-R1	20	417	0.05378063729724913	10.60866804286616	0.001125587425212071	relaxed	significant_relaxed	9	9
Morus_013487-R1	20	417	1.157492408576527E-8	12.68905162390092	0.0003678027678784002	relaxed	significant_relaxed	1	1
Morus_013490-R1	20	417	0.8544684525363141	-0.0000072733791967039	1	relaxed	not_significant	9	9
Morus_013490-R1	20	417	19.89063950553413	0.4750867800430569	0.4906562727290686	intensified	not_significant	1	1
Morus_013491-R1	20	244	1.404287225307883E-7	3.588216330076193	0.05819066926184979	relaxed	not_significant	9	9
Morus_013491-R1	20	244	1.685485400127024E-14	2.023823351003557	0.1548488216222094	relaxed	not_significant	1	1
Morus_013492-R1	20	425	6.109386395296693	1.115421449383575	0.2909064747575133	intensified	not_significant	9	9
Morus_013492-R1	20	425	0.8653732264427285	0.07607036029912706	0.7826951107748852	relaxed	not_significant	1	1
Morus_013497-R1	20	190	0.9874421922336236	0.0005640711860905867	0.9810518771429252	relaxed	not_significant	9	9
Morus_013497-R1	20	190	0.1874518013962375	0.5189881391570452	0.4712736324816267	relaxed	not_significant	1	1
Morus_013498-R1	20	308	0.189328647724631	0.6105796761808051	0.4345696353231828	relaxed	not_significant	9	9
Morus_013498-R1	20	308	0.8532132672620387	-0.000003908278358721873	1	relaxed	not_significant	1	1
Morus_013502-R1	20	403	1.599043511203348	1.758072780013208	0.1848650816073409	intensified	not_significant	9	9
Morus_013502-R1	20	403	5.221617708597334E-7	1.553524182638284	0.2126159293419977	relaxed	not_significant	1	1
Morus_013504-R1	20	412	0.488239484992344	2.093918935929651	0.1478862846901088	relaxed	not_significant	9	9
Morus_013504-R1	20	412	1.435800083740744	1.234288126398496	0.2665747176172206	intensified	not_significant	1	1
Morus_013512-R1	20	475	1.772655195572009	1.409049833060635	0.2352141904576922	intensified	not_significant	9	9
Morus_013512-R1	20	475	4.7447322974601E-10	2.565328557730027	0.1092298617752512	relaxed	not_significant	1	1
Morus_013514-R1	20	301	1.27688826695457	0.1914251531029549	0.6617331126027099	intensified	not_significant	9	9
Morus_013514-R1	20	301	2.720235301038423	0.9919746753289473	0.3192602251214208	intensified	not_significant	1	1
Morus_013519-R1	20	257	0.4177376565909903	0.3119334125376554	0.5764961825532413	relaxed	not_significant	9	9
Morus_013519-R1	20	257	2.033472177866714	1.462248095555879	0.226572763792017	intensified	not_significant	1	1
Morus_013521-R1	20	105	0.9107405586551169	0.01283155260648527	0.9098113925497457	relaxed	not_significant	9	9
Morus_013521-R1	20	105	1	-0.000006612758852497791	1	intensified	not_significant	0	1
Morus_013524-R1	20	231	0.895187666041819	0.005793857122625923	0.9393257047379808	relaxed	not_significant	9	9
Morus_013524-R1	20	231	50	0.7153980190460061	0.3976576038316849	intensified	not_significant	1	1
Morus_013527-R1	20	667	0.9564524187961643	0.02023476254544221	0.8868833717887969	relaxed	not_significant	9	9
Morus_013527-R1	20	667	0.1439711677889798	5.873647245731263	0.01536917775281421	relaxed	significant_relaxed	1	1
Morus_013531-R1	20	627	1.326756191268109	0.4540484257540811	0.5004186650966591	intensified	not_significant	9	9
Morus_013531-R1	20	627	0	1.216825751920624	0.2699845002517489	relaxed	not_significant	1	1
Morus_013533-R1	20	371	0.2779673742110965	1.635589581028398	0.200931670865607	relaxed	not_significant	9	9
Morus_013533-R1	20	371	4.171462507545201	2.419727056201737	0.1198158052422755	intensified	not_significant	1	1
Morus_013538-R1	20	279	0.8385650329874214	0.1876979524531635	0.6648395379052376	relaxed	not_significant	9	9
Morus_013538-R1	20	279	3.159820135037831	2.229056559095625	0.1354365243172442	intensified	not_significant	1	1
Morus_013539-R1	20	361	2.915124972516197	1.616989460985678	0.2035120758005479	intensified	not_significant	9	9
Morus_013539-R1	20	361	1.12967953897626	0.02270467209291382	0.8802276018633677	intensified	not_significant	1	1
Morus_013541-R1	20	282	2.368746422302969	3.431707462746999	0.06395594671499349	intensified	not_significant	9	9
Morus_013541-R1	20	282	0.3912157381825528	0.05733659080487996	0.8107561962543837	relaxed	not_significant	1	1
Morus_013553-R1	20	601	0.9196538107534186	0.01905158138288243	0.8902187105458121	relaxed	not_significant	9	9
Morus_013553-R1	20	601	2.178720530063491	2.230264141126099	0.1353307104041244	intensified	not_significant	1	1
Morus_013577-R1	20	407	0.2561979765548938	3.029809157114869	0.08174763123141759	relaxed	not_significant	9	9
Morus_013577-R1	20	407	1.56490196334298E-9	2.063408231048925	0.1508723914345317	relaxed	not_significant	1	1
Morus_013579-R1	20	280	3.452951835689378E-10	1.551063113361124	0.2129785652275031	relaxed	not_significant	9	9
Morus_013579-R1	20	280	14.90264566053922	3.074578048332114	0.07952522792791095	intensified	not_significant	1	1
Morus_013580-R1	20	435	1.402351585095188	0.3198774835855147	0.5716812821626174	intensified	not_significant	9	9
Morus_013580-R1	20	435	14.12721874094889	0.3004441797711479	0.5836040939199771	intensified	not_significant	1	1
Morus_013584-R2	20	290	0.6628123800857195	0.5362103775441938	0.4640075262673434	relaxed	not_significant	9	9
Morus_013584-R2	20	290	1	-0.0001294867884098494	1	intensified	not_significant	0	1
Morus_013594-R1	20	278	0.5728696242023145	2.098188060031134	0.1474738115742037	relaxed	not_significant	9	9
Morus_013594-R1	20	278	0.3443921172122058	2.016370157810343	0.1556107402774076	relaxed	not_significant	1	1
Morus_013602-R1	20	240	0.8770248889751693	0.01896769256791231	0.8904591465994448	relaxed	not_significant	9	9
Morus_013602-R1	20	240	2.52079680162593E-8	2.159870941999088	0.1416565877245124	relaxed	not_significant	1	1
Morus_013613-R1	20	546	1.141073261417137	0.07948554835820687	0.7779957937539759	intensified	not_significant	9	9
Morus_013613-R1	20	546	3.322388716272993E-8	12.41047866675126	0.0004269314195801677	relaxed	significant_relaxed	1	1
Morus_013614-R1	20	479	1.354332535227338	0.7808846028719927	0.3768707333246649	intensified	not_significant	9	9
Morus_013614-R1	20	479	1.350314472599031	1.459879259335139	0.2269493328900448	intensified	not_significant	1	1
Morus_013616-R4	20	224	0.3061282584840367	0.4048681943927477	0.5245857674593046	relaxed	not_significant	9	9
Morus_013616-R4	20	224	0.3314173885817037	1.02539641483736	0.3112423754598528	relaxed	not_significant	1	1
Morus_013618-R2	20	449	1.092025470839743	0.004203490340842109	0.9483059075931123	intensified	not_significant	9	9
Morus_013618-R2	20	449	50	1.649390297789068	0.1990419351998658	intensified	not_significant	1	1
Morus_013619-R1	20	391	0.3604451619008904	6.394629374914075	0.01144661256357393	relaxed	significant_relaxed	9	9
Morus_013619-R1	20	391	24.76815946902824	0.752978053703373	0.3855349962713098	intensified	not_significant	1	1
Morus_013621-R1	20	580	0.83912280068387	0.3150409602530999	0.5746031993821343	relaxed	not_significant	9	9
Morus_013621-R1	20	580	0.6289441261793355	0.354043063147401	0.5518333248198781	relaxed	not_significant	1	1
Morus_013623-R1	20	370	0.6688879896242136	0.1943690253892782	0.659304922247386	relaxed	not_significant	9	9
Morus_013623-R1	20	370	0.4721906581852805	1.190551235968087	0.275218393723571	relaxed	not_significant	1	1
Morus_013640-R1	20	363	0.7023689804896378	0.848508345119626	0.3569746624880396	relaxed	not_significant	9	9
Morus_013640-R1	20	363	9.312194600697426	0.6985930238524816	0.4032568628781047	intensified	not_significant	1	1
Morus_013642-R1	20	206	0.1925543942921049	5.264493474554911	0.0217647555785595	relaxed	significant_relaxed	9	9
Morus_013642-R1	20	206	10.34396714956199	0.7382945661383928	0.3902077376918349	intensified	not_significant	1	1
Morus_013643-R1	20	354	0.7882379250120451	0.07352538592203928	0.7862713225598992	relaxed	not_significant	9	9
Morus_013643-R1	20	354	2.701993280889827E-8	3.50781850108342	0.06107983207928802	relaxed	not_significant	1	1
Morus_013646-R1	20	465	3.929869809884541	2.091093825837561	0.1481599565570744	intensified	not_significant	9	9
Morus_013646-R1	20	465	0	1.905857944033414	0.1674240917980502	relaxed	not_significant	1	1
Morus_013651-R1	20	172	7.314307776745329E-7	2.690280411174626	0.1009620451996108	relaxed	not_significant	9	9
Morus_013651-R1	20	172	2.284988015241986	2.550454113833894	0.1102625588683163	intensified	not_significant	1	1
Morus_013652-R1	20	153	0.7338071119704922	0.8462362188247425	0.3576192784117728	relaxed	not_significant	9	9
Morus_013652-R1	20	153	0	0.4846262163282518	0.4863342697291321	relaxed	not_significant	1	1
Morus_013656-R1	20	164	1.342276495711315	0.2327106779230235	0.6295211454269556	intensified	not_significant	9	9
Morus_013656-R1	20	164	21.59884241076929	1.533256803038057	0.2156243140790958	intensified	not_significant	1	1
Morus_013658-R1	20	172	0.1195489934327513	0.4434148833797735	0.5054788251138554	relaxed	not_significant	9	9
Morus_013658-R1	20	172	0	1.037833165004031	0.3083259564561406	relaxed	not_significant	1	1
Morus_013664-R1	20	627	2.386722535054787	0.8397899992651219	0.3594568380884837	intensified	not_significant	9	9
Morus_013664-R1	20	627	0.57496012078854	0.957294093868768	0.327869571823401	relaxed	not_significant	1	1
Morus_013669-R1	20	229	0.3823388810447977	1.239275651583284	0.2656106991592742	relaxed	not_significant	9	9
Morus_013669-R1	20	229	4.336676860556018	3.009036955521879	0.0828014722834356	intensified	not_significant	1	1
Morus_013670-R1	20	253	0.8350892204481608	0.01487655415530753	0.9029231888728255	relaxed	not_significant	9	9
Morus_013670-R1	20	253	0.8544691431361265	-0.0006205281215443392	1	relaxed	not_significant	1	1
Morus_013674-R1	20	692	1.471514619339259	1.539846342408055	0.2146406782960883	intensified	not_significant	9	9
Morus_013674-R1	20	692	1.89971182658595	0.3996302167852264	0.5272802901374253	intensified	not_significant	1	1
Morus_013688-R1	20	325	0.4697079482304983	1.910051022829975	0.1669575911395292	relaxed	not_significant	9	9
Morus_013688-R1	20	325	0.2239399794002492	0.7310132630500448	0.3925549476110045	relaxed	not_significant	1	1
Morus_013695-R1	20	309	0.4824276176916035	1.076792423526058	0.2994162225492581	relaxed	not_significant	9	9
Morus_013695-R1	20	309	0.1243062132288483	1.067076352379445	0.3016067635907839	relaxed	not_significant	1	1
Morus_013712-R1	20	213	0.5105321245834715	0.4774682795400622	0.4895713254503232	relaxed	not_significant	9	9
Morus_013712-R1	20	213	1	-0.000273633178039745	1	intensified	not_significant	0	1
Morus_013764-R2	20	754	0.5608089529761549	1.827827441675254	0.1763843729755679	relaxed	not_significant	9	9
Morus_013764-R2	20	754	0.1784096282177298	0.8781988897408155	0.3486954639613439	relaxed	not_significant	1	1
Morus_013770-R1	20	101	24.51650380462819	1.186827256269908	0.2759704717758903	intensified	not_significant	9	9
Morus_013770-R1	20	101	33.34725547154539	0.3914795084640446	0.5315227328800041	intensified	not_significant	1	1
Morus_013782-R1	20	299	0.7405613955034995	0.5432391128597374	0.461093424568463	relaxed	not_significant	9	9
Morus_013782-R1	20	299	1.091826877452077	0.01242259154696512	0.9112542157519757	intensified	not_significant	1	1
Morus_013801-R1	20	136	0.7280568146098348	0.06949751760294021	0.792069803222661	relaxed	not_significant	9	9
Morus_013801-R1	20	136	20.3998477795312	2.109634603167251	0.1463742647823839	intensified	not_significant	1	1
Morus_013817-R1	20	436	1.224044830803347	0.3863128429220524	0.5342439236188448	intensified	not_significant	9	9
Morus_013817-R1	20	436	0	2.68659595088684	0.1011957927765063	relaxed	not_significant	1	1
Morus_013820-R1	20	826	3.047957355140506	1.571848539873827	0.2099387639494598	intensified	not_significant	9	9
Morus_013820-R1	20	826	0.1134310425471232	2.38781395100159	0.1222845223636809	relaxed	not_significant	1	1
Morus_013833-R1	20	417	1.020536810837195	0.0006346854297589744	0.9799010491775294	intensified	not_significant	9	9
Morus_013833-R1	20	417	0.9461495904205163	0.01291244850654039	0.9095287620844565	relaxed	not_significant	1	1
Morus_013850-R1	20	1204	0.4661165932174088	2.304687495347025	0.128984219866869	relaxed	not_significant	9	9
Morus_013850-R1	20	1204	0.6454596797725413	0.736315488742548	0.3908437209126756	relaxed	not_significant	1	1
Morus_013866-R1	20	209	3.668827932952708	2.773281181556285	0.09584950053107844	intensified	not_significant	9	9
Morus_013866-R1	20	209	1	-0.0002025576395681128	1	intensified	not_significant	0	1
Morus_013875-R1	20	329	0.9015816282224753	0.08774682588409632	0.767061383300341	relaxed	not_significant	9	9
Morus_013875-R1	20	329	1.105836699294279	0.03807939699072449	0.8452837955170974	intensified	not_significant	1	1
Morus_013883-R1	20	133	2.761328462963603	0.8175625654980649	0.3658937795906949	intensified	not_significant	9	9
Morus_013883-R1	20	133	28.92730607260538	3.374081122907683	0.06622950195321908	intensified	not_significant	1	1
Morus_013892-R1	20	331	0.2491979841269605	4.637503737220868	0.03128047066293616	relaxed	significant_relaxed	9	9
Morus_013892-R1	20	331	0.7373537418855856	0.9923685076410038	0.3191641788085149	relaxed	not_significant	1	1
Morus_013893-R1	20	255	0.7529936653600748	0.3810718585582435	0.5370301533878106	relaxed	not_significant	9	9
Morus_013893-R1	20	255	0	3.712764358886488	0.0539978915601681	relaxed	not_significant	1	1
Morus_013894-R1	20	139	0.8337818017387835	0.04762930686729305	0.8272410331168131	relaxed	not_significant	9	9
Morus_013894-R1	20	139	18.05181067067744	0.6529625963694343	0.4190554613481048	intensified	not_significant	1	1
Morus_013906-R1	20	345	1.311639915600954	0.6075951199327392	0.4356947295013266	intensified	not_significant	9	9
Morus_013906-R1	20	345	0.2470546241558009	2.387717158795567	0.1222920951884966	relaxed	not_significant	1	1
Morus_013914-R1	20	672	1.166809532825521	0.4433475230071053	0.5055111581809648	intensified	not_significant	9	9
Morus_013914-R1	20	672	19.13187246703216	0.01403206070790475	0.9057055646547287	intensified	not_significant	1	1
Morus_013915-R1	20	210	1.958243684127756	0.2836021632379016	0.5943498926732229	intensified	not_significant	9	9
Morus_013915-R1	20	210	22.14824571764257	0.7621832980512409	0.382646127672121	intensified	not_significant	1	1
Morus_013916-R1	20	142	0.7198618167734596	0.2094087381328791	0.6472312241674136	relaxed	not_significant	9	9
Morus_013916-R1	20	142	2.353388824448925	1.295768564555146	0.2549875930200485	intensified	not_significant	1	1
Morus_013923-R1	20	300	1.05376793648028	0.01303525664388872	0.9091014091197008	intensified	not_significant	9	9
Morus_013923-R1	20	300	0.8279504832265738	0.05557987428983324	0.8136236869063844	relaxed	not_significant	1	1
Morus_013931-R1	20	252	4.224541054686772	3.245715431459757	0.07161042064248657	intensified	not_significant	9	9
Morus_013931-R1	20	252	0.3773507868520865	3.253988241855495	0.07124989547762606	relaxed	not_significant	1	1
Morus_013934-R1	20	504	0.4197167503097785	5.52313020130623	0.01876664953698148	relaxed	significant_relaxed	9	9
Morus_013934-R1	20	504	0.4939626478304223	2.627766631740087	0.1050093283579705	relaxed	not_significant	1	1
Morus_013935-R1	20	260	1.416121923603681	0.1250622486181783	0.7236076346789853	intensified	not_significant	9	9
Morus_013935-R1	20	260	0.4760395220910042	1.541936634097965	0.2143297711768061	relaxed	not_significant	1	1
Morus_013947-R1	20	462	0.8299550061049851	0.08332429342863179	0.7728419761482432	relaxed	not_significant	9	9
Morus_013947-R1	20	462	1.665205592463906	0.6739167256091605	0.4116893820255492	intensified	not_significant	1	1
Morus_013952-R1	20	860	1.348310539232479	0.5014393860637938	0.4788683503630131	intensified	not_significant	9	9
Morus_013952-R1	20	860	1.074923754929562	0.05383701619211934	0.8165162271581364	intensified	not_significant	1	1
Morus_013960-R1	20	364	1.451286486944309E-9	8.700365557986515	0.003181462413729408	relaxed	significant_relaxed	9	9
Morus_013960-R1	20	364	13.97953254170049	0.1937197432898756	0.6598385727549902	intensified	not_significant	1	1
Morus_013963-R1	20	209	1.944716487826207	1.718475094260612	0.1898894522544976	intensified	not_significant	9	9
Morus_013963-R1	20	209	0.2176021461861721	2.793997227548061	0.09461794223228603	relaxed	not_significant	1	1
Morus_013968-R1	20	260	0.9084406472634778	0.02582685350353131	0.8723238973913938	relaxed	not_significant	9	9
Morus_013968-R1	20	260	0.7569207195364921	0.3188230119244508	0.5723158316665665	relaxed	not_significant	1	1
Morus_013971-R1	20	756	0.878468711842785	0.2183795304317755	0.6402774184331095	relaxed	not_significant	9	9
Morus_013971-R1	20	756	0.6759799650602689	0.5667626345075405	0.4515482346516148	relaxed	not_significant	1	1
Morus_013975-R1	20	364	1.360702062293119	0.07566755832158378	0.7832567989277366	intensified	not_significant	9	9
Morus_013975-R1	20	364	0.8139764187093859	0.06962901315455383	0.7918777039472773	relaxed	not_significant	1	1
Morus_013976-R1	20	704	1.14966895604637	0.06903711681115965	0.7927439296694883	intensified	not_significant	9	9
Morus_013976-R1	20	704	0.2566847087255744	0.8134659420138632	0.3670975239704668	relaxed	not_significant	1	1
Morus_013978-R1	20	1114	0.1385459481457893	1.914754195940986	0.1664361098835923	relaxed	not_significant	9	9
Morus_013978-R1	20	1114	0.3867171231357774	0.3928388541589811	0.5308109415101051	relaxed	not_significant	1	1
Morus_013982-R1	20	404	0.9168904850018377	0.04274927011192631	0.8361981038646702	relaxed	not_significant	9	9
Morus_013982-R1	20	404	9.237511798815902E-14	0.9824124591959844	0.3216039338031764	relaxed	not_significant	1	1
Morus_013985-R2	20	239	0.4474974748114329	1.624970889934957	0.2024000586996108	relaxed	not_significant	9	9
Morus_013985-R2	20	239	0.4928061894650353	0.5621989216315342	0.4533756180358702	relaxed	not_significant	1	1
Morus_013989-R1	20	442	1.062337461518527	0.00452994021725317	0.94633903138162	intensified	not_significant	9	9
Morus_013989-R1	20	442	0.3039541404985995	0.1920622279494637	0.6612057570290522	relaxed	not_significant	1	1
Morus_013992-R1	20	261	3.156668328004374	1.964471945334481	0.1610358584620017	intensified	not_significant	9	9
Morus_013992-R1	20	261	0	0.07541466644215689	0.783610266744829	relaxed	not_significant	1	1
Morus_013997-R1	20	711	0.7206242356900436	0.5943967197181337	0.4407239531354243	relaxed	not_significant	9	9
Morus_013997-R1	20	711	0.8671080271202353	0.1026927989441901	0.7486217918155714	relaxed	not_significant	1	1
Morus_013998-R1	20	251	0.5699201835998254	0.8229664804875938	0.3643142619697474	relaxed	not_significant	9	9
Morus_013998-R1	20	251	0.3455514079531426	3.585000617845708	0.05830339503102622	relaxed	not_significant	1	1
Morus_014004-R1	20	119	43.21859943195271	2.719907896034556	0.09910373392928751	intensified	not_significant	9	9
Morus_014004-R1	20	119	0.2766623513350903	1.869063693943417	0.1715823543961167	relaxed	not_significant	1	1
Morus_014005-R1	20	344	2.066186926237169	0.2693364809247214	0.6037772141178205	intensified	not_significant	9	9
Morus_014005-R1	20	344	0.6219756014437106	0.3893439482908434	0.5326444520799833	relaxed	not_significant	1	1
Morus_014006-R1	20	228	5.718778385197195	0.9332065300163777	0.3340310941298669	intensified	not_significant	9	9
Morus_014006-R1	20	228	0.8557255996411768	-5.199071893002838E-7	1	relaxed	not_significant	1	1
Morus_014008-R1	20	353	0.6773137032302345	1.281729478284433	0.2575777156479879	relaxed	not_significant	9	9
Morus_014008-R1	20	353	34.0968828191915	3.571750420792341	0.05877033010673782	intensified	not_significant	1	1
Morus_014009-R1	20	584	0.7650157344156299	0.2550095564165531	0.6135695758302033	relaxed	not_significant	9	9
Morus_014009-R1	20	584	0.6331262543626637	0.2237329161544039	0.6362102257945884	relaxed	not_significant	1	1
Morus_014010-R1	20	257	49.81624994287122	5.97961822758225	0.01447213456295948	intensified	significant_intensified	9	9
Morus_014010-R1	20	257	1	0	1	intensified	not_significant	0	1
Morus_014012-R1	20	260	1.084771764884069	0.09687969362130389	0.7556067513920621	intensified	not_significant	9	9
Morus_014012-R1	20	260	1.24502560668927	0.01854535476650199	0.8916779338054041	intensified	not_significant	1	1
Morus_014014-R1	20	297	0.7741967540360815	0.371350781613728	0.5422688956097561	relaxed	not_significant	9	9
Morus_014014-R1	20	297	0.4031393349674032	0.6117185066777893	0.4341414948325272	relaxed	not_significant	1	1
Morus_014017-R1	20	270	1.047429634448188	0.009060469388259662	0.9241666943861407	intensified	not_significant	9	9
Morus_014017-R1	20	270	0.437410763959644	0.4832362446163643	0.4869600761687647	relaxed	not_significant	1	1
Morus_014019-R1	20	391	1.788691897869097	2.787296272919775	0.09501441512101028	intensified	not_significant	9	9
Morus_014019-R1	20	391	0.387165748577202	0.6613997041140465	0.4160662296605117	relaxed	not_significant	1	1
Morus_014021-R1	20	486	2.570335635903135	0.6479651751096753	0.4208411233393778	intensified	not_significant	9	9
Morus_014021-R1	20	486	0	0.3590732183083674	0.54902139737666	relaxed	not_significant	1	1
Morus_014023-R1	20	394	0.7799377283564264	0.3398756890201184	0.5599009853906418	relaxed	not_significant	9	9
Morus_014023-R1	20	394	0.4301330128945146	1.621840434122532	0.2028353562312665	relaxed	not_significant	1	1
Morus_014028-R1	20	167	1.691508662743804	0.5101901705556884	0.4750565443382663	intensified	not_significant	9	9
Morus_014028-R1	20	167	9.418810800590952	2.486418941362899	0.1148327425770587	intensified	not_significant	1	1
Morus_014029-R1	20	750	2.638616182542616	2.534252014575031	0.1113996653699797	intensified	not_significant	9	9
Morus_014029-R1	20	750	0.767998923384227	0.1760469786495378	0.6747926477425363	relaxed	not_significant	1	1
Morus_014039-R1	20	406	2.479568656110244	0.8481737774482099	0.3570694811622018	intensified	not_significant	9	9
Morus_014039-R1	20	406	1.269511077391396	0.1347208802735622	0.7135866221657949	intensified	not_significant	1	1
Morus_014045-R1	20	371	0.2381636795832021	1.066730338595335	0.3016851545200179	relaxed	not_significant	9	9
Morus_014045-R1	20	371	0	1.259735437602103	0.2617011746374589	relaxed	not_significant	1	1
Morus_014048-R1	20	249	1.717165526239513	0.3343907437579219	0.5630850258657893	intensified	not_significant	9	9
Morus_014048-R1	20	249	0	1.281652367548304	0.257592031513605	relaxed	not_significant	1	1
Morus_014050-R1	20	914	1.778394518340594	0.2222881981942919	0.6373019299482661	intensified	not_significant	9	9
Morus_014050-R1	20	914	3.685756675442391	3.247958142286734	0.07151249159966178	intensified	not_significant	1	1
Morus_014053-R1	20	396	0.6089224224512805	0.1538643846561172	0.6948694331761428	relaxed	not_significant	9	9
Morus_014053-R1	20	396	0	0.9566317325698037	0.3280369718866368	relaxed	not_significant	1	1
Morus_014057-R1	20	362	1.623912268945378	1.666688096879625	0.1967027244872899	intensified	not_significant	9	9
Morus_014057-R1	20	362	9.6473745946038	1.473751682924558	0.2247546943317363	intensified	not_significant	1	1
Morus_014062-R1	20	476	0	5.12653601418333	0.0235627075373559	relaxed	significant_relaxed	9	9
Morus_014062-R1	20	476	0.161020893721273	4.732553094953801	0.02959692055569352	relaxed	significant_relaxed	1	1
Morus_014063-R1	20	221	0.9162979348811507	0.03969503635471483	0.8420780365956865	relaxed	not_significant	9	9
Morus_014063-R1	20	221	0.916573435257408	0.02582296723448962	0.8723334213107554	relaxed	not_significant	1	1
Morus_014074-R1	20	551	0.6433059359225397	1.15478605053795	0.2825494982575445	relaxed	not_significant	9	9
Morus_014074-R1	20	551	0.1572848383054102	0.9387260951880307	0.3326056728948193	relaxed	not_significant	1	1
Morus_014076-R2	20	416	1.262612871420095	0.3241944415703983	0.5690977758497926	intensified	not_significant	9	9
Morus_014076-R2	20	416	0.4916474337787787	0.9266582714353717	0.3357327793456112	relaxed	not_significant	1	1
Morus_014080-R1	20	735	1.10102226350425	0.1024999658220622	0.7488499558591649	intensified	not_significant	9	9
Morus_014080-R1	20	735	2.890636021132647E-9	0.4544872002334159	0.5002117212786206	relaxed	not_significant	1	1
Morus_014081-R1	20	415	2.532607348657703	3.139285059301073	0.07642730243456342	intensified	not_significant	9	9
Morus_014081-R1	20	415	0.9729642641703662	0.001171877488559403	0.9726915940246508	relaxed	not_significant	1	1
Morus_014086-R1	20	301	0.8504464802054486	0.03964367404250879	0.8421788952092324	relaxed	not_significant	9	9
Morus_014086-R1	20	301	0	1.369555613529883	0.2418882501741435	relaxed	not_significant	1	1
Morus_014092-R1	20	365	1.961829028345004	0.7341386820044136	0.3915449611945028	intensified	not_significant	9	9
Morus_014092-R1	20	365	0.5976472629488015	0.9725584101588538	0.3240429466602885	relaxed	not_significant	1	1
Morus_014096-R1	20	865	0.6555562961891486	1.485221729104524	0.2229593181560323	relaxed	not_significant	9	9
Morus_014096-R1	20	865	0.187420683174971	0.7549479382487334	0.3849141915724649	relaxed	not_significant	1	1
Morus_014097-R1	20	346	1.334661849377611	0.3038443281411674	0.5814823493927115	intensified	not_significant	9	9
Morus_014097-R1	20	346	0.2086328687440314	1.507946269693093	0.2194527350990827	relaxed	not_significant	1	1
Morus_014103-R1	20	597	0.8727163433555467	0.1599684007160249	0.6891856111529311	relaxed	not_significant	9	9
Morus_014103-R1	20	597	3.50467723537358	1.113853640652451	0.2912457841652077	intensified	not_significant	1	1
Morus_014106-R1	20	842	1.133889231515526	0.1540242603714432	0.6947189173525087	intensified	not_significant	9	9
Morus_014106-R1	20	842	5.333057603603787	5.120298064493909	0.02364755453318768	intensified	significant_intensified	1	1
Morus_014110-R1	20	447	1.069116543746253	0.01059653076117684	0.9180110259067908	intensified	not_significant	9	9
Morus_014110-R1	20	447	4.402123575779008	2.618786100077159	0.1056052013039439	intensified	not_significant	1	1
Morus_014113-R4	20	214	0.1153611667699091	2.80812810890302	0.09378775362987279	relaxed	not_significant	9	9
Morus_014113-R4	20	214	0.2666841673890144	0.9261141395468258	0.33587470339847	relaxed	not_significant	1	1
Morus_014121-R1	20	347	1.448755617103401	1.593438695022996	0.2068355274970347	intensified	not_significant	9	9
Morus_014121-R1	20	347	2.138586333570142E-9	0.8394964933868323	0.3595408137161379	relaxed	not_significant	1	1
Morus_014123-R1	20	454	50	0.794467334419096	0.372752710860078	intensified	not_significant	9	9
Morus_014123-R1	20	454	0.4044997441276069	2.095195080078156	0.1477628502217635	relaxed	not_significant	1	1
Morus_014134-R1	20	301	1.976017602122538	2.021450921312862	0.1550908879733155	intensified	not_significant	9	9
Morus_014134-R1	20	301	0.2515859493921828	1.062093986449327	0.3027380807368996	relaxed	not_significant	1	1
Morus_014143-R1	20	261	5.135667850487749	21.730154299687	0.000003138194772156488	intensified	significant_intensified	9	9
Morus_014143-R1	20	261	14.02555598549389	18.80412109372583	0.00001448537932713378	intensified	significant_intensified	1	1
Morus_014148-R1	20	172	2.571035843272499	0.5713579105372446	0.4497198229841007	intensified	not_significant	9	9
Morus_014148-R1	20	172	0.543382366471991	0.2923246544332869	0.5887346739081951	relaxed	not_significant	1	1
Morus_014149-R1	20	244	0.558873910201896	0.7219444067186487	0.3955068482924838	relaxed	not_significant	9	9
Morus_014149-R1	20	244	0.6083656815315241	0.2047051134218236	0.6509495211906277	relaxed	not_significant	1	1
Morus_014153-R1	20	265	1.672125224070269	0.276173106933129	0.5992205393660346	intensified	not_significant	9	9
Morus_014153-R1	20	265	1.563758317949604	0.1624445391134941	0.6869157892609421	intensified	not_significant	1	1
Morus_014157-R1	20	374	0.449452052666436	0.813190433183081	0.3671786762471673	relaxed	not_significant	9	9
Morus_014157-R1	20	374	0.09005320357249687	3.184987018793436	0.07431758760460927	relaxed	not_significant	1	1
Morus_014158-R1	20	225	1.120136549799249	0.02650847999120742	0.8706646881438249	intensified	not_significant	9	9
Morus_014158-R1	20	225	0	1.004472254654047	0.316230767658446	relaxed	not_significant	1	1
Morus_014161-R1	20	313	1.377313558277604	0.6636292971188595	0.4152815814059542	intensified	not_significant	9	9
Morus_014161-R1	20	313	31.94831067480757	3.155003287883119	0.07569453891674616	intensified	not_significant	1	1
Morus_014163-R1	20	466	0.178287221122683	7.669714245138493	0.005615534952489898	relaxed	significant_relaxed	9	9
Morus_014163-R1	20	466	0.2954325621384593	1.032521026163522	0.3095672858451147	relaxed	not_significant	1	1
Morus_014167-R1	20	373	1.276174200723583	0.4009594060271411	0.5265941952444353	intensified	not_significant	9	9
Morus_014167-R1	20	373	1.708825815625075E-7	3.15814106516973	0.07554916601282236	relaxed	not_significant	1	1
Morus_014170-R1	20	169	0.3085824909084895	1.614244858583334	0.2038961309415978	relaxed	not_significant	9	9
Morus_014170-R1	20	169	1.293700355144268	0.2137501980801062	0.6438437826033515	intensified	not_significant	1	1
Morus_014172-R1	20	170	1.39382281063288	0.1343051095595911	0.7140094590425095	intensified	not_significant	9	9
Morus_014172-R1	20	170	2.250130064093571	0.009652827872287162	0.9217347283531399	intensified	not_significant	1	1
Morus_014173-R1	20	631	0.3085293826218554	2.812160721769033	0.09355229352939942	relaxed	not_significant	9	9
Morus_014173-R1	20	631	0.4666343887116311	0.2435489842700918	0.6216545201099706	relaxed	not_significant	1	1
Morus_014180-R1	20	136	0.376718210805095	0.6289811340316191	0.4277292870960115	relaxed	not_significant	9	9
Morus_014180-R1	20	136	1.624991714632229E-8	0.8699637995864578	0.3509653306909026	relaxed	not_significant	1	1
Morus_014183-R1	20	348	1.253720007786046	0.1192484299444914	0.7298510615844001	intensified	not_significant	9	9
Morus_014183-R1	20	348	1.772744518444155	1.061544548495476	0.302863173534231	intensified	not_significant	1	1
Morus_014186-R1	20	305	2.386806704122409	2.935873141130287	0.08663181017466048	intensified	not_significant	9	9
Morus_014186-R1	20	305	0.3331439498140412	0.4398557670965602	0.5071920786901813	relaxed	not_significant	1	1
Morus_014190-R1	20	142	0.6684973970269886	0.6080952195575264	0.4355058963581944	relaxed	not_significant	9	9
Morus_014190-R1	20	142	1	-2.847627911251038E-9	1	intensified	not_significant	0	1
Morus_014192-R1	20	258	0.498635035315373	0.3879990914119844	0.5333530437454234	relaxed	not_significant	9	9
Morus_014192-R1	20	258	3.947472853906437	1.150582163136278	0.2834273157161404	intensified	not_significant	1	1
Morus_014200-R1	20	243	2.945134006034712	0.1307143721242028	0.7176925003810999	intensified	not_significant	9	9
Morus_014200-R1	20	243	0.3666600712247483	0.4272225706940844	0.5133549469887332	relaxed	not_significant	1	1
Morus_014218-R1	20	237	0.7602796418668328	0.3247913162504119	0.5687423672266434	relaxed	not_significant	9	9
Morus_014218-R1	20	237	0.7362241875922512	0.03217634656357404	0.857641168005811	relaxed	not_significant	1	1
Morus_014226-R1	20	986	1.545814547102057	0.5340832995170786	0.4648951965011274	intensified	not_significant	9	9
Morus_014226-R1	20	986	0.1963852063016671	1.026298123260858	0.311029720774201	relaxed	not_significant	1	1
Morus_014230-R1	20	272	1.409251947133707	0.1201699773164364	0.728850208552918	intensified	not_significant	9	9
Morus_014230-R1	20	272	0.7840968741330909	0.0738062705286211	0.7858733905798798	relaxed	not_significant	1	1
Morus_014233-R1	20	646	1.138487375470319	0.611404723389569	0.4342593967462034	intensified	not_significant	9	9
Morus_014233-R1	20	646	0.7999452880902654	0.1640283865017409	0.6854744378039732	relaxed	not_significant	1	1
Morus_014240-R1	20	141	1.198705464922466	0.04638296520852236	0.82948115936977	intensified	not_significant	9	9
Morus_014240-R1	20	141	0	4.695224848340331	0.03024654121304537	relaxed	significant_relaxed	1	1
Morus_014243-R1	20	421	0.4746273298447607	3.184817897816174	0.07432527831922509	relaxed	not_significant	9	9
Morus_014243-R1	20	421	37.92895153890995	0.6982373303853819	0.4033766114098873	intensified	not_significant	1	1
Morus_014263-R1	20	586	1.00577869902114	0.001156918637207127	0.9728663801564444	intensified	not_significant	9	9
Morus_014263-R1	20	586	0.7639377958550427	0.1733376675383624	0.6771623935067913	relaxed	not_significant	1	1
Morus_014266-R1	20	152	1.907851529014073	1.351405518248612	0.245032552516939	intensified	not_significant	9	9
Morus_014266-R1	20	152	0	0.3432884131734681	0.5579372098480524	relaxed	not_significant	1	1
Morus_014268-R1	20	277	4.769807116454345	5.902100936383249	0.0151228354346693	intensified	significant_intensified	9	9
Morus_014268-R1	20	277	19.83816760952294	0.9694871217661785	0.3248081226076751	intensified	not_significant	1	1
Morus_014275-R1	20	97	0.8544658299509451	-0.00006058496001060121	1	relaxed	not_significant	9	9
Morus_014275-R1	20	97	1	-2.063598003587686E-8	1	intensified	not_significant	0	1
Morus_014278-R1	20	171	2.010447292638517	0.5653963363915864	0.4520941110857799	intensified	not_significant	9	9
Morus_014278-R1	20	171	3.221537767655645	0.09167790150831934	0.7620547911456723	intensified	not_significant	1	1
Morus_014282-R1	20	517	0.8873621460124663	0.07203319873860892	0.7883991265882494	relaxed	not_significant	9	9
Morus_014282-R1	20	517	0.3825074219589444	2.662460505008312	0.1027416916645153	relaxed	not_significant	1	1
Morus_014283-R1	20	715	0.5963964241020829	1.354533317091409	0.2444871570844991	relaxed	not_significant	9	9
Morus_014283-R1	20	715	0.9623701284788794	0.009779395524674328	0.9212249527674581	relaxed	not_significant	1	1
Morus_014284-R1	20	423	0.2927792085812533	2.498423753837415	0.1139603061588973	relaxed	not_significant	9	9
Morus_014284-R1	20	423	1.332945928464054	0.2344505299124648	0.6282432848216337	intensified	not_significant	1	1
Morus_014295-R1	20	348	1.203476851582821	0.2984874929834405	0.5848321841272682	intensified	not_significant	9	9
Morus_014295-R1	20	348	0.3055051848331911	1.251679095144027	0.2632320214439982	relaxed	not_significant	1	1
Morus_014298-R1	20	353	1.411639000709574	0.3893276884091392	0.5326530090905578	intensified	not_significant	9	9
Morus_014298-R1	20	353	2.844222108098149	1.868060923940902	0.1716973296747473	intensified	not_significant	1	1
Morus_014301-R1	20	340	0.6227797394789366	1.029892283617301	0.3101839685471586	relaxed	not_significant	9	9
Morus_014301-R1	20	340	0.6411259814521946	1.118949540216818	0.2901447576245419	relaxed	not_significant	1	1
Morus_014302-R1	20	396	1.715168410727385	0.8538085670406872	0.3554771406914909	intensified	not_significant	9	9
Morus_014302-R1	20	396	0.4372503606539923	0.3197637836774447	0.5717496369243178	relaxed	not_significant	1	1
Morus_014303-R1	20	1499	1.046719567484583	0.01168960391078144	0.9139017157981104	intensified	not_significant	9	9
Morus_014303-R1	20	1499	0.9894482077663179	0.0002061457998934202	0.9885445438910315	relaxed	not_significant	1	1
Morus_014304-R1	20	288	1.252883378775546	0.2454599262118791	0.620290183029865	intensified	not_significant	9	9
Morus_014304-R1	20	288	0.3600724534398406	0.1764767123295314	0.6744187476098031	relaxed	not_significant	1	1
Morus_014311-R1	20	366	0.4892597153716208	3.545584036350192	0.05970414521461043	relaxed	not_significant	9	9
Morus_014311-R1	20	366	0.1403638668965539	0.0254859885044425	0.8731620549273486	relaxed	not_significant	1	1
Morus_014319-R1	20	528	0.3061422980777256	2.88366988195412	0.08948187379812844	relaxed	not_significant	9	9
Morus_014319-R1	20	528	0.8353390567733399	0.09690529765975953	0.7555754881848975	relaxed	not_significant	1	1
Morus_014328-R1	20	483	1.404748048041492	0.693797116306996	0.4048758358730706	intensified	not_significant	9	9
Morus_014328-R1	20	483	0.9764318756957718	0.001600006908120122	0.9680930574535789	relaxed	not_significant	1	1
Morus_014331-R1	20	358	1.292600301298231	0.7801021307968767	0.3771099064327317	intensified	not_significant	9	9
Morus_014331-R1	20	358	50	1.252005859061683	0.2631697146822549	intensified	not_significant	1	1
Morus_014332-R3	20	433	1.220592356947112	0.454583238860323	0.5001664449534902	intensified	not_significant	9	9
Morus_014332-R3	20	433	0	3.36621592629308	0.06654644205646942	relaxed	not_significant	1	1
Morus_014339-R1	20	240	0.5052114777752176	2.035971924899968	0.1536159625466315	relaxed	not_significant	9	9
Morus_014339-R1	20	240	0.716793794867241	0.5819805693263334	0.4455370465144219	relaxed	not_significant	1	1
Morus_014342-R1	20	212	2.643833856823103	2.773190094709207	0.09585495398793542	intensified	not_significant	9	9
Morus_014342-R1	20	212	0	1.129108025742426	0.2879656786375433	relaxed	not_significant	1	1
Morus_014345-R1	20	284	3.200420311148808	0.5212543898978765	0.4703070850020651	intensified	not_significant	9	9
Morus_014345-R1	20	284	0.1428377313724221	2.451458785717477	0.1174157028252009	relaxed	not_significant	1	1
Morus_014352-R1	20	295	0.08782360827201954	1.659013040060017	0.1977366339652094	relaxed	not_significant	9	9
Morus_014352-R1	20	295	0	0.9347103939153385	0.3336419160390078	relaxed	not_significant	1	1
Morus_014354-R2	20	266	2.205396279828526	0.9455009704242912	0.3308671366771183	intensified	not_significant	9	9
Morus_014354-R2	20	266	0.7331884889111864	0.313007451914018	0.5758405297654002	relaxed	not_significant	1	1
Morus_014356-R1	20	482	0.9418256230732194	0.02690046003590396	0.869720439831646	relaxed	not_significant	9	9
Morus_014356-R1	20	482	0.4524869970763181	1.91582308393572	0.1663178532478448	relaxed	not_significant	1	1
Morus_014360-R1	20	306	0.3875559354478602	3.469234830807181	0.06252022472518204	relaxed	not_significant	9	9
Morus_014360-R1	20	306	1	-0.000009040021268447163	1	intensified	not_significant	0	1
Morus_014364-R1	20	312	1.390996622038544	0.3123696050929539	0.5762297282186923	intensified	not_significant	9	9
Morus_014364-R1	20	312	17.40444389358327	1.191521043509056	0.2750229584452798	intensified	not_significant	1	1
Morus_014367-R1	20	426	1.176093143257476	0.2922563903684932	0.5887781975035853	intensified	not_significant	9	9
Morus_014367-R1	20	426	1.043907782340662	0.004970328571289429	0.9437952570458593	intensified	not_significant	1	1
Morus_014370-R1	20	364	0.6270553893673557	1.193251992772275	0.2746745709985969	relaxed	not_significant	9	9
Morus_014370-R1	20	364	0.6634303170973093	0.5989688811450833	0.4389717153304269	relaxed	not_significant	1	1
Morus_014376-R1	20	148	0.6834167950306972	0.005801418070859654	0.9392862043028035	relaxed	not_significant	9	9
Morus_014376-R1	20	148	0.939924377553355	0.006546968159909738	0.9355108730851558	relaxed	not_significant	1	1
Morus_014377-R1	20	480	0.290155817206587	0.77929102293092	0.377358057947175	relaxed	not_significant	9	9
Morus_014377-R1	20	480	0.03567164409238859	3.822087597573045	0.05058118066563866	relaxed	not_significant	1	1
Morus_014379-R4	20	361	1.496082787411838	1.02003386782053	0.3125109757964087	intensified	not_significant	9	9
Morus_014379-R4	20	361	0.2374017022299199	1.932034779331843	0.1645360017048937	relaxed	not_significant	1	1
Morus_014380-R1	20	309	1.230496587861335	0.3937647709462908	0.5303270870537133	intensified	not_significant	9	9
Morus_014380-R1	20	309	0.8544691500960458	-0.0002334510718355887	1	relaxed	not_significant	1	1
Morus_014384-R1	20	427	0.7580161612743543	0.4244688031531041	0.5147155792460187	relaxed	not_significant	9	9
Morus_014384-R1	20	427	0.958530445694147	0.004043409305268142	0.9492984400372713	relaxed	not_significant	1	1
Morus_014397-R1	20	499	0.9430389168254976	0.009393328798978473	0.9227905715620917	relaxed	not_significant	9	9
Morus_014397-R1	20	499	0.418296071246766	2.868359223655716	0.0903369246572796	relaxed	not_significant	1	1
Morus_014400-R1	20	326	0.5636183452872515	1.167150034401857	0.2799876064924935	relaxed	not_significant	9	9
Morus_014400-R1	20	326	38.23450478866803	5.130150503407094	0.02351368870562642	intensified	significant_intensified	1	1
Morus_014405-R1	20	206	0.726389476310235	0.04123460315258853	0.8390857501674508	relaxed	not_significant	9	9
Morus_014405-R1	20	206	1	-0.0000144287955663458	1	intensified	not_significant	0	1
Morus_014419-R1	20	128	0.5228329473422059	0.5063462963767051	0.4767248084498628	relaxed	not_significant	9	9
Morus_014419-R1	20	128	0	0.7616718835356551	0.3828058169666753	relaxed	not_significant	1	1
Morus_014426-R1	20	751	0.5672924523566975	2.286728976030645	0.1304846614683817	relaxed	not_significant	9	9
Morus_014426-R1	20	751	0.2550324403396375	1.889653682896096	0.1692409880301644	relaxed	not_significant	1	1
Morus_014427-R1	20	403	0.6203530482128231	1.466328609685661	0.2259258509749419	relaxed	not_significant	9	9
Morus_014427-R1	20	403	0.04717546916479284	2.26757765279217	0.1321062446580067	relaxed	not_significant	1	1
Morus_014430-R1	20	304	0.6967752253504399	0.2361072898884231	0.6270318814300304	relaxed	not_significant	9	9
Morus_014430-R1	20	304	0.3673647983382586	3.522506222779157	0.06054083580190794	relaxed	not_significant	1	1
Morus_014432-R1	20	1258	0.6676241227534651	1.719723899681412	0.1897285890765708	relaxed	not_significant	9	9
Morus_014432-R1	20	1258	0.1580171406867726	0.5585714488406666	0.4548364008487211	relaxed	not_significant	1	1
Morus_014434-R1	20	217	17.12497902115134	3.340232677938729	0.06760504840215853	intensified	not_significant	9	9
Morus_014434-R1	20	217	0.8636156018557001	0.0800952892946043	0.7771683192639858	relaxed	not_significant	1	1
Morus_014440-R1	20	87	1.006454056029041	-0.0003649417108135822	1	intensified	not_significant	9	9
Morus_014440-R1	20	87	0.8532115086275588	-3.671289050544146E-8	1	relaxed	not_significant	1	1
Morus_014441-R1	20	477	1.649606509756791	0.1778720493757646	0.6732083815114509	intensified	not_significant	9	9
Morus_014441-R1	20	477	0.1984018086129697	0.9791414335750233	0.3224108643891057	relaxed	not_significant	1	1
Morus_014445-R1	20	457	0.8684888446138017	0.1781868638172455	0.6729360736234549	relaxed	not_significant	9	9
Morus_014445-R1	20	457	0.5448275643123794	0.6390290069048206	0.4240626267105586	relaxed	not_significant	1	1
Morus_014447-R1	20	403	1.463442203270288	1.632405261117128	0.2013706897448477	intensified	not_significant	9	9
Morus_014447-R1	20	403	0.9365938342520238	0.01921570715785492	0.8897498602425329	relaxed	not_significant	1	1
Morus_014449-R1	20	525	0.5460712775047896	1.197083190074409	0.2739054349762278	relaxed	not_significant	9	9
Morus_014449-R1	20	525	0.4996157516094396	0.9874051996757771	0.320377394418231	relaxed	not_significant	1	1
Morus_014455-R1	20	155	3.065520022257547	3.319231367091106	0.06847383565338194	intensified	not_significant	9	9
Morus_014460-R1	20	359	1.949185616078481	0.3834389976309467	0.5357684653771372	intensified	not_significant	9	9
Morus_014460-R1	20	359	1.663829610383021	0.3282732436900915	0.5666776381571275	intensified	not_significant	1	1
Morus_014462-R1	20	249	3.030656798225655	1.767220544364591	0.1837264330058995	intensified	not_significant	9	9
Morus_014462-R1	20	249	0.6607110082291026	0.6420755968129015	0.422960191484186	relaxed	not_significant	1	1
Morus_014463-R1	20	391	0.5249836646210511	0.462230148144954	0.4965835508238328	relaxed	not_significant	9	9
Morus_014463-R1	20	391	0.1413972587395652	1.437318374825736	0.2305737791303655	relaxed	not_significant	1	1
Morus_014465-R1	20	182	0.8650489486041923	0.5300820317288526	0.4665723737316214	relaxed	not_significant	9	9
Morus_014465-R1	20	182	4.296561696934834	0.7624146881826164	0.3825739070700923	intensified	not_significant	1	1
Morus_014468-R1	20	316	2.71190326159865	1.287374930158876	0.256532281793625	intensified	not_significant	9	9
Morus_014468-R1	20	316	50	2.012619224422451	0.1559957968702316	intensified	not_significant	1	1
Morus_014469-R1	20	305	0.66910852790658	2.079029342833564	0.1493351130717415	relaxed	not_significant	9	9
Morus_014469-R1	20	305	34.11993226269603	0.715059340443986	0.3977693327088786	intensified	not_significant	1	1
Morus_014470-R1	20	192	1.56758674593345	0.315076380555638	0.5745816937361002	intensified	not_significant	9	9
Morus_014470-R1	20	192	4.562708995080698	1.17628969000225	0.2781126373948208	intensified	not_significant	1	1
Morus_014472-R1	20	169	0	2.118752617972405	0.1455050088649786	relaxed	not_significant	9	9
Morus_014472-R1	20	169	2.167144380369749	0.445090523025101	0.5046756547639223	intensified	not_significant	1	1
Morus_014473-R1	20	450	0.830359539180453	0.1731866195177645	0.677295148198319	relaxed	not_significant	9	9
Morus_014473-R1	20	450	24.60678092794805	3.062676396330062	0.08010961765702052	intensified	not_significant	1	1
Morus_014481-R1	20	93	0.7039026812934474	0.217378715439736	0.6410445052888968	relaxed	not_significant	9	9
Morus_014481-R1	20	93	0.1437635454029388	0.4522123592391836	0.501286208417995	relaxed	not_significant	1	1
Morus_014489-R1	20	181	1.947279039253533	0.896560718429555	0.3437055859908954	intensified	not_significant	9	9
Morus_014489-R1	20	181	4.08903137889518	6.31780112154911	0.01195317643336569	intensified	significant_intensified	1	1
Morus_014491-R1	20	268	1.287145059939068	0.1396445067221066	0.7086346767505902	intensified	not_significant	9	9
Morus_014491-R1	20	268	5.193260579207394E-8	1.372980183852633	0.2413005062149308	relaxed	not_significant	1	1
Morus_014510-R1	20	326	1.312455145815511	0.08594582174646348	0.7693958990403189	intensified	not_significant	9	9
Morus_014510-R1	20	326	49.00843587428683	1.314184481862867	0.25163842751386	intensified	not_significant	1	1
Morus_014519-R1	20	342	0.937457698338043	0.007244921927849646	0.9321682901367759	relaxed	not_significant	9	9
Morus_014519-R1	20	342	3.053864663300291E-15	3.806451373287928	0.0510555101151885	relaxed	not_significant	1	1
Morus_014520-R1	20	226	1.007811864607956	0.0003010478349096957	0.9861568149181275	intensified	not_significant	9	9
Morus_014520-R1	20	226	17.41241619033802	1.091961340475791	0.2960370475550606	intensified	not_significant	1	1
Morus_014534-R1	20	646	1.493013063149705	1.619911064195549	0.2031041889155001	intensified	not_significant	9	9
Morus_014534-R1	20	646	0.118495240655141	1.338588987198818	0.2472829565584723	relaxed	not_significant	1	1
Morus_014542-R1	20	294	0.1916286765496126	5.08597140746042	0.02412016078775703	relaxed	significant_relaxed	9	9
Morus_014542-R1	20	294	0.8371778047342568	0.006823865764999937	0.9341642790524373	relaxed	not_significant	1	1
Morus_014543-R1	20	264	2.012994947753014	2.530510423363012	0.1116640903065813	intensified	not_significant	9	9
Morus_014543-R1	20	264	0.1701208132775341	0.6849094522212908	0.4079012808537821	relaxed	not_significant	1	1
Morus_014545-R1	20	639	0.6322476337799305	0.9367265869987023	0.3331211040023941	relaxed	not_significant	9	9
Morus_014545-R1	20	639	0.8190553948800841	0.1854176789474877	0.6667581274403722	relaxed	not_significant	1	1
Morus_014553-R1	20	762	1.19640936035582	0.1977987467198545	0.6565035319446539	intensified	not_significant	9	9
Morus_014553-R1	20	762	0.4867566945274925	1.014093500087256	0.3139241564595315	relaxed	not_significant	1	1
Morus_014556-R1	20	520	0.9290287424184545	0.03165671453734831	0.8587831814761289	relaxed	not_significant	9	9
Morus_014556-R1	20	520	0.972021335557206	0.002531071253542905	0.9598755517940456	relaxed	not_significant	1	1
Morus_014561-R1	20	226	2.359122044816171	2.453125981321591	0.117291078734757	intensified	not_significant	9	9
Morus_014561-R1	20	226	0	1.505053005753325	0.2198955084789378	relaxed	not_significant	1	1
Morus_014564-R1	20	795	1.634903858814202	2.40864290549689	0.1206669333060504	intensified	not_significant	9	9
Morus_014564-R1	20	795	11.71300380508505	2.34763123033008	0.1254735402200686	intensified	not_significant	1	1
Morus_014568-R1	20	213	1.515350206828187	0.349781325820004	0.5542369423542128	intensified	not_significant	9	9
Morus_014568-R1	20	213	0.8596395545745996	0.03266108013167468	0.8565844022264439	relaxed	not_significant	1	1
Morus_014569-R1	20	296	1.766646432830987	0.3840328878486616	0.5354527666440079	intensified	not_significant	9	9
Morus_014569-R1	20	296	50	1.74567117789411	0.1864218524177517	intensified	not_significant	1	1
Morus_014585-R1	20	552	1.119701339805178	0.09247436197802017	0.7610547732745754	intensified	not_significant	9	9
Morus_014585-R1	20	552	40.96599696898609	1.261809060370069	0.2613089378080572	intensified	not_significant	1	1
Morus_014586-R1	20	456	0.6764736284623228	0.4749836417822735	0.4907033503365922	relaxed	not_significant	9	9
Morus_014586-R1	20	456	0.3329066714747172	3.307476033564853	0.06896533922801873	relaxed	not_significant	1	1
Morus_014587-R1	20	197	0.1073896892387972	4.880650456570038	0.02715938258595152	relaxed	significant_relaxed	9	9
Morus_014587-R1	20	197	0.132196299214752	2.582206599182427	0.1080709141836323	relaxed	not_significant	1	1
Morus_014588-R1	20	623	0.6104187789892515	0.7452391630031343	0.3879877387925144	relaxed	not_significant	9	9
Morus_014588-R1	20	623	0.01953618873885211	7.651170147233643	0.005673550849491726	relaxed	significant_relaxed	1	1
Morus_014589-R1	20	406	0.7399352897654022	0.6833202970356069	0.4084457312510923	relaxed	not_significant	9	9
Morus_014589-R1	20	406	9.265925425524543	0.02684560447232798	0.869852155385727	intensified	not_significant	1	1
Morus_014590-R1	20	498	1.350891117270672	0.6717298285411744	0.4124491595027143	intensified	not_significant	9	9
Morus_014590-R1	20	498	0.8916228633277675	0.02954413401130296	0.8635286693791263	relaxed	not_significant	1	1
Morus_014594-R1	20	320	3.460994698973679	12.1369742000179	0.0004943191241324474	intensified	significant_intensified	9	9
Morus_014594-R1	20	320	16.69659509270636	3.394345507645085	0.06542032131761399	intensified	not_significant	1	1
Morus_014606-R1	20	298	0.6590919191470355	0.1940278983693133	0.6595851645423427	relaxed	not_significant	9	9
Morus_014606-R1	20	298	19.40887128416065	1.344563026862943	0.2462308695229155	intensified	not_significant	1	1
Morus_014607-R1	20	212	0.7697480485205812	0.4068899486896953	0.5235522804136632	relaxed	not_significant	9	9
Morus_014607-R1	20	212	0.9999971034676483	-6.960212886042427E-7	1	relaxed	not_significant	1	1
Morus_014609-R1	20	574	1.161500023552211	0.06142896413985	0.804251494847641	intensified	not_significant	9	9
Morus_014609-R1	20	574	0.2008539486328555	7.268553685838015	0.007017228714317425	relaxed	significant_relaxed	1	1
Morus_014616-R1	20	198	4.257404098660288E-9	1.872730649105051	0.1711626623629602	relaxed	not_significant	9	9
Morus_014616-R1	20	198	1.011362364296546	0.00007048586212476948	0.9933013703480336	intensified	not_significant	1	1
Morus_014617-R1	20	403	0.3247233667680081	2.312374480537983	0.1283478526907436	relaxed	not_significant	9	9
Morus_014617-R1	20	403	0.2165687679208641	2.956053537242951	0.08555652909962541	relaxed	not_significant	1	1
Morus_014618-R1	20	248	3.933315383028819	3.622106513765175	0.0570166369419991	intensified	not_significant	9	9
Morus_014618-R1	20	248	0	4.699522780794723	0.03017099365041076	relaxed	significant_relaxed	1	1
Morus_014621-R2	20	305	0.8255953006008779	0.1710888289167087	0.6791459384678202	relaxed	not_significant	9	9
Morus_014621-R2	20	305	0.8624450781210876	0.04120951425193198	0.8391340422136889	relaxed	not_significant	1	1
Morus_014628-R1	20	231	12.60207982381254	2.071924735108951	0.1500320728212606	intensified	not_significant	9	9
Morus_014628-R1	20	231	0.793356916622689	0.07948656899634443	0.7779944057963791	relaxed	not_significant	1	1
Morus_014630-R1	20	342	1.151577313267459	0.07112286104074883	0.7897088574318928	intensified	not_significant	9	9
Morus_014630-R1	20	342	6.877577894511633	2.581253500286948	0.1081359986081524	intensified	not_significant	1	1
Morus_014633-R1	20	753	0.1945136194419158	6.53606625527209	0.01057088437238662	relaxed	significant_relaxed	9	9
Morus_014633-R1	20	753	0.5382790097173163	0.9650506063244393	0.3259176531271027	relaxed	not_significant	1	1
Morus_014636-R1	20	264	0.9676463880936786	0.0002003982835958595	0.9887053557843247	relaxed	not_significant	9	9
Morus_014636-R1	20	264	0.2427789538279284	0.4967668466988471	0.4809241969972857	relaxed	not_significant	1	1
Morus_014638-R1	20	310	1.206021987753732	0.3108917732961345	0.5771334725711825	intensified	not_significant	9	9
Morus_014638-R1	20	310	0.2238898976138731	3.387361928494101	0.06569798525458626	relaxed	not_significant	1	1
Morus_014641-R1	20	547	1.556833526827154	0.4700998066873581	0.4929412564309485	intensified	not_significant	9	9
Morus_014641-R1	20	547	1	-0.00003653230123745743	1	intensified	not_significant	0	1
Morus_014645-R1	20	425	0.1342645508280263	5.358634480916407	0.02061991323700541	relaxed	significant_relaxed	9	9
Morus_014645-R1	20	425	26.18401546888375	2.961793001665683	0.08525335446768179	intensified	not_significant	1	1
Morus_014655-R1	20	795	1.263052043236088	0.0637778312775481	0.8006215891662803	intensified	not_significant	9	9
Morus_014655-R1	20	795	0.7806461327538744	0.1815344544720574	0.6700578575621009	relaxed	not_significant	1	1
Morus_014657-R1	20	379	0.4905395009530831	2.138024021459387	0.1436868631072722	relaxed	not_significant	9	9
Morus_014657-R1	20	379	1.436001543900315	0.3188651913260401	0.5722904228072017	intensified	not_significant	1	1
Morus_014659-R1	20	481	4.031477119079035	3.44944326129098	0.06327307922214276	intensified	not_significant	9	9
Morus_014659-R1	20	481	1.681059249981763	0.04971859961278824	0.823553656659988	intensified	not_significant	1	1
Morus_014661-R1	20	423	0.5043802587797193	2.817459667115145	0.09324387039517579	relaxed	not_significant	9	9
Morus_014661-R1	20	423	0.3740948336778219	2.716353711583906	0.09932467699202863	relaxed	not_significant	1	1
Morus_014668-R2	20	437	1.131723146533755	0.03249701069125877	0.8569411772858415	intensified	not_significant	9	9
Morus_014668-R2	20	437	0.3125592358921879	2.986809121814076	0.08394543205379423	relaxed	not_significant	1	1
Morus_014671-R1	20	267	0.6364318029529562	0.5881872066897813	0.4431209720616919	relaxed	not_significant	9	9
Morus_014671-R1	20	267	0.8496659212856913	0.1085124429928328	0.7418440954929078	relaxed	not_significant	1	1
Morus_014673-R1	20	341	1.422876564123046	0.8404213195744887	0.3592763010728943	intensified	not_significant	9	9
Morus_014673-R1	20	341	32.48002590656213	0.1559297157864421	0.6929319167305473	intensified	not_significant	1	1
Morus_014674-R2	20	233	1.229497457520256	0.06458831306599677	0.7993856185142657	intensified	not_significant	9	9
Morus_014674-R2	20	233	20.0368868982288	0.3538415895945946	0.5519465138311114	intensified	not_significant	1	1
Morus_014679-R1	20	1712	34.99453106439294	3.572723043733276	0.05873592023007146	intensified	not_significant	9	9
Morus_014679-R1	20	1712	1.36747091969494	1.977335204672272	0.159671419175908	intensified	not_significant	1	1
Morus_014686-R1	20	290	0.7772379037073157	0.2075021216014648	0.6487322998938247	relaxed	not_significant	9	9
Morus_014686-R1	20	290	14.51848409518547	2.003436259463797	0.1569430618896452	intensified	not_significant	1	1
Morus_014694-R1	20	1452	1.45781110203115	3.30648454297625	0.06900696681353902	intensified	not_significant	9	9
Morus_014694-R1	20	1452	0.2993210552513162	0.5427713977769599	0.461286433473195	relaxed	not_significant	1	1
Morus_014696-R1	20	315	0.7416838433678086	0.2461995216444848	0.619763916210855	relaxed	not_significant	9	9
Morus_014696-R1	20	315	4.153144971966754	1.814691304002736	0.1779464870787167	intensified	not_significant	1	1
Morus_014698-R1	20	211	0.5589735316835811	0.5716041113564643	0.4496221885223721	relaxed	not_significant	9	9
Morus_014698-R1	20	211	0.3139562891073622	2.32771923410337	0.1270879633286746	relaxed	not_significant	1	1
Morus_014700-R1	20	436	1.018980361022089	0.002543669754231814	0.9597758997208174	intensified	not_significant	9	9
Morus_014700-R1	20	436	0.4138244844401173	0.06790270378496643	0.7944152790333597	relaxed	not_significant	1	1
Morus_014703-R1	20	529	3.481963680786884	3.199469323284575	0.07366216855493224	intensified	not_significant	9	9
Morus_014703-R1	20	529	3.725630666372937	1.505795113012937	0.2197818377492925	intensified	not_significant	1	1
Morus_014705-R1	20	317	1.640014690789874	0.807849193473885	0.368756902316034	intensified	not_significant	9	9
Morus_014705-R1	20	317	0.2929696161810764	1.419476055753876	0.2334896610292879	relaxed	not_significant	1	1
Morus_014714-R1	20	491	1.634587029304571	0.2953295476581843	0.5868252991402356	intensified	not_significant	9	9
Morus_014714-R1	20	491	0.3612508219757613	0.3553165915582213	0.5511188565645799	relaxed	not_significant	1	1
Morus_014718-R1	20	295	2.153269897271012	0.711917150744739	0.3988080981297996	intensified	not_significant	9	9
Morus_014718-R1	20	295	0.8048864776389896	0.01454274839670688	0.9040131615215887	relaxed	not_significant	1	1
Morus_014719-R2	20	461	0.7574604470134321	0.1778799064222767	0.6732015818786266	relaxed	not_significant	9	9
Morus_014719-R2	20	461	0.7712834313371622	0.08478413220836956	0.7709158380924247	relaxed	not_significant	1	1
Morus_014720-R1	20	207	0	4.507762784560327	0.03374134618315816	relaxed	significant_relaxed	9	9
Morus_014720-R1	20	207	18.25109725582011	0.4306222047589472	0.5116837997480547	intensified	not_significant	1	1
Morus_014723-R1	20	449	0.8995537140449648	0.06305951819740585	0.8017240061270523	relaxed	not_significant	9	9
Morus_014723-R1	20	449	1.469545684500901	0.09042512036194239	0.7636373972778356	intensified	not_significant	1	1
Morus_014732-R1	20	452	1.123075106861644	0.122899111443985	0.7259111947982426	intensified	not_significant	9	9
Morus_014732-R1	20	452	1.375106192921533	0.8724613866015716	0.3502747929572315	intensified	not_significant	1	1
Morus_014734-R1	20	486	0.6034283636474866	1.204272541661339	0.2724694041577818	relaxed	not_significant	9	9
Morus_014734-R1	20	486	1.071530366329171E-9	0.5080770798276717	0.4759724604343528	relaxed	not_significant	1	1
Morus_014736-R1	20	414	1.112591882824861	0.056694023423006	0.8117996040626497	intensified	not_significant	9	9
Morus_014736-R1	20	414	0.3446718691725522	0.09673395801200968	0.7557847847791308	relaxed	not_significant	1	1
Morus_014739-R2	20	276	0.3199937435162267	2.502079087806578	0.1136961122948194	relaxed	not_significant	9	9
Morus_014739-R2	20	276	0.8544690275218498	-0.0001517843547844677	1	relaxed	not_significant	1	1
Morus_014742-R1	20	128	0.17022252928307	3.71977929853665	0.05377147797331827	relaxed	not_significant	9	9
Morus_014742-R1	20	128	0	1.120043801035536	0.2899090227012465	relaxed	not_significant	1	1
Morus_014753-R1	20	754	1.237475301858132	0.1971525664375804	0.6570290962438914	intensified	not_significant	9	9
Morus_014753-R1	20	754	15.14272153427218	3.110437994146196	0.0777920382353422	intensified	not_significant	1	1
Morus_014761-R1	20	405	0.5549455094197426	2.787290225933248	0.09501477371639544	relaxed	not_significant	9	9
Morus_014761-R1	20	405	21.45252955340171	0.6271700083543692	0.4283952775437815	intensified	not_significant	1	1
Morus_014765-R1	20	141	1.211771303383096E-10	3.886495036256292	0.04867590686606016	relaxed	significant_relaxed	9	9
Morus_014765-R1	20	141	0	0.09661637306089688	0.7559285360267087	relaxed	not_significant	1	1
Morus_014766-R1	20	245	9.11910545481574	2.434067822867291	0.1187244533355465	intensified	not_significant	9	9
Morus_014766-R1	20	245	8.330428374387154E-8	1.663048922533108	0.1971921668453626	relaxed	not_significant	1	1
Morus_014767-R1	20	640	1.703507051088683	0.2407999168462993	0.623628968777994	intensified	not_significant	9	9
Morus_014767-R1	20	640	5.874667811792967	4.172541303249091	0.04108413269298561	intensified	significant_intensified	1	1
Morus_014768-R1	20	432	1.542792145034448	1.091687653000918	0.2960975819068278	intensified	not_significant	9	9
Morus_014768-R1	20	432	0.4195953464422311	1.0849336368492	0.2975964836911283	relaxed	not_significant	1	1
Morus_014771-R1	20	527	1.184087457411106	0.3127157251601602	0.5760184696014724	intensified	not_significant	9	9
Morus_014771-R1	20	527	1.568775076065954E-8	0.7502622416950544	0.3863932162522984	relaxed	not_significant	1	1
Morus_014772-R1	20	743	3.97393546750039	0.9395795317050215	0.3323859988560717	intensified	not_significant	9	9
Morus_014772-R1	20	743	0.8342346790503115	0.1851513958517899	0.6669830847347441	relaxed	not_significant	1	1
Morus_014775-R1	20	368	1.168031457629465	0.049583204218834	0.8237901227841482	intensified	not_significant	9	9
Morus_014775-R1	20	368	0	0.2603205607283599	0.6099000108443361	relaxed	not_significant	1	1
Morus_014781-R1	20	703	1.163190152495955	0.1741544203305239	0.6764457303226499	intensified	not_significant	9	9
Morus_014781-R1	20	703	3.171313047339931	3.091762457923323	0.07868953517108568	intensified	not_significant	1	1
Morus_014789-R1	20	493	1.291860263477189	0.3988802854983078	0.5276680913002113	intensified	not_significant	9	9
Morus_014789-R1	20	493	0.8101544652649181	0.198078331497527	0.6562764531235596	relaxed	not_significant	1	1
Morus_014797-R1	20	341	1.022464395448397	0.0004728431085823104	0.9826514025910341	intensified	not_significant	9	9
Morus_014797-R1	20	341	29.44471802829141	1.05263480261965	0.3049010476996618	intensified	not_significant	1	1
Morus_014803-R1	20	199	0	3.693574894536141	0.05462242540373152	relaxed	not_significant	9	9
Morus_014803-R1	20	199	11.52162213869033	1.099244959616044	0.2944318638776615	intensified	not_significant	1	1
Morus_014805-R1	20	190	1.26024173941821	0.1707622865233134	0.6794352263065941	intensified	not_significant	9	9
Morus_014805-R1	20	190	0.6282707667547289	0.458685532281379	0.4982389329625722	relaxed	not_significant	1	1
Morus_014806-R1	20	239	22.09171185277479	4.315327849278219	0.03777049219416195	intensified	significant_intensified	9	9
Morus_014806-R1	20	239	0.4407977381734123	1.32820544806691	0.2491247215471669	relaxed	not_significant	1	1
Morus_014812-R1	20	396	3.355913098657883	3.338205071862831	0.06768841058451192	intensified	not_significant	9	9
Morus_014812-R1	20	396	4.388994569495674	5.60461783201572	0.01791320172469235	intensified	significant_intensified	1	1
Morus_014813-R1	20	244	0.3332624825639727	3.598651787100607	0.05782644968141615	relaxed	not_significant	9	9
Morus_014813-R1	20	244	0.3189753245306903	0.2438224485354112	0.6214588700652699	relaxed	not_significant	1	1
Morus_014815-R1	20	593	0.5756668135354702	2.000216279160668	0.1572767641639051	relaxed	not_significant	9	9
Morus_014815-R1	20	593	3.877347568897332	2.071598762722715	0.1500641387354377	intensified	not_significant	1	1
Morus_014816-R1	20	452	0.1763943343081848	0.6735425594042681	0.4118192294293277	relaxed	not_significant	9	9
Morus_014816-R1	20	452	13.59513377219716	2.526885152370596	0.1119209538468786	intensified	not_significant	1	1
Morus_014859-R1	20	66	2.931773049256421E-8	0.3053489668000111	0.5805483688918642	relaxed	not_significant	9	9
Morus_014859-R1	20	66	0.01024419513843256	3.080218930218962	0.07924985775598137	relaxed	not_significant	1	1
Morus_014860-R1	20	249	12.12521988031165	1.663611316710558	0.1971164357716924	intensified	not_significant	9	9
Morus_014860-R1	20	249	1.364121436029912E-7	2.377805508680922	0.1230703230222028	relaxed	not_significant	1	1
Morus_014884-R1	20	221	0.7607975503703293	0.2218396076691533	0.637641790437764	relaxed	not_significant	9	9
Morus_014884-R1	20	221	6.093349979835506E-15	4.544867121297102	0.0330175847422115	relaxed	significant_relaxed	1	1
Morus_014919-R1	20	155	0.6892482836875449	0.3681660892225409	0.5440056075397559	relaxed	not_significant	9	9
Morus_014919-R1	20	155	16.6071582264836	0.2098942246316255	0.6468503223032567	intensified	not_significant	1	1
Morus_014928-R1	20	118	3.815544718682303	1.901185387323039	0.1679456965523752	intensified	not_significant	9	9
Morus_014928-R1	20	118	0	0.5874419590788875	0.443410005572507	relaxed	not_significant	1	1
Morus_014947-R1	20	423	0.4130848666818413	3.075108012859346	0.07949931289801571	relaxed	not_significant	9	9
Morus_014947-R1	20	423	1.694453564904532	0.4836178469367951	0.4867881346480687	intensified	not_significant	1	1
Morus_014956-R1	20	290	0.6265907868973056	1.613377730584034	0.2040176465992456	relaxed	not_significant	9	9
Morus_014956-R1	20	290	0	1.678390449938888	0.1951384612587987	relaxed	not_significant	1	1
Morus_014961-R1	20	391	0.6315269657393613	1.473735828292774	0.2247571879837416	relaxed	not_significant	9	9
Morus_014961-R1	20	391	0.4045344911274922	3.017826199860792	0.08235378652376679	relaxed	not_significant	1	1
Morus_014967-R1	20	519	1.268603422390822	0.1059317001063391	0.7448242459177828	intensified	not_significant	9	9
Morus_014967-R1	20	519	0.3479994520571525	2.128980943160059	0.1445368193415486	relaxed	not_significant	1	1
Morus_014985-R1	20	163	0.1172186198780079	22.99811207484481	0.000001621605671631166	relaxed	significant_relaxed	9	9
Morus_014985-R1	20	163	0.3968375540416938	0.8763766908946309	0.349195998758706	relaxed	not_significant	1	1
Morus_014987-R1	20	690	0.7358266331237026	1.200710750801591	0.2731796684402303	relaxed	not_significant	9	9
Morus_014987-R1	20	690	0.6483683763541406	0.4390959597458277	0.5075591201524483	relaxed	not_significant	1	1
Morus_015010-R1	20	265	2.438743734732331	3.061439266081834	0.08017062770985461	intensified	not_significant	9	9
Morus_015010-R1	20	265	0	1.421987950389848	0.2330764732394404	relaxed	not_significant	1	1
Morus_015012-R1	20	261	0.7669130033443999	0.153310946802776	0.6953911679862321	relaxed	not_significant	9	9
Morus_015012-R1	20	261	0.2561805096563275	1.06456437286397	0.3021764611504055	relaxed	not_significant	1	1
Morus_015019-R1	20	290	1.042931595282543	0.003453782730503008	0.9531361857799592	intensified	not_significant	9	9
Morus_015019-R1	20	290	1	-4.645698936656117E-9	1	intensified	not_significant	0	1
Morus_015021-R1	20	341	50	5.758192608263926	0.01641194566490367	intensified	significant_intensified	9	9
Morus_015021-R1	20	341	0.6544697807016651	0.4117808744967988	0.5210669850971521	relaxed	not_significant	1	1
Morus_015028-R1	20	317	0.9430859087124652	0.0265484839273995	0.8705679949207289	relaxed	not_significant	9	9
Morus_015028-R1	20	317	35.3401800108234	8.070935777767772	0.004498088124767041	intensified	significant_intensified	1	1
Morus_015048-R1	20	267	0.6928872740748355	1.140212716446513	0.2856073840126847	relaxed	not_significant	9	9
Morus_015048-R1	20	267	0.854469029853447	-0.0004320238394939224	1	relaxed	not_significant	1	1
Morus_015092-R1	20	313	0.2487185333621928	1.137634795582017	0.2861526624480316	relaxed	not_significant	9	9
Morus_015092-R1	20	313	0.1461368180572208	0.2452299771584876	0.6204540068932751	relaxed	not_significant	1	1
Morus_015095-R1	20	277	5.276059995317802	5.133804025115751	0.0234642479860061	intensified	significant_intensified	9	9
Morus_015095-R1	20	277	1.088075011704417	0.03627875662459701	0.8489409815932021	intensified	not_significant	1	1
Morus_015111-R1	20	365	11.75411028590155	1.943753137445128	0.1632616031814045	intensified	not_significant	9	9
Morus_015111-R1	20	365	1.40059097638996	0.03299064941893448	0.8558705274075272	intensified	not_significant	1	1
Morus_015122-R1	20	164	0.3002418438283735	1.378133901858746	0.2404192676717105	relaxed	not_significant	9	9
Morus_015122-R1	20	164	0.1775853245940552	0.6426693539633561	0.4227458352769859	relaxed	not_significant	1	1
Morus_015123-R1	20	237	6.120914519992059	3.033200082673829	0.08157697724269797	intensified	not_significant	9	9
Morus_015123-R1	20	237	3.28995186199301	2.565983171512926	0.1091846583940289	intensified	not_significant	1	1
Morus_015124-R1	20	509	0.02213288088310168	2.593337203254123	0.1073140124147466	relaxed	not_significant	9	9
Morus_015124-R1	20	509	4.790905694194898E-8	0.5309947890455078	0.4661889296146684	relaxed	not_significant	1	1
Morus_015125-R1	20	768	2.820107958515473	4.280984930817795	0.03854100886831846	intensified	significant_intensified	9	9
Morus_015125-R1	20	768	0.910237923381967	0.08567645772018295	0.7697473334768545	relaxed	not_significant	1	1
Morus_015127-R1	20	285	0.6191180773654652	0.8539806209846574	0.3554286730695142	relaxed	not_significant	9	9
Morus_015127-R1	20	285	0	0.3226436645845752	0.5700232141038277	relaxed	not_significant	1	1
Morus_015128-R1	20	210	0.1404590558330087	3.012828644024466	0.08260801879491453	relaxed	not_significant	9	9
Morus_015128-R1	20	210	0	0.1686021615682876	0.6813571104721937	relaxed	not_significant	1	1
Morus_015130-R1	20	450	0.9568369052196946	0.00408534760663315	0.9490365356871032	relaxed	not_significant	9	9
Morus_015130-R1	20	450	0.602943958775063	0.1081092261583763	0.7423071089077294	relaxed	not_significant	1	1
Morus_015138-R1	20	585	1.253644242189415	0.60181398253917	0.4378867454256105	intensified	not_significant	9	9
Morus_015138-R1	20	585	12.93790658816784	1.55348301282902	0.2126219896370534	intensified	not_significant	1	1
Morus_015142-R1	20	248	15.96951853884097	3.474380854133415	0.06232604195120561	intensified	not_significant	9	9
Morus_015142-R1	20	248	40.36810802988602	0.3757306862212317	0.5398970041499276	intensified	not_significant	1	1
Morus_015148-R1	20	460	0.7929057525188898	0.2730799604360072	0.6012731519812355	relaxed	not_significant	9	9
Morus_015148-R1	20	460	2.178443623860153	1.63605672804897	0.2008673604979978	intensified	not_significant	1	1
Morus_015154-R1	20	342	1.093574348623958	0.1055229897701793	0.7452998809564273	intensified	not_significant	9	9
Morus_015154-R1	20	342	1.24545159850367	0.09961304845000996	0.7522944860593512	intensified	not_significant	1	1
Morus_015162-R2	20	606	2.739062417403715	2.121738226895104	0.1452216449264022	intensified	not_significant	9	9
Morus_015162-R2	20	606	0.4900564813362625	0.01473835914657684	0.9033729148602467	relaxed	not_significant	1	1
Morus_015163-R1	20	229	1.124655292900912	0.03682139224474668	0.8478291460602347	intensified	not_significant	9	9
Morus_015163-R1	20	229	27.24438898819123	2.219243858869959	0.1362998000849105	intensified	not_significant	1	1
Morus_015171-R1	20	438	1.325885337801511	2.211184442981903	0.1370134395716593	intensified	not_significant	9	9
Morus_015171-R1	20	438	0.8769544792639853	0.03414635445187741	0.8533958520308705	relaxed	not_significant	1	1
Morus_015173-R1	20	154	1.156151374261339E-9	4.660403840400249	0.03086593096745505	relaxed	significant_relaxed	9	9
Morus_015173-R1	20	154	1.595559664909463E-7	3.782902157677654	0.05177877916567042	relaxed	not_significant	1	1
Morus_015174-R1	20	270	0.8456036061444027	0.1106201845423129	0.7394391663557354	relaxed	not_significant	9	9
Morus_015174-R1	20	270	11.93453505859561	0.1777284858253552	0.6733326552098657	intensified	not_significant	1	1
Morus_015183-R1	20	438	0.2333128191939574	4.164493312100603	0.04127975807514372	relaxed	significant_relaxed	9	9
Morus_015183-R1	20	438	3.011568819816763	16.69449754017114	0.00004390816802546382	intensified	significant_intensified	1	1
Morus_015185-R1	20	278	1.314714782525736	0.3646621915208925	0.5459283058804032	intensified	not_significant	9	9
Morus_015185-R1	20	278	1	-9.752466212376021E-8	1	intensified	not_significant	0	1
Morus_015186-R1	20	334	1.229686724257121	0.1142412009476175	0.7353663081221005	intensified	not_significant	9	9
Morus_015186-R1	20	334	0.5163859243127412	1.187519975777832	0.2758303779805772	relaxed	not_significant	1	1
Morus_015187-R1	20	210	0.06591646194937051	4.672691442409814	0.03064586520801982	relaxed	significant_relaxed	9	9
Morus_015187-R1	20	210	1	-0.00003581934834073763	1	intensified	not_significant	0	1
Morus_015190-R1	20	421	0.2228079070559955	7.592024687481171	0.005862706979392507	relaxed	significant_relaxed	9	9
Morus_015190-R1	20	421	5.979025445903425	0.3752725204594753	0.5401442264762197	intensified	not_significant	1	1
Morus_015194-R1	20	531	0	1.623873084104162	0.2025525859478141	relaxed	not_significant	9	9
Morus_015194-R1	20	531	0.6072912718716238	0.4971674107873696	0.4807473884659431	relaxed	not_significant	1	1
Morus_015197-R1	20	633	0.6109242277878303	0.8659557703285827	0.352077360948129	relaxed	not_significant	9	9
Morus_015197-R1	20	633	0.3187767542451994	0.8352091210235812	0.3607705693344867	relaxed	not_significant	1	1
Morus_015198-R1	20	183	50	2.143194854307694	0.1432033873228929	intensified	not_significant	9	9
Morus_015198-R1	20	183	1	-4.003304638899863E-7	1	intensified	not_significant	0	1
Morus_015199-R3	20	262	0.2199221224029679	2.219450274361861	0.1362815773041096	relaxed	not_significant	9	9
Morus_015199-R3	20	262	0.2935221243139113	0.3648611119479028	0.5458188150169352	relaxed	not_significant	1	1
Morus_015202-R3	20	304	0.4828546864187552	2.318821724215013	0.1278168126421688	relaxed	not_significant	9	9
Morus_015202-R3	20	304	0	2.424321079460242	0.1194649900379154	relaxed	not_significant	1	1
Morus_015207-R1	20	300	0.4644414000760265	2.474496488155637	0.1157064916027867	relaxed	not_significant	9	9
Morus_015207-R1	20	300	0.9602323827330631	0.001547468536955421	0.9686210088017519	relaxed	not_significant	1	1
Morus_015215-R1	20	434	0.9268845185977796	0.0407389150977906	0.8400427207949644	relaxed	not_significant	9	9
Morus_015215-R1	20	434	1.556227245646151	0.1176895640537623	0.7315539798158905	intensified	not_significant	1	1
Morus_015217-R1	20	193	1.492859302849083	0.08025677128262032	0.7769497435363609	intensified	not_significant	9	9
Morus_015217-R1	20	193	0.5335712731183474	0.4403808851802751	0.5069386756272098	relaxed	not_significant	1	1
Morus_015218-R1	20	387	1.055520226168273	0.010214276777333	0.9194983018677034	intensified	not_significant	9	9
Morus_015218-R1	20	387	1	-0.0002772144316622871	1	intensified	not_significant	0	1
Morus_015222-R1	20	322	1.409505686036544	0.3825397726932351	0.5362471175655197	intensified	not_significant	9	9
Morus_015222-R1	20	322	7.1297669648847E-10	0.4269017673641429	0.5135131329803266	relaxed	not_significant	1	1
Morus_015227-R1	20	446	16.14405058308597	0.0202636091325985	0.8868033139807947	intensified	not_significant	9	9
Morus_015227-R1	20	446	0.7202798970692585	0.5084889509525965	0.4757937103023759	relaxed	not_significant	1	1
Morus_015229-R1	20	516	0.316048276568365	0.5384280882844905	0.4630849086996182	relaxed	not_significant	9	9
Morus_015229-R1	20	516	0.7243529387866227	0.08043647064914694	0.7767067885437287	relaxed	not_significant	1	1
Morus_015230-R1	20	174	2.630476431368504	1.322075252553987	0.250219947177533	intensified	not_significant	9	9
Morus_015230-R1	20	174	1.91537279073084E-16	3.245627339567363	0.07161427014977051	relaxed	not_significant	1	1
Morus_015231-R1	20	432	0.9957787067354217	0.0001377058952130028	0.9906371867623055	relaxed	not_significant	9	9
Morus_015231-R1	20	432	0.2397138851285414	3.682358071723684	0.05499102571657211	relaxed	not_significant	1	1
Morus_015232-R1	20	113	1.665597927537299	0.1375228567985687	0.7107561530065785	intensified	not_significant	9	9
Morus_015232-R1	20	113	0.8532112476730974	-2.266119736304972E-8	1	relaxed	not_significant	1	1
Morus_015233-R1	20	774	3.074954273346775	1.849130849821449	0.1738845155822266	intensified	not_significant	9	9
Morus_015233-R1	20	774	0.8827137609062619	0.047179571365632	0.8280457910177249	relaxed	not_significant	1	1
Morus_015236-R1	20	399	0.586193192285359	0.597789576672767	0.4394226477271973	relaxed	not_significant	9	9
Morus_015236-R1	20	399	16.41792223332698	1.860410231480273	0.172577461205345	intensified	not_significant	1	1
Morus_015242-R1	20	166	1.127634529308251	0.02602602726210534	0.8718367709566823	intensified	not_significant	9	9
Morus_015242-R1	20	166	1	-0.0002164634670407395	1	intensified	not_significant	0	1
Morus_015246-R1	20	297	2.281313931094919	2.416280805691713	0.1200797212004316	intensified	not_significant	9	9
Morus_015246-R1	20	297	0	3.135743794026894	0.07659344203811091	relaxed	not_significant	1	1
Morus_015249-R1	20	189	5.184646283403565	0.5166043975837056	0.4722937545905012	intensified	not_significant	9	9
Morus_015249-R1	20	189	1.728532892207647	0.573886273930384	0.4487187341971757	intensified	not_significant	1	1
Morus_015251-R1	20	395	0.6004003199466715	0.1990055937440047	0.6555247021694071	relaxed	not_significant	9	9
Morus_015251-R1	20	395	7.652637384715031	1.177406136050195	0.2778846880302832	intensified	not_significant	1	1
Morus_015260-R1	20	307	1.009301718847013	0.000746930158129544	0.9781965109042121	intensified	not_significant	9	9
Morus_015260-R1	20	307	1.615710078682267	0.5674836408552437	0.4512605867044925	intensified	not_significant	1	1
Morus_015266-R1	20	185	0.8499689766042376	0.1233959786245578	0.7253800699886086	relaxed	not_significant	9	9
Morus_015266-R1	20	185	0	2.257159756741657	0.1329977880466837	relaxed	not_significant	1	1
Morus_015272-R1	20	111	1.486281694700002	0.01930540454577567	0.8894944881852114	intensified	not_significant	9	9
Morus_015272-R1	20	111	1	-0.000002324071829207242	1	intensified	not_significant	0	1
Morus_015279-R1	20	406	1.934081099352866	1.875702888555679	0.1708233473566326	intensified	not_significant	9	9
Morus_015279-R1	20	406	7.446884355250821	1.759030898266246	0.1847454387090243	intensified	not_significant	1	1
Morus_015284-R1	20	334	2.046472155147735	1.632169543622695	0.2014032326906143	intensified	not_significant	9	9
Morus_015284-R1	20	334	0.7086033814603765	0.257465147828043	0.6118670049342649	relaxed	not_significant	1	1
Morus_015295-R1	20	258	2.442198860079948	1.008657729288643	0.3152246204426087	intensified	not_significant	9	9
Morus_015295-R1	20	258	4.4144113961928	0.2766053976474723	0.5989348406597301	intensified	not_significant	1	1
Morus_015296-R1	20	300	1.203206760063001	0.4444075771662028	0.5050027414311149	intensified	not_significant	9	9
Morus_015296-R1	20	300	1.194961348651669	0.07952584107260918	0.77794100731987	intensified	not_significant	1	1
Morus_015300-R1	20	355	1.572626294968575	1.209922091210501	0.2713475521368528	intensified	not_significant	9	9
Morus_015300-R1	20	355	0.6773604693351529	0.5524737169271248	0.4573086927496927	relaxed	not_significant	1	1
Morus_015305-R1	20	361	0.4944398535906733	1.108743831738138	0.2923551747566486	relaxed	not_significant	9	9
Morus_015305-R1	20	361	13.07536155399492	0.3751111518713515	0.5402313490117503	intensified	not_significant	1	1
Morus_015307-R1	20	360	0.7206580359257636	0.3381922777398358	0.5608745366246692	relaxed	not_significant	9	9
Morus_015307-R1	20	360	3.15305980651159E-14	1.663085297662292	0.1971872675988932	relaxed	not_significant	1	1
Morus_015308-R1	20	303	0.750873259917016	0.4156391963742863	0.5191210602030916	relaxed	not_significant	9	9
Morus_015308-R1	20	303	0.999999419268831	-0.00002999473144882359	1	relaxed	not_significant	1	1
Morus_015310-R1	20	587	0.9649540153381811	0.009149011739282287	0.9237981824581755	relaxed	not_significant	9	9
Morus_015310-R1	20	587	0.5920776309705624	0.6211215188259303	0.4306308277371133	relaxed	not_significant	1	1
Morus_015322-R1	20	349	1.205964188950394	0.3950583493196973	0.5296524304058683	intensified	not_significant	9	9
Morus_015322-R1	20	349	50	3.011865170115016	0.08265712933619929	intensified	not_significant	1	1
Morus_015323-R1	20	337	2.097909800562692	1.233384241649219	0.2667498918674236	intensified	not_significant	9	9
Morus_015323-R1	20	337	0.5561469669875188	0.7972008631213612	0.3719315853727777	relaxed	not_significant	1	1
Morus_015324-R1	20	287	0.1905800166832692	2.682614962533989	0.1014490175698883	relaxed	not_significant	9	9
Morus_015324-R1	20	287	6.968754918746411	3.781033216995638	0.05183664241996389	intensified	not_significant	1	1
Morus_015325-R1	20	1287	0.7294408866202027	0.3198680453278939	0.5716869556980714	relaxed	not_significant	9	9
Morus_015325-R1	20	1287	1.003759385001484	0.0001405584735039156	0.990540712974507	intensified	not_significant	1	1
Morus_015330-R1	20	229	0.6336107409749306	0.5476959797570089	0.4592606467314302	relaxed	not_significant	9	9
Morus_015330-R1	20	229	1.614323181407203E-8	0.9728791484612884	0.3239631758422683	relaxed	not_significant	1	1
Morus_015331-R1	20	296	4.341834276275729	6.905690364153088	0.008592184301529415	intensified	significant_intensified	9	9
Morus_015331-R1	20	296	14.30661706793836	0.6468941382063349	0.4212252997556105	intensified	not_significant	1	1
Morus_015332-R1	20	351	0.3939918768725848	3.810091670388829	0.05094466223478078	relaxed	not_significant	9	9
Morus_015332-R1	20	351	0.8532129992242196	-0.000001586646249052137	1	relaxed	not_significant	1	1
Morus_015337-R1	20	248	2.106118990600444	2.228482511877701	0.1354868574485326	intensified	not_significant	9	9
Morus_015337-R1	20	248	0.2062881989384911	1.092206881719903	0.295982752106753	relaxed	not_significant	1	1
Morus_015344-R2	20	235	0.3192234965336521	1.691903290278333	0.1933502636169583	relaxed	not_significant	9	9
Morus_015344-R2	20	235	0	1.720508280488502	0.1896276313201193	relaxed	not_significant	1	1
Morus_015347-R1	20	592	4.447884547731579	2.961651153382263	0.08526083327288569	intensified	not_significant	9	9
Morus_015347-R1	20	592	1.270232363928855	0.5074007492421515	0.4762662218811181	intensified	not_significant	1	1
Morus_015357-R1	20	113	0.8532132698523288	-2.467791091476101E-7	1	relaxed	not_significant	9	9
Morus_015357-R1	20	113	0.8532110711689921	-1.459347913623787E-7	1	relaxed	not_significant	1	1
Morus_015362-R1	20	291	0.2664168523693056	1.489782192079474	0.222250257108322	relaxed	not_significant	9	9
Morus_015362-R1	20	291	0.1538719028370883	0.3005113927520142	0.5835620009940137	relaxed	not_significant	1	1
Morus_015381-R1	20	231	17.85224166807512	3.751586764838066	0.05275740576775589	intensified	not_significant	9	9
Morus_015381-R1	20	231	0.02044291620142352	1.784304211319068	0.1816216811588643	relaxed	not_significant	1	1
Morus_015382-R1	20	333	2.471838610617755	0.9657680576583516	0.3257378857802909	intensified	not_significant	9	9
Morus_015382-R1	20	333	21.09008056856946	1.523817149247407	0.2170427575048626	intensified	not_significant	1	1
Morus_015393-R1	20	112	2.213790288497011	1.848656270333549	0.1739397590511929	intensified	not_significant	9	9
Morus_015393-R1	20	112	15.03665656969807	0.5829938453111936	0.4451412160723344	intensified	not_significant	1	1
Morus_015402-R1	20	293	2.298768687628506	0.3138741239981755	0.5753125412875996	intensified	not_significant	9	9
Morus_015402-R1	20	293	2.882337679099678	3.211587591709758	0.07311850474038206	intensified	not_significant	1	1
Morus_015407-R1	20	373	0.8331100655810852	0.1603464953041112	0.6888377072561089	relaxed	not_significant	9	9
Morus_015407-R1	20	373	1.087837831519955	0.01792562278114929	0.8934922432271404	intensified	not_significant	1	1
Morus_015414-R1	20	516	0.527216173582117	2.434887426004025	0.1186624134923088	relaxed	not_significant	9	9
Morus_015414-R1	20	516	0.3397239582791696	0.3339689121603442	0.5633313419986675	relaxed	not_significant	1	1
Morus_015423-R1	20	170	0.44338154772262	0.9908864428161905	0.3195258166596628	relaxed	not_significant	9	9
Morus_015423-R1	20	170	0	0.866314514048554	0.3519776316664569	relaxed	not_significant	1	1
Morus_015425-R1	20	229	0.6382375468818707	0.2122824103494168	0.6449843258019115	relaxed	not_significant	9	9
Morus_015425-R1	20	229	1.303009681825142	0.1946900948682924	0.6590414257954333	intensified	not_significant	1	1
Morus_015427-R1	20	192	0.3017720263281686	2.063417860283607	0.1508714383217333	relaxed	not_significant	9	9
Morus_015427-R1	20	192	0	0.8809632282773237	0.3479379947120366	relaxed	not_significant	1	1
Morus_015428-R1	20	268	0.8557260847889701	-3.442237357376143E-7	1	relaxed	not_significant	9	9
Morus_015428-R1	20	268	1	-0.0001477066434745211	1	intensified	not_significant	0	1
Morus_015430-R1	20	329	0.2115648910356464	6.641831944011756	0.009961145145163774	relaxed	significant_relaxed	9	9
Morus_015430-R1	20	329	6.106506717366103E-7	0.3299692809969201	0.5656771771305611	relaxed	not_significant	1	1
Morus_015432-R1	20	207	1.297261117670582	0.3686166542943283	0.5437592773060511	intensified	not_significant	9	9
Morus_015432-R1	20	207	0.2299243314367871	1.697707302714662	0.1925880851215364	relaxed	not_significant	1	1
Morus_015445-R1	20	369	1.771244542368763	2.130998904151966	0.1443466621866505	intensified	not_significant	9	9
Morus_015445-R1	20	369	0.1802352849648716	0.7324173022543619	0.3921007672345903	relaxed	not_significant	1	1
Morus_015446-R1	20	379	0.9957850240632378	0.00008061758580879541	0.9928361065074949	relaxed	not_significant	9	9
Morus_015446-R1	20	379	0.585921786236534	0.4510873771350816	0.5018190281849758	relaxed	not_significant	1	1
Morus_015447-R1	20	464	1.931336100799138	1.168329644970072	0.2797447195217073	intensified	not_significant	9	9
Morus_015447-R1	20	464	50	4.675891108225187	0.03058882942344454	intensified	significant_intensified	1	1
Morus_015450-R1	20	392	0.2764039660125178	1.865195718618452	0.1720263356675664	relaxed	not_significant	9	9
Morus_015450-R1	20	392	1.033839805971851	0.00225287242574268	0.9621430765121	intensified	not_significant	1	1
Morus_015455-R1	20	606	0.833871844117193	0.08817068517419102	0.766515760428065	relaxed	not_significant	9	9
Morus_015455-R1	20	606	2.614352224961631	0.3639482173603028	0.5463216313497801	intensified	not_significant	1	1
Morus_015456-R1	20	374	0.9900985880532763	0.00006984654828556813	0.9933318174573996	relaxed	not_significant	9	9
Morus_015456-R1	20	374	0.1880226704361578	1.977349500701166	0.1596699101033825	relaxed	not_significant	1	1
Morus_015460-R1	20	280	0.1971159762282158	1.770310401534516	0.183343669137352	relaxed	not_significant	9	9
Morus_015460-R1	20	280	0.1863704944489656	0.130785012229353	0.7176194959645072	relaxed	not_significant	1	1
Morus_015477-R1	20	408	1.671961850271722	0.6123584226697858	0.4339012017715537	intensified	not_significant	9	9
Morus_015477-R1	20	408	0	0.904318944406441	0.3416262771425242	relaxed	not_significant	1	1
Morus_015481-R1	20	317	0.8532132596489699	-0.000009024945029523224	1	relaxed	not_significant	9	9
Morus_015481-R1	20	317	0.8532131150388296	-0.000009307867912866641	1	relaxed	not_significant	1	1
Morus_015487-R1	20	364	0.2568240817032157	3.222495456498109	0.07263282407338822	relaxed	not_significant	9	9
Morus_015487-R1	20	364	0	4.616094967691424	0.03167326750369481	relaxed	significant_relaxed	1	1
Morus_015488-R1	20	219	0.6809491725375645	0.3052281834707173	0.5806232322349623	relaxed	not_significant	9	9
Morus_015488-R1	20	219	31.28875548139483	1.030734508430214	0.3099862152506366	intensified	not_significant	1	1
Morus_015493-R1	20	699	1.62548854207923	1.287039365104647	0.256594275712848	intensified	not_significant	9	9
Morus_015493-R1	20	699	50	3.740450056886402	0.05311013817402954	intensified	not_significant	1	1
Morus_015497-R1	20	488	16.03153216311338	4.078547809835982	0.043430970012729	intensified	significant_intensified	9	9
Morus_015497-R1	20	488	7.929367889336542	1.071016443400367	0.3007159682159684	intensified	not_significant	1	1
Morus_015500-R1	20	518	1.575247766729187	0.6864786986079707	0.4073646946000973	intensified	not_significant	9	9
Morus_015500-R1	20	518	0.3886109477776737	1.345945005169597	0.2459882694199491	relaxed	not_significant	1	1
Morus_015504-R1	20	615	2.00262306624363	2.698929392989157	0.1004156558675011	intensified	not_significant	9	9
Morus_015504-R1	20	615	0.3290608475420704	1.85558467928422	0.173135257744131	relaxed	not_significant	1	1
Morus_015510-R1	20	1662	1.908745542388064	6.268874348599638	0.01228771815226815	intensified	significant_intensified	9	9
Morus_015510-R1	20	1662	0.3655799044194397	2.328984669456986	0.1269846799276811	relaxed	not_significant	1	1
Morus_015511-R1	20	412	0.9259312321924752	0.01509227852966433	0.9022253769512014	relaxed	not_significant	9	9
Morus_015511-R1	20	412	6.37309503793925	6.92807918071594	0.008485277200115493	intensified	significant_intensified	1	1
Morus_015514-R1	20	354	1.199704872709141	0.08152078730290668	0.775246968681752	intensified	not_significant	9	9
Morus_015514-R1	20	354	2.138966475174546E-8	1.919590447675546	0.165901816235061	relaxed	not_significant	1	1
Morus_015516-R1	20	341	0.2461040966867117	3.501138159193943	0.06132666872264159	relaxed	not_significant	9	9
Morus_015516-R1	20	341	3.033150519327195E-7	0.9348430137260948	0.3336076250234141	relaxed	not_significant	1	1
Morus_015521-R1	20	461	1.359441809986413	0.7217384012637922	0.3955742734584418	intensified	not_significant	9	9
Morus_015521-R1	20	461	0.1726052437202667	2.359859788526592	0.1244933782621463	relaxed	not_significant	1	1
Morus_015523-R1	20	164	0.7699640591354733	0.2669680535072985	0.605372917470424	relaxed	not_significant	9	9
Morus_015523-R1	20	164	0.5679044672615828	1.377707355914481	0.2404920543871928	relaxed	not_significant	1	1
Morus_015527-R1	20	224	0.1810843826440859	3.59341099055564	0.05800906094292546	relaxed	not_significant	9	9
Morus_015527-R1	20	224	35.80742551236564	7.173413793259897	0.007399183968014866	intensified	significant_intensified	1	1
Morus_015529-R1	20	170	0.2132176003247745	4.292974724809937	0.03827015110663678	relaxed	significant_relaxed	9	9
Morus_015529-R1	20	170	0.7086460468886084	0.3222416445250929	0.5702636027983242	relaxed	not_significant	1	1
Morus_015530-R1	20	327	0.3073761684124038	1.076087604149507	0.2995744373167609	relaxed	not_significant	9	9
Morus_015530-R1	20	327	0.000004168375073807333	1.160418968660451	0.2813786670319761	relaxed	not_significant	1	1
Morus_015531-R1	20	336	3.730528642197269	3.218492758711363	0.07281064396488302	intensified	not_significant	9	9
Morus_015531-R1	20	336	0.5424947539026481	0.7397844889919725	0.3897299227660818	relaxed	not_significant	1	1
Morus_015534-R1	20	244	3.487029655464991	0.9441408120378583	0.3312152010804712	intensified	not_significant	9	9
Morus_015534-R1	20	244	1	-0.0006897028456478438	1	intensified	not_significant	0	1
Morus_015539-R1	20	394	1.118071396686986	0.1123721095354995	0.7374595174354823	intensified	not_significant	9	9
Morus_015539-R1	20	394	1.242606755192727	0.06355155261098844	0.800968150353215	intensified	not_significant	1	1
Morus_015540-R1	20	300	0.7407179052781392	0.2718252436461626	0.6021100033132116	relaxed	not_significant	9	9
Morus_015540-R1	20	300	0.1465700172683837	3.033615487749103	0.08155609773109074	relaxed	not_significant	1	1
Morus_015551-R1	20	232	0.996769181806792	-0.0001145639448623115	1	relaxed	not_significant	9	9
Morus_015551-R1	20	232	1	-0.00003833299251709832	1	intensified	not_significant	0	1
Morus_015552-R1	20	248	0.3312544107816154	1.165597537330086	0.2803076781246264	relaxed	not_significant	9	9
Morus_015552-R1	20	248	0.1589222177912163	1.112103145026595	0.291625228099098	relaxed	not_significant	1	1
Morus_015577-R1	20	189	49.00852277249232	2.849861755209986	0.09138179435856941	intensified	not_significant	9	9
Morus_015577-R1	20	189	0.8402527401509166	0.07344051052677969	0.7863917268576149	relaxed	not_significant	1	1
Morus_015578-R1	20	214	0.5104540060693641	3.057953856653512	0.08034278290392571	relaxed	not_significant	9	9
Morus_015578-R1	20	214	0.2037642029364948	2.679387124054301	0.1016548441657263	relaxed	not_significant	1	1
Morus_015582-R1	20	185	4.748389581899912	2.280168821461757	0.1310376095281981	intensified	not_significant	9	9
Morus_015582-R1	20	185	0	0.6509662500170634	0.4197674317385816	relaxed	not_significant	1	1
Morus_015589-R1	20	296	1.467747991688521	0.6448419838407062	0.4219628641359332	intensified	not_significant	9	9
Morus_015589-R1	20	296	29.64160254763422	1.680609948200981	0.1948434245305484	intensified	not_significant	1	1
Morus_015599-R1	20	734	1.146447577015007	0.3179282669680106	0.5728553486887256	intensified	not_significant	9	9
Morus_015599-R1	20	734	0.4784265419302131	1.238880266359047	0.2656869630273061	relaxed	not_significant	1	1
Morus_015606-R1	20	200	0.6806370203386101	0.3009979655535062	0.5832574614498627	relaxed	not_significant	9	9
Morus_015606-R1	20	200	23.4644135161036	1.191604395881768	0.2750061694378073	intensified	not_significant	1	1
Morus_015613-R1	20	394	0.8445074278192586	0.1139674862188258	0.7356716453694482	relaxed	not_significant	9	9
Morus_015613-R1	20	394	0.4760233181206368	1.625646960511403	0.2023061938909826	relaxed	not_significant	1	1
Morus_015626-R1	20	712	0.3896635742678332	1.445492532257049	0.2292525932491397	relaxed	not_significant	9	9
Morus_015626-R1	20	712	0.2215028753432622	0.5205159760334936	0.4706216643190558	relaxed	not_significant	1	1
Morus_015630-R2	20	611	4.094818018100279	0.3275597049369026	0.5670995677008441	intensified	not_significant	9	9
Morus_015630-R2	20	611	0.7310395120839053	0.3271769152124762	0.5673261703154597	relaxed	not_significant	1	1
Morus_015631-R1	20	546	1.482134790086436	0.4715214000862034	0.4922880848291372	intensified	not_significant	9	9
Morus_015631-R1	20	546	0.2155760317154564	1.619359761423766	0.2031810828800675	relaxed	not_significant	1	1
Morus_015633-R1	20	226	0.149619957489407	2.533799741960138	0.1114315916346077	relaxed	not_significant	9	9
Morus_015633-R1	20	226	1.410984067975954	0.2337005508879884	0.6287933985351802	intensified	not_significant	1	1
Morus_015645-R1	20	215	0.9140673275962765	0.006603630994959531	0.9352330145142249	relaxed	not_significant	9	9
Morus_015645-R1	20	215	1	-6.404206942534074E-9	1	intensified	not_significant	0	1
Morus_015648-R1	20	487	1.369557621796142	0.5082435350295782	0.4759002065064418	intensified	not_significant	9	9
Morus_015648-R1	20	487	0.4971690540944536	0.6158138967466584	0.432607135271227	relaxed	not_significant	1	1
Morus_015649-R1	20	430	0.3828879700068836	0.2911947124348444	0.5894559458133883	relaxed	not_significant	9	9
Morus_015649-R1	20	430	0.2018823180593952	0.9279942993680379	0.3353846480806417	relaxed	not_significant	1	1
Morus_015650-R1	20	188	0.8932287249238933	0.05877221642458608	0.808447132316624	relaxed	not_significant	9	9
Morus_015650-R1	20	188	0.3134865484686281	1.048501300350381	0.3058525035309567	relaxed	not_significant	1	1
Morus_015661-R1	20	264	1.577844126909499	0.6418940731537077	0.4230257570305802	intensified	not_significant	9	9
Morus_015661-R1	20	264	0.8519358912700562	0.117409987884912	0.7318607221979122	relaxed	not_significant	1	1
Morus_015663-R1	20	387	0.7986030373768805	0.2147663182995529	0.6430569884246452	relaxed	not_significant	9	9
Morus_015663-R1	20	387	0.8532104983469537	-3.122977432212792E-7	1	relaxed	not_significant	1	1
Morus_015665-R1	20	252	1.455418823343487	0.4112690618671877	0.5213260815609779	intensified	not_significant	9	9
Morus_015665-R1	20	252	0.08804545545656238	1.892700199937735	0.1688976800788048	relaxed	not_significant	1	1
Morus_015674-R1	20	254	15.52310713926691	2.097210208243268	0.1475681746161287	intensified	not_significant	9	9
Morus_015674-R1	20	254	0	3.994228073791419	0.04565636124475736	relaxed	significant_relaxed	1	1
Morus_015677-R1	20	248	2.1787860921491	0.8170244103343975	0.3660515972299845	intensified	not_significant	9	9
Morus_015677-R1	20	248	0.5569128432716585	0.7037377619717518	0.4015305951016602	relaxed	not_significant	1	1
Morus_015685-R1	20	191	0.998473302475866	-0.002087892223244125	1	relaxed	not_significant	9	9
Morus_015685-R1	20	191	13.78329559895275	0.7102023092147647	0.3993766583725086	intensified	not_significant	1	1
Morus_015689-R1	20	238	4.214607145036519	18.80049742916162	0.00001451292687493222	intensified	significant_intensified	9	9
Morus_015689-R1	20	238	0.9956213254101292	-0.001637870696868049	1	relaxed	not_significant	1	1
Morus_015690-R1	20	162	1.85707221449912	0.7780741887895601	0.3777307691896711	intensified	not_significant	9	9
Morus_015690-R1	20	162	25.74261747584924	0.7346388701157593	0.391383670270666	intensified	not_significant	1	1
Morus_015708-R1	20	271	1.295522084070167	0.1733393462400272	0.6771609184929941	intensified	not_significant	9	9
Morus_015708-R1	20	271	1.26829414327837	0.1952370863618853	0.6585931160318363	intensified	not_significant	1	1
Morus_015725-R1	20	309	0.2847168335255467	0.3457713531497575	0.5565166811258178	relaxed	not_significant	9	9
Morus_015725-R1	20	309	1.09072291089349	0.01075990883418854	0.9173836340737237	intensified	not_significant	1	1
Morus_015728-R1	20	479	0.9212485380801237	0.05254949703248712	0.8186848945458004	relaxed	not_significant	9	9
Morus_015728-R1	20	479	1.570735216392978	0.4303901290804788	0.5117975799722071	intensified	not_significant	1	1
Morus_015734-R1	20	321	0.4380797399934816	2.369245883272015	0.1237468172373336	relaxed	not_significant	9	9
Morus_015734-R1	20	321	0.4860302418277682	0.402564197317588	0.5257679611303833	relaxed	not_significant	1	1
Morus_015737-R1	20	222	1.04006160081706	0.003555723189947457	0.9524504158957767	intensified	not_significant	9	9
Morus_015737-R1	20	222	2.609371204084431	2.017225377866453	0.1555230977879413	intensified	not_significant	1	1
Morus_015741-R1	20	338	1.62723347910249	1.352296098892111	0.2448771105524115	intensified	not_significant	9	9
Morus_015741-R1	20	338	9.137563023405618E-9	1.143394277695734	0.2849362404607136	relaxed	not_significant	1	1
Morus_015744-R1	20	258	0.2812076810492563	2.770509959110768	0.09601556763789743	relaxed	not_significant	9	9
Morus_015744-R1	20	258	0.777824210465166	0.1317451871686899	0.7166293875857812	relaxed	not_significant	1	1
Morus_015748-R1	20	472	0.6565556017064317	2.684476730467395	0.1013305071438593	relaxed	not_significant	9	9
Morus_015748-R1	20	472	4.276423536147513E-50	2.398015815283543	0.1214892567062359	relaxed	not_significant	1	1
Morus_015750-R1	20	289	4.978852532869861	2.536755202395398	0.1112231454031158	intensified	not_significant	9	9
Morus_015750-R1	20	289	0.2630251248192853	4.14022286198815	0.04187565590949582	relaxed	significant_relaxed	1	1
Morus_015751-R1	20	329	1.930483297507521	1.517946318606846	0.2179305412455196	intensified	not_significant	9	9
Morus_015751-R1	20	329	0.8532135019681019	0	1	relaxed	not_significant	1	1
Morus_015753-R1	20	637	1.064408975942759	0.07265701905998867	0.7875067328479313	intensified	not_significant	9	9
Morus_015753-R1	20	637	3.456954219981915E-10	1.823849107391652	0.1768557893412994	relaxed	not_significant	1	1
Morus_015766-R1	20	383	0.6643469799641937	0.6921231001724664	0.4054431731777001	relaxed	not_significant	9	9
Morus_015766-R1	20	383	0.4593984139713108	0.3463163838105174	0.556205779500587	relaxed	not_significant	1	1
Morus_015774-R1	20	651	0.7062619280957257	0.8409223966136778	0.3591330981943928	relaxed	not_significant	9	9
Morus_015774-R1	20	651	0.226018897592794	3.211760406282337	0.07311078294032736	relaxed	not_significant	1	1
Morus_015778-R1	20	421	0.811975613034877	0.1840607829617511	0.667906445709082	relaxed	not_significant	9	9
Morus_015778-R1	20	421	10.46789860738946	0.8239303144910082	0.3640335347007677	intensified	not_significant	1	1
Morus_015781-R1	20	388	3.763214646048072	3.135478919258276	0.07660588432433202	intensified	not_significant	9	9
Morus_015781-R1	20	388	0.419941209414047	1.285580745251536	0.2568639631501668	relaxed	not_significant	1	1
Morus_015782-R1	20	261	1.280123926765257	0.3939991191919034	0.5302047499022136	intensified	not_significant	9	9
Morus_015782-R1	20	261	0.1725147429542309	0.3752790322359942	0.540140711323585	relaxed	not_significant	1	1
Morus_015785-R1	20	290	1.806736147534624	1.24581321567166	0.2643536396265781	intensified	not_significant	9	9
Morus_015785-R1	20	290	0.521839303531631	1.053131148259126	0.3047870559032017	relaxed	not_significant	1	1
Morus_015792-R1	20	327	0.1023717665986712	4.258516042487827	0.03905402331483721	relaxed	significant_relaxed	9	9
Morus_015792-R1	20	327	1	-0.000126325531709881	1	intensified	not_significant	0	1
Morus_015793-R1	20	580	0.2988235466790053	2.076709506358384	0.1495622850522242	relaxed	not_significant	9	9
Morus_015793-R1	20	580	0.7208924083407775	0.2262973845226952	0.6342829575297979	relaxed	not_significant	1	1
Morus_015799-R1	20	407	0.6411510856907071	0.3780913474929548	0.5386264890555471	relaxed	not_significant	9	9
Morus_015799-R1	20	407	0.2293151230181876	0.543909660988902	0.4608169374639639	relaxed	not_significant	1	1
Morus_015817-R1	20	239	8.664183589323065	0.2950160665545809	0.5870239028324622	intensified	not_significant	9	9
Morus_015817-R1	20	239	8.70195635663625	16.41723027792887	0.00005082116080490362	intensified	significant_intensified	1	1
Morus_015821-R1	20	553	1.746389712585087	3.340682328856019	0.06758657650741295	intensified	not_significant	9	9
Morus_015821-R1	20	553	0.3973705266201683	4.964644991444402	0.0258706251637828	relaxed	significant_relaxed	1	1
Morus_015822-R1	20	949	1.045766186854017	0.04163784925913205	0.8383116561511886	intensified	not_significant	9	9
Morus_015822-R1	20	949	1.052741735406635	0.01765689500280132	0.8942888777049193	intensified	not_significant	1	1
Morus_015825-R1	20	241	0.2745187964604802	2.04338664558145	0.1528689741403931	relaxed	not_significant	9	9
Morus_015825-R1	20	241	1.54815929626636E-7	9.970401735486575	0.001590767789411363	relaxed	significant_relaxed	1	1
Morus_015827-R1	20	238	1.674313677971715	0.1591638511722522	0.6899275080399917	intensified	not_significant	9	9
Morus_015827-R1	20	238	0.7067437940230292	0.6461127005341041	0.4215059287850641	relaxed	not_significant	1	1
Morus_015833-R1	20	263	1.689563928126173	0.9043049209544733	0.3416300202907503	intensified	not_significant	9	9
Morus_015833-R1	20	263	22.19649783037228	1.237278719100686	0.2659961563213958	intensified	not_significant	1	1
Morus_015838-R1	20	190	0.4631760350545527	1.574636579161506	0.2095349456893765	relaxed	not_significant	9	9
Morus_015838-R1	20	190	1	-0.00001149787476606434	1	intensified	not_significant	0	1
Morus_015839-R1	20	296	1.142566822250401	0.1159353717293925	0.7334854165203049	intensified	not_significant	9	9
Morus_015839-R1	20	296	0	3.717485456987561	0.05384540294016571	relaxed	not_significant	1	1
Morus_015840-R1	20	224	1.213354644762522	0.07794410928181605	0.7801030673869245	intensified	not_significant	9	9
Morus_015840-R1	20	224	1	-0.000003634682343545137	1	intensified	not_significant	0	1
Morus_015842-R1	20	76	0.4884147691054379	1.763207568341386	0.1842249348918341	relaxed	not_significant	9	9
Morus_015842-R1	20	76	26.58456099308626	1.771912445315593	0.183145575931298	intensified	not_significant	1	1
Morus_015844-R1	20	182	3.130826614641382	3.379163619578776	0.0660255527997301	intensified	not_significant	9	9
Morus_015844-R1	20	182	0.09113185401293906	0.9827511632670394	0.3215205308946667	relaxed	not_significant	1	1
Morus_015845-R1	20	311	1.235917624445731	0.3686969494074219	0.5437154004755956	intensified	not_significant	9	9
Morus_015845-R1	20	311	14.96288971586787	0.6694771630382093	0.413233951224479	intensified	not_significant	1	1
Morus_015846-R1	20	205	1.140286371039512	0.1014768433633435	0.7500645110305457	intensified	not_significant	9	9
Morus_015846-R1	20	205	4.109928070696211	1.54021352081827	0.2145860258790609	intensified	not_significant	1	1
Morus_015847-R4	20	212	1.035553550189602	0.008003704256225319	0.9287136203147074	intensified	not_significant	9	9
Morus_015847-R4	20	212	0.165586212257355	4.252117663249919	0.03920141876594097	relaxed	significant_relaxed	1	1
Morus_015867-R5	20	164	0.4100478703548713	0.6330976010531231	0.4262213649517829	relaxed	not_significant	9	9
Morus_015867-R5	20	164	0.3483396717539788	0.9080869880017417	0.3406225071423821	relaxed	not_significant	1	1
Morus_015871-R1	20	224	0.9486622666237207	0.0148279025543161	0.903081272328075	relaxed	not_significant	9	9
Morus_015871-R1	20	224	0	4.714709513400521	0.02990561786126023	relaxed	significant_relaxed	1	1
Morus_015873-R1	20	449	0.9393979202556384	0.001741162492180592	0.9667161391197687	relaxed	not_significant	9	9
Morus_015873-R1	20	449	5.755276414458311	1.148698106007942	0.2838218475687542	intensified	not_significant	1	1
Morus_015878-R1	20	455	0.8636369458892111	0.1159817363459297	0.7334341580944698	relaxed	not_significant	9	9
Morus_015878-R1	20	455	0.8132609261341651	0.04479115145750256	0.8323885239383824	relaxed	not_significant	1	1
Morus_015890-R1	20	468	0.921323984044998	0.05605027616365987	0.8128512122089673	relaxed	not_significant	9	9
Morus_015890-R1	20	468	0.397785255705376	3.990821857206356	0.04574874440462195	relaxed	significant_relaxed	1	1
Morus_015892-R1	20	161	9.228406991340083	0.7905035594185392	0.3739479036756821	intensified	not_significant	9	9
Morus_015892-R1	20	161	1.584574733801314	0.6639834623097158	0.4151571438389171	intensified	not_significant	1	1
Morus_015897-R1	20	203	1.244079404229644	0.06126580616319188	0.8045063532951389	intensified	not_significant	9	9
Morus_015897-R1	20	203	10.46944158199928	0.1029314500633518	0.7483397418288507	intensified	not_significant	1	1
Morus_015899-R1	20	311	0.08333907765575917	0.006963562741475471	0.9334953515045273	relaxed	not_significant	9	9
Morus_015899-R1	20	311	50	12.23112512506304	0.0004699884830160483	intensified	significant_intensified	1	1
Morus_015901-R1	20	237	16.34536460579929	3.803912628367016	0.05113296640569642	intensified	not_significant	9	9
Morus_015901-R1	20	237	0.3743787721280042	1.142544333371916	0.2851153384232346	relaxed	not_significant	1	1
Morus_015912-R1	20	426	1.025535468111414	0.004562026624626014	0.9461496092299595	intensified	not_significant	9	9
Morus_015912-R1	20	426	0.1395694102044415	1.651981499070644	0.1986894529863549	relaxed	not_significant	1	1
Morus_015927-R1	20	357	1.513301928851893	0.579707827690072	0.4464268659808748	intensified	not_significant	9	9
Morus_015927-R1	20	357	0.8387718795743396	0.1617875847878167	0.6875160354521046	relaxed	not_significant	1	1
Morus_015938-R1	20	121	27.54343859912963	2.283614923132518	0.1307468163400435	intensified	not_significant	9	9
Morus_015938-R1	20	121	10.04867029974926	0.3448188801996821	0.557060792428554	intensified	not_significant	1	1
Morus_015939-R1	20	280	0.5218480199590055	1.745520246761316	0.1864408923663551	relaxed	not_significant	9	9
Morus_015939-R1	20	280	0.2302339273231516	1.371794359963587	0.241503827027337	relaxed	not_significant	1	1
Morus_015947-R1	20	168	0.8959898805066371	0.01328943033331598	0.9082233556004797	relaxed	not_significant	9	9
Morus_015947-R1	20	168	30.90265279169154	2.51603194973859	0.1126938399526382	intensified	not_significant	1	1
Morus_015977-R1	20	275	0.8402077186107635	0.1648260490746907	0.6847516049774395	relaxed	not_significant	9	9
Morus_015977-R1	20	275	1.39697074167791	0.07920738962366158	0.7783744187435381	intensified	not_significant	1	1
Morus_015982-R1	20	173	1.895165325413268	1.120262061754602	0.2898620323306466	intensified	not_significant	9	9
Morus_015982-R1	20	173	0.1547402251602196	1.506257300446123	0.219711078616441	relaxed	not_significant	1	1
Morus_015984-R1	20	285	1.950543124059523	0.2440350690585547	0.6213068449643349	intensified	not_significant	9	9
Morus_015984-R1	20	285	23.31113368071433	1.691829860812504	0.1933599288698207	intensified	not_significant	1	1
Morus_015986-R1	20	153	2.265975834306045	2.66218249206122	0.1027596484696831	intensified	not_significant	9	9
Morus_015986-R1	20	153	1.500506126279619	0.04823651623337355	0.8261607803869719	intensified	not_significant	1	1
Morus_015991-R1	20	146	1.854975224170752	0.4997695173210559	0.4796014118207522	intensified	not_significant	9	9
Morus_015991-R1	20	146	1	-0.00003954847625209368	1	intensified	not_significant	0	1
Morus_015992-R1	20	202	0.7895892319599843	0.005322551673998532	0.9418412743018574	relaxed	not_significant	9	9
Morus_015992-R1	20	202	2.025091404056399	-0.00002979078135467716	1	intensified	not_significant	1	1
Morus_015995-R1	20	329	1.002275855743827	-0.0003281222689111019	1	intensified	not_significant	9	9
Morus_015995-R1	20	329	0	1.239752264111303	0.2655188039698249	relaxed	not_significant	1	1
Morus_015999-R1	20	176	3.241752271793528	3.828590834686565	0.0503852767337658	intensified	not_significant	9	9
Morus_015999-R1	20	176	50	0.01516199134766794	0.902000957839271	intensified	not_significant	1	1
Morus_016007-R1	20	109	0.002690024288953983	7.049511882460138	0.00792868542699654	relaxed	significant_relaxed	9	9
Morus_016007-R1	20	109	0.6406993974361458	0.1302458126601778	0.7181773080168973	relaxed	not_significant	1	1
Morus_016009-R1	20	280	0.1489852240191895	5.846570722450451	0.01560743622838323	relaxed	significant_relaxed	9	9
Morus_016009-R1	20	280	8.207308774953807	2.639151631985442	0.1042592049478108	intensified	not_significant	1	1
Morus_016018-R1	20	244	0.7505323125434943	0.1294097489653723	0.7190448180061635	relaxed	not_significant	9	9
Morus_016018-R1	20	244	1	-3.047489371965639E-8	1	intensified	not_significant	0	1
Morus_016030-R1	20	214	0.2317681599250612	4.280615261703588	0.03854939181743045	relaxed	significant_relaxed	9	9
Morus_016030-R1	20	214	38.53088059072575	3.96341206461193	0.04649935970223928	intensified	significant_intensified	1	1
Morus_016032-R1	20	199	0.113424898098999	2.840383642115739	0.09192226455525498	relaxed	not_significant	9	9
Morus_016032-R1	20	199	1.095447375682451	0.02579673667287352	0.8723977227027262	intensified	not_significant	1	1
Morus_016037-R1	20	321	1.364035672739225E-7	16.49399001072834	0.00004880453010758234	relaxed	significant_relaxed	9	9
Morus_016037-R1	20	321	50	1.663247805794526	0.1971653816557856	intensified	not_significant	1	1
Morus_016043-R1	20	250	0.266811412614773	0.987922947919742	0.3202505546175668	relaxed	not_significant	9	9
Morus_016043-R1	20	250	14.65712292323324	1.732459710526655	0.1880970744544481	intensified	not_significant	1	1
Morus_016049-R1	20	117	1.981483454356744	0.5207049458178972	0.4705411270562041	intensified	not_significant	9	9
Morus_016049-R1	20	117	1.054242288019034	0.004426134082677891	0.946956513180916	intensified	not_significant	1	1
Morus_016051-R1	20	416	0.7982201672278677	0.02772859053493448	0.8677485009539975	relaxed	not_significant	9	9
Morus_016051-R1	20	416	5.323737094477152	0.2498752023993802	0.6171629650105451	intensified	not_significant	1	1
Morus_016053-R1	20	132	2.095237102204355	0.4280063089277064	0.5129688470932765	intensified	not_significant	9	9
Morus_016053-R1	20	132	0.8508553692796708	0.06125867588752953	0.804517499243327	relaxed	not_significant	1	1
Morus_016056-R1	20	314	1.65000818602186	1.397143500529637	0.2372024278620126	intensified	not_significant	9	9
Morus_016056-R1	20	314	3.009247912505401	0.9694154590229118	0.3248260050496906	intensified	not_significant	1	1
Morus_016063-R1	20	365	9.480385461152231	0.4687396441495366	0.4935675632888614	intensified	not_significant	9	9
Morus_016063-R1	20	365	16.24875360605162	0.2595514042495779	0.6104285136873377	intensified	not_significant	1	1
Morus_016072-R1	20	168	1.767234247154926	0.895636506455503	0.3439544249866014	intensified	not_significant	9	9
Morus_016072-R1	20	168	12.88346447237413	1.265974242265202	0.2605232701418405	intensified	not_significant	1	1
Morus_016074-R1	20	386	0.6733748293698216	0.616173260495998	0.4324728912539252	relaxed	not_significant	9	9
Morus_016074-R1	20	386	1.696910609823349	0.1174849267526952	0.7317784615741691	intensified	not_significant	1	1
Morus_016076-R1	20	713	0.6169262213516317	2.78998025765577	0.09485539613514471	relaxed	not_significant	9	9
Morus_016076-R1	20	713	15.04375547600469	1.155077553394221	0.2824887569050543	intensified	not_significant	1	1
Morus_016080-R1	20	375	29.13565712926716	2.322487441306293	0.1275159694653989	intensified	not_significant	9	9
Morus_016080-R1	20	375	0.2394915111218472	0.2664908118840685	0.605695539041053	relaxed	not_significant	1	1
Morus_016090-R1	20	526	0.7612670030751675	0.3694113628043851	0.5433253008086969	relaxed	not_significant	9	9
Morus_016090-R1	20	526	0.9657728392659063	0.008105276820060681	0.9282639226810181	relaxed	not_significant	1	1
Morus_016096-R2	20	177	0.1529295937193789	1.730196921750121	0.1883857508485375	relaxed	not_significant	9	9
Morus_016096-R2	20	177	2.614177295449763E-7	5.644444119765012	0.01751076670946428	relaxed	significant_relaxed	1	1
Morus_016100-R1	20	367	1.061831232561526	0.1117440785747021	0.7381671973315203	intensified	not_significant	9	9
Morus_016100-R1	20	367	1.984310425977027	-0.002709579522161221	1	intensified	not_significant	1	1
Morus_016102-R1	20	366	1.002543573216168	0.00007194800036813831	0.993232251398205	intensified	not_significant	9	9
Morus_016102-R1	20	366	11.64412390449659	0.1415629060056744	0.7067321894872314	intensified	not_significant	1	1
Morus_016104-R1	20	290	0.1861005233061561	1.717549021349896	0.1900088457250557	relaxed	not_significant	9	9
Morus_016104-R1	20	290	0.8509780872914586	0.04352728288176877	0.8347355812748443	relaxed	not_significant	1	1
Morus_016109-R1	20	338	1.353798451254937	0.5671150969046721	0.4514075827725933	intensified	not_significant	9	9
Morus_016109-R1	20	338	0.3458131222676403	1.561781974216501	0.2114044956946651	relaxed	not_significant	1	1
Morus_016110-R1	20	462	1.589374257181884	0.7746254756948474	0.378789917154959	intensified	not_significant	9	9
Morus_016110-R1	20	462	0.00963684746208727	8.702012209941131	0.003178589758949135	relaxed	significant_relaxed	1	1
Morus_016120-R1	20	715	0.4500823858602472	1.290069070633763	0.2560352222722277	relaxed	not_significant	9	9
Morus_016120-R1	20	715	0.5926757833461314	1.751248637085155	0.1857198383373125	relaxed	not_significant	1	1
Morus_016126-R1	20	437	1.128677560507283	0.07804164856679563	0.7799690607705528	intensified	not_significant	9	9
Morus_016126-R1	20	437	0.3637957296974502	1.414483107962042	0.2343135952261819	relaxed	not_significant	1	1
Morus_016149-R1	20	604	1.025510330814432	0.01163470479878015	0.9141033452137143	intensified	not_significant	9	9
Morus_016149-R1	20	604	1	-0.0003471814306976739	1	intensified	not_significant	0	1
Morus_016153-R1	20	360	1.092754262636412	0.03029224849160528	0.8618287729358705	intensified	not_significant	9	9
Morus_016153-R1	20	360	0.4005876347404903	1.532372709335505	0.2157566924535996	relaxed	not_significant	1	1
Morus_016154-R1	20	135	0.4403994311826772	1.12359241505419	0.289146227075364	relaxed	not_significant	9	9
Morus_016154-R1	20	135	0	3.660921954485275	0.05570280167932973	relaxed	not_significant	1	1
Morus_016160-R1	20	814	1.258076125239773	0.5938219574727555	0.4409449855279085	intensified	not_significant	9	9
Morus_016160-R1	20	814	1.862183969788266	1.266727838432416	0.2603814339481779	intensified	not_significant	1	1
Morus_016169-R1	20	173	0.4013910992012511	0.631015287729042	0.426983144182737	relaxed	not_significant	9	9
Morus_016169-R1	20	173	1	-0.00003726684099092381	1	intensified	not_significant	0	1
Morus_016170-R1	20	351	0.2355073903255132	4.858743340842921	0.02750636414545171	relaxed	significant_relaxed	9	9
Morus_016170-R1	20	351	0.8544679875553026	-0.0001533804161226726	1	relaxed	not_significant	1	1
Morus_016173-R1	20	522	0.7337272740601156	0.4766280311550872	0.4899536630503413	relaxed	not_significant	9	9
Morus_016173-R1	20	522	0.5618416828013217	1.224704971145911	0.2684392720450556	relaxed	not_significant	1	1
Morus_016175-R1	20	225	2.314284773813223	0.08904787227402267	0.7653910962748516	intensified	not_significant	9	9
Morus_016175-R1	20	225	0.5856117756059587	0.04659641737271158	0.8290952925070234	relaxed	not_significant	1	1
Morus_016176-R1	20	110	5.239088777345719	1.894068505345103	0.1687437474970381	intensified	not_significant	9	9
Morus_016176-R1	20	110	0	1.885105665727451	0.1697549884894209	relaxed	not_significant	1	1
Morus_016182-R1	20	222	0.04559128454883356	0.9564865106203797	0.3280736893141304	relaxed	not_significant	9	9
Morus_016182-R1	20	222	0.2875229138580224	0.3381056286739295	0.5609247352490744	relaxed	not_significant	1	1
Morus_016183-R1	20	212	0.6079544606552172	0.8522379756464034	0.3559199954067118	relaxed	not_significant	9	9
Morus_016183-R1	20	212	0.2793367634386403	0.2778660595645306	0.5981033000454594	relaxed	not_significant	1	1
Morus_016190-R1	20	228	0.1148257390717286	5.792564915689582	0.01609409097024106	relaxed	significant_relaxed	9	9
Morus_016190-R1	20	228	0.8532123846199868	-0.000001000195425149286	1	relaxed	not_significant	1	1
Morus_016197-R3	20	339	1.561679007579509	1.385724629298238	0.2391284364050837	intensified	not_significant	9	9
Morus_016197-R3	20	339	0.6068296637772616	0.7897463573608547	0.3741768325263622	relaxed	not_significant	1	1
Morus_016200-R1	20	849	1.092820919966368	0.02856563265231671	0.8657858610562656	intensified	not_significant	9	9
Morus_016200-R1	20	849	0.2887462258588248	0.3821595031949983	0.5364497668451835	relaxed	not_significant	1	1
Morus_016202-R1	20	274	0.8687882742023414	0.04513335286537767	0.8317590102028674	relaxed	not_significant	9	9
Morus_016202-R1	20	274	0.01363881510796373	2.653762578299393	0.1033051195878897	relaxed	not_significant	1	1
Morus_016208-R1	20	258	0.7299719402921029	0.1521344095090171	0.6965039281855815	relaxed	not_significant	9	9
Morus_016208-R1	20	258	3.588216383217634	1.564564473671908	0.2109981431625912	intensified	not_significant	1	1
Morus_016217-R1	20	146	0.856504697420399	-0.000002196131845266791	1	relaxed	not_significant	9	9
Morus_016217-R1	20	146	1	-0.00001295231550102471	1	intensified	not_significant	0	1
Morus_016219-R1	20	353	1.502350671618702	1.483520867467632	0.2232244614784201	intensified	not_significant	9	9
Morus_016219-R1	20	353	0.09051449126428426	2.258945286166636	0.1328445099078006	relaxed	not_significant	1	1
Morus_016222-R1	20	484	0.7359136903399383	0.5117303837405416	0.4743907441787459	relaxed	not_significant	9	9
Morus_016222-R1	20	484	0.5926725524652562	1.102536759927716	0.2937100649019165	relaxed	not_significant	1	1
Morus_016224-R1	20	578	0.5207650517398628	5.396589719668555	0.02017613802130613	relaxed	significant_relaxed	9	9
Morus_016224-R1	20	578	0	2.935554866800885	0.08664888564244411	relaxed	not_significant	1	1
Morus_016228-R1	20	556	1.231579058072136	0.2334020761209104	0.629012634365393	intensified	not_significant	9	9
Morus_016228-R1	20	556	0.3430803355963907	1.452435970819351	0.2281374823290448	relaxed	not_significant	1	1
Morus_016234-R1	20	459	0.7347545851295426	1.370701521604133	0.2416913892269177	relaxed	not_significant	9	9
Morus_016234-R1	20	459	9.219655801614262	7.540450994951243	0.006032894013769274	intensified	significant_intensified	1	1
Morus_016262-R1	20	602	3.077192930806699	1.02782387064326	0.3106703264782384	intensified	not_significant	9	9
Morus_016262-R1	20	602	0.749957895221997	0.4734385733991076	0.4914095027975852	relaxed	not_significant	1	1
Morus_016267-R2	20	317	50	1.389408898850434	0.2385049478734819	intensified	not_significant	9	9
Morus_016267-R2	20	317	0.3560268000233621	1.605275560148584	0.2051571864270328	relaxed	not_significant	1	1
Morus_016275-R2	20	686	1.591982139808453	1.187182437755837	0.27589862962692	intensified	not_significant	9	9
Morus_016275-R2	20	686	0.4282553641116866	2.379726394807221	0.1229190737111518	relaxed	not_significant	1	1
Morus_016277-R1	20	301	0.2120518956339966	1.52902455394451	0.216258900910748	relaxed	not_significant	9	9
Morus_016277-R1	20	301	1.508095411774989	0.1670526088528277	0.6827446426092679	intensified	not_significant	1	1
Morus_016280-R1	20	613	0.8856596882229246	0.2540230163012893	0.6142564857053161	relaxed	not_significant	9	9
Morus_016280-R1	20	613	0.6085663809538324	2.379413683367602	0.1229436823459399	relaxed	not_significant	1	1
Morus_016281-R1	20	643	0.9813664575443676	0.0009127055964199826	0.9758987616126995	relaxed	not_significant	9	9
Morus_016281-R1	20	643	0.6661478985858936	0.1888803203073621	0.663850155483527	relaxed	not_significant	1	1
Morus_016282-R1	20	297	0.3960898051602627	7.442448252317263	0.006370317352704546	relaxed	significant_relaxed	9	9
Morus_016282-R1	20	297	50	2.688275209320636	0.1010891848789262	intensified	not_significant	1	1
Morus_016284-R1	20	460	2.896792392199566	2.904173284105127	0.0883505434782117	intensified	not_significant	9	9
Morus_016284-R1	20	460	0.4649742083549804	2.661013893017298	0.1028351656308043	relaxed	not_significant	1	1
Morus_016285-R1	20	448	0.1820637819662127	0.05352352736736066	0.8170417223339993	relaxed	not_significant	9	9
Morus_016285-R1	20	448	3.932071776872606E-14	2.770940282695847	0.09598975970740176	relaxed	not_significant	1	1
Morus_016286-R1	20	216	0.2349420547144464	2.93085979386251	0.08690120080634289	relaxed	not_significant	9	9
Morus_016286-R1	20	216	1	-0.0004151836496930628	1	intensified	not_significant	0	1
Morus_016294-R1	20	610	0.392920406978952	0.6702700565292616	0.4129574689405933	relaxed	not_significant	9	9
Morus_016294-R1	20	610	0.2809598473716715	0.02711219924094621	0.8692133147841749	relaxed	not_significant	1	1
Morus_016305-R1	20	288	0.8894593173814433	0.07515827232919037	0.7839692808947906	relaxed	not_significant	9	9
Morus_016305-R1	20	288	1.492836161798208E-14	2.862379862354373	0.09067325634387136	relaxed	not_significant	1	1
Morus_016309-R1	20	401	8.042898275735488E-10	0.4729962251603865	0.4916119846847384	relaxed	not_significant	9	9
Morus_016309-R1	20	401	1	-0.0002126167382812127	1	intensified	not_significant	0	1
Morus_016313-R1	20	227	0.111333773303857	1.27036298232224	0.2596985957740394	relaxed	not_significant	9	9
Morus_016313-R1	20	227	9.205006395588521	0.6897780054177929	0.4062398996066926	intensified	not_significant	1	1
Morus_016321-R4	20	211	1.727401773092494	0.51695165252886	0.472144924902126	intensified	not_significant	9	9
Morus_016321-R4	20	211	24.83006229765831	1.653482262862326	0.1984856384889527	intensified	not_significant	1	1
Morus_016324-R1	20	876	6.473440182439189E-9	4.453929879908173	0.03482102692932121	relaxed	significant_relaxed	9	9
Morus_016324-R1	20	876	1.087052488609297	0.02650440001161769	0.8706745540403197	intensified	not_significant	1	1
Morus_016325-R1	20	187	0.7803670098815073	0.03316622397369429	0.8554917215787157	relaxed	not_significant	9	9
Morus_016325-R1	20	187	0.9450723600151918	0.003799449643793196	0.9508497802117991	relaxed	not_significant	1	1
Morus_016340-R1	20	587	3.005368372651492	4.822810579886209	0.0280855137428272	intensified	significant_intensified	9	9
Morus_016340-R1	20	587	0.3000488904931112	0.455328473193731	0.4998153489127418	relaxed	not_significant	1	1
Morus_016343-R1	20	463	3.801816535007675	2.29564000710252	0.1297377235955326	intensified	not_significant	9	9
Morus_016343-R1	20	463	13.86497716148157	1.280992271230389	0.2577146208185318	intensified	not_significant	1	1
Morus_016347-R1	20	273	1.207933614260188	0.1471105353803068	0.7013120696627964	intensified	not_significant	9	9
Morus_016347-R1	20	273	0.3913070034607776	0.07986685923879122	0.7774779201125663	relaxed	not_significant	1	1
Morus_016350-R1	20	444	0.09890595501519407	1.931258057780724	0.1646208728226755	relaxed	not_significant	9	9
Morus_016350-R1	20	444	0.2845150906702694	1.789486122792368	0.1809887863490404	relaxed	not_significant	1	1
Morus_016352-R1	20	371	0.5558067707888585	1.607539263532999	0.2048380511026336	relaxed	not_significant	9	9
Morus_016352-R1	20	371	1.19036246197385	0.08023393376970489	0.7769806410741	intensified	not_significant	1	1
Morus_016355-R1	20	1236	1.008332603666452	0.0007725198811385781	0.9778262585138024	intensified	not_significant	9	9
Morus_016355-R1	20	1236	1.986820960777561	2.729095983078878	0.09853504556366388	intensified	not_significant	1	1
Morus_016357-R1	20	1077	0.6392598027174154	4.619177858068724	0.031616388583661	relaxed	significant_relaxed	9	9
Morus_016357-R1	20	1077	0.7572109309315054	0.8300841744494392	0.3622481902686875	relaxed	not_significant	1	1
Morus_016363-R1	20	332	0.672450929579064	0.289880799772618	0.5902969267314746	relaxed	not_significant	9	9
Morus_016363-R1	20	332	0.9188578112519058	0.02044231877152924	0.8863086324658026	relaxed	not_significant	1	1
Morus_016365-R1	20	213	1.247877147652447	0.2042924057041091	0.6512782222011868	intensified	not_significant	9	9
Morus_016365-R1	20	213	0.1565798777565864	4.632467038183677	0.03137242194172474	relaxed	significant_relaxed	1	1
Morus_016371-R1	20	265	0.7783061423841124	0.5773358415426628	0.447358484811292	relaxed	not_significant	9	9
Morus_016371-R1	20	265	11.53324304245802	1.332013206300871	0.2484473819468697	intensified	not_significant	1	1
Morus_016376-R1	20	304	4.391189907901176	1.985436336978637	0.1588188696033429	intensified	not_significant	9	9
Morus_016376-R1	20	304	16.79503145267861	4.064224297601868	0.04380079797998371	intensified	significant_intensified	1	1
Morus_016381-R1	20	895	1.558142176127256	0.716196887939077	0.3973942394205608	intensified	not_significant	9	9
Morus_016381-R1	20	895	1.611151886214744	1.669372913773259	0.1963425486055485	intensified	not_significant	1	1
Morus_016382-R4	20	290	1.358622116552925	0.9521271243174851	0.3291784465756361	intensified	not_significant	9	9
Morus_016382-R4	20	290	5.716171497674003	2.020719186456517	0.1551656357840425	intensified	not_significant	1	1
Morus_016383-R2	20	636	0.3249022917385429	3.058473614104514	0.08031708520716951	relaxed	not_significant	9	9
Morus_016383-R2	20	636	0.2734788084814082	0.5097917063067143	0.4752290387716189	relaxed	not_significant	1	1
Morus_016385-R1	20	140	0.7514010410861189	0.180887742535333	0.6706114361096385	relaxed	not_significant	9	9
Morus_016385-R1	20	140	1	-0.00001663079501668108	1	intensified	not_significant	0	1
Morus_016386-R1	20	322	0.5273271948748659	0.5137227393997819	0.47353173627454	relaxed	not_significant	9	9
Morus_016386-R1	20	322	0.4491576422583067	1.540897224533182	0.2144843045542406	relaxed	not_significant	1	1
Morus_016397-R1	20	143	27.33918807667566	1.766373030333853	0.1838315828479007	intensified	not_significant	9	9
Morus_016397-R1	20	143	11.95166154683736	0.7458184388742666	0.3878033757852393	intensified	not_significant	1	1
Morus_016401-R1	20	463	2.462559329081271	6.405583136819587	0.01137620568230846	intensified	significant_intensified	9	9
Morus_016401-R1	20	463	0.80317462890525	0.2008044568010519	0.654072293782164	relaxed	not_significant	1	1
Morus_016404-R1	20	366	0.7814379784027882	0.2328278372133354	0.6294349113757532	relaxed	not_significant	9	9
Morus_016404-R1	20	366	0	0.6730288825456228	0.4119975897484556	relaxed	not_significant	1	1
Morus_016415-R1	20	297	0.7890778491805694	0.2942122876647773	0.5875337562196477	relaxed	not_significant	9	9
Morus_016415-R1	20	297	0	2.65370618678844	0.1033087834909283	relaxed	not_significant	1	1
Morus_016418-R1	20	174	0	0.7198043979915383	0.3962080776958832	relaxed	not_significant	9	9
Morus_016418-R1	20	174	0.1515713939832931	0.4050836389233154	0.5244754633879645	relaxed	not_significant	1	1
Morus_016419-R1	20	294	0.551979835707416	1.044301121949502	0.3068232504063138	relaxed	not_significant	9	9
Morus_016419-R1	20	294	1.31550700445335E-7	3.485047270002724	0.06192559275240506	relaxed	not_significant	1	1
Morus_016428-R1	20	325	0.9380990486393668	0.005056074867752613	0.9433133278603514	relaxed	not_significant	9	9
Morus_016428-R1	20	325	0.5911708957245856	0.1397438249878178	0.7085358178301444	relaxed	not_significant	1	1
Morus_016429-R1	20	262	0.3112156958798676	3.107192952968944	0.07794719195640609	relaxed	not_significant	9	9
Morus_016429-R1	20	262	9.075540050286763	10.66153187874443	0.001093867606826504	intensified	significant_intensified	1	1
Morus_016435-R1	20	714	1.14093946049371	0.3225710576989513	0.5700666148744165	intensified	not_significant	9	9
Morus_016435-R1	20	714	2.491840973251321	5.888023348126808	0.0152442019630652	intensified	significant_intensified	1	1
Morus_016442-R1	20	826	1.582581504795022	0.6409019332040771	0.4233843827607011	intensified	not_significant	9	9
Morus_016442-R1	20	826	6.060531381669836	3.64517155226531	0.05623201048853466	intensified	not_significant	1	1
Morus_016444-R1	20	360	1.685162592018179	0.7776477107399842	0.3778615203080504	intensified	not_significant	9	9
Morus_016444-R1	20	360	0.7062718857075398	0.5210349588769532	0.4704005316684026	relaxed	not_significant	1	1
Morus_016452-R4	20	175	1.517863871805187	0.5705899946556201	0.450024563490683	intensified	not_significant	9	9
Morus_016452-R4	20	175	11.41986779667371	0.5229615952011955	0.4695810767702783	intensified	not_significant	1	1
Morus_016453-R1	20	748	0.5281608145256645	2.187593996442956	0.1391264918839457	relaxed	not_significant	9	9
Morus_016453-R1	20	748	2.993752212926527E-7	4.997091362725769	0.02538995281011158	relaxed	significant_relaxed	1	1
Morus_016454-R1	20	536	2.877350047196317E-8	44.89389323221803	2.080058347786462E-11	relaxed	significant_relaxed	9	9
Morus_016454-R1	20	536	1	-0.0006075070195947774	1	intensified	not_significant	0	1
Morus_016526-R1	20	332	2.027637667654999	2.620196117816704	0.1055113995561054	intensified	not_significant	9	9
Morus_016526-R1	20	332	2.503703986171681	1.020526355284346	0.312394188788865	intensified	not_significant	1	1
Morus_016536-R1	20	122	0.8532091329195782	-1.31863089336548E-8	1	relaxed	not_significant	9	9
Morus_016536-R1	20	122	0.8648893172721605	-4.125354280404281E-8	1	relaxed	not_significant	1	1
Morus_016545-R1	20	109	0.2073387759565025	9.223380712480321	0.002389439271843208	relaxed	significant_relaxed	9	9
Morus_016545-R1	20	109	0.1715054128744119	0.3799649111278995	0.5376220159529261	relaxed	not_significant	1	1
Morus_016546-R1	20	80	8.458230444887627E-10	1.35312085595524	0.2447332647800793	relaxed	not_significant	9	9
Morus_016546-R1	20	80	1	-0.0001381611175474973	1	intensified	not_significant	0	1
Morus_016547-R1	20	448	1.005280046400202	-0.0001407098816343932	1	intensified	not_significant	9	9
Morus_016547-R1	20	448	0.2389749905499667	2.842951826624812	0.09177547694724009	relaxed	not_significant	1	1
Morus_016553-R1	20	189	1.494625326209133	0.6189760041220325	0.4314280639391394	intensified	not_significant	9	9
Morus_016553-R1	20	189	1.040568105057616	0.008240764314905391	0.9276684703716751	intensified	not_significant	1	1
Morus_016574-R1	20	237	0.147512244266682	10.89398195714648	0.0009647719980537817	relaxed	significant_relaxed	9	9
Morus_016574-R1	20	237	0.04054382202512017	0.4936938446730892	0.4822841757478592	relaxed	not_significant	1	1
Morus_016575-R1	20	73	2.002102005669338	1.234134328997925	0.2666045136711888	intensified	not_significant	9	9
Morus_016576-R1	20	498	2.414017794736713	0.3521732154076744	0.5528854961724396	intensified	not_significant	9	9
Morus_016576-R1	20	498	0.4502070801062643	0.4924174504340044	0.4828509125131214	relaxed	not_significant	1	1
Morus_016584-R1	20	484	1.271252163953276	0.3715938122941225	0.5421367831507722	intensified	not_significant	9	9
Morus_016584-R1	20	484	0.938828799030817	0.01005872021778487	0.9201115786456281	relaxed	not_significant	1	1
Morus_016585-R1	20	501	0.1846711099279978	20.9323432496185	0.000004757930313292746	relaxed	significant_relaxed	9	9
Morus_016585-R1	20	501	4.449495335955022	5.285107553585476	0.02150856363822806	intensified	significant_intensified	1	1
Morus_016592-R1	20	327	1.072237920700189	0.009107875969675661	0.9239691640591372	intensified	not_significant	9	9
Morus_016592-R1	20	327	1	-0.00006025029415468452	1	intensified	not_significant	0	1
Morus_016603-R1	20	230	0.6998805790930002	0.2973060935623835	0.5855762077091571	relaxed	not_significant	9	9
Morus_016603-R1	20	230	0.7828364976080278	0.1269766325567616	0.7215875993177607	relaxed	not_significant	1	1
Morus_016608-R1	20	156	2.082465472032559	0.07134173239865049	0.7893931442159032	intensified	not_significant	9	9
Morus_016608-R1	20	156	0.1506568207416572	3.161155967025934	0.07540976851446746	relaxed	not_significant	1	1
Morus_016615-R1	20	381	1.365347043076838	0.4869950048750979	0.4852708348971758	intensified	not_significant	9	9
Morus_016615-R1	20	381	1.465625352860768	0.4580633247696824	0.4985304744846694	intensified	not_significant	1	1
Morus_016660-R1	20	276	0.2143336424415005	2.18924730809249	0.1389772159097622	relaxed	not_significant	9	9
Morus_016660-R1	20	276	0.3997198280094247	0.06790048974562524	0.794418555537804	relaxed	not_significant	1	1
Morus_016675-R1	20	307	0.5213753289736267	5.154619130717037	0.02318461985086895	relaxed	significant_relaxed	9	9
Morus_016675-R1	20	307	0.01558407788045019	2.297822005755734	0.1295555519721311	relaxed	not_significant	1	1
Morus_016681-R1	20	106	0.2067979915406616	0.4499300002173641	0.5023681980534178	relaxed	not_significant	9	9
Morus_016681-R1	20	106	1	-0.0001009092582080484	1	intensified	not_significant	0	1
Morus_016690-R1	20	198	1.1393908480839	0.1555238270016162	0.6933115112566748	intensified	not_significant	9	9
Morus_016690-R1	20	198	1.001552159903232	-0.0008711929904166027	1	intensified	not_significant	1	1
Morus_016696-R1	20	460	3.600023511315999	3.622570169520259	0.05700075036107899	intensified	not_significant	9	9
Morus_016696-R1	20	460	8.545429487918628E-8	5.442328776191061	0.01965444792666049	relaxed	significant_relaxed	1	1
Morus_016706-R1	20	553	2.831317893696793	0.6823776406054094	0.4087691926372029	intensified	not_significant	9	9
Morus_016706-R1	20	553	2.738367875788397	2.195503295219169	0.1384139925448064	intensified	not_significant	1	1
Morus_016707-R1	20	83	0.5957945814547789	0.6680391736742877	0.413736076749378	relaxed	not_significant	9	9
Morus_016707-R1	20	83	0.4949790638441317	0.9657217792384927	0.3257494775175136	relaxed	not_significant	1	1
Morus_016711-R1	20	171	1.138598102487521E-7	5.175340934721589	0.02290967534010024	relaxed	significant_relaxed	9	9
Morus_016711-R1	20	171	38.2185938029575	1.679272766569738	0.1950211128183607	intensified	not_significant	1	1
Morus_016721-R1	20	121	1.876957125610901	0.4716846462515605	0.4922131717805523	intensified	not_significant	9	9
Morus_016721-R1	20	121	1	-0.000002517127768442151	1	intensified	not_significant	0	1
Morus_016737-R1	20	916	1.344147196463583	2.275424208188269	0.1314391565828678	intensified	not_significant	9	9
Morus_016737-R1	20	916	1.279955171034436	0.5437902005560318	0.4608661753161341	intensified	not_significant	1	1
Morus_016738-R1	20	889	1.331870072658863	0.6350355648210098	0.4255142293960879	intensified	not_significant	9	9
Morus_016738-R1	20	889	0.2968242416550472	0.4261749776687793	0.5138718220935752	relaxed	not_significant	1	1
Morus_016772-R1	20	122	9.740054365127952	3.966926117715502	0.04640240651368832	intensified	significant_intensified	9	9
Morus_016772-R1	20	122	2.508351448784622E-7	2.166911511719263	0.1410091820875541	relaxed	not_significant	1	1
Morus_016776-R1	20	297	2.300261137686859	1.288021501050935	0.2564128832411596	intensified	not_significant	9	9
Morus_016776-R1	20	297	0.4391514012510389	0.9896840062647243	0.319819618438588	relaxed	not_significant	1	1
Morus_016778-R2	20	227	0.1918373352913012	6.680957980744552	0.009744823853312656	relaxed	significant_relaxed	9	9
Morus_016778-R2	20	227	0.000001676071131153671	1.741574000855508	0.1869395140244924	relaxed	not_significant	1	1
Morus_016791-R1	20	193	8.317637158525681	1.946664958777092	0.1629466869983301	intensified	not_significant	9	9
Morus_016791-R1	20	193	2.474858982667299	0.7058974908823075	0.4008091190252093	intensified	not_significant	1	1
Morus_016796-R1	20	300	0.9137759134255722	0.0446321413746773	0.8326818938464224	relaxed	not_significant	9	9
Morus_016796-R1	20	300	1.488187162489979	1.376084117583559	0.2407692923924828	intensified	not_significant	1	1
Morus_016805-R1	20	320	0.6429564427742397	0.8814879532046689	0.3477944647682383	relaxed	not_significant	9	9
Morus_016805-R1	20	320	9.594768955520637E-7	0.4613745470460344	0.4969822765796049	relaxed	not_significant	1	1
Morus_016806-R7	20	212	22.70632938112849	3.492597125799875	0.06164380529475011	intensified	not_significant	9	9
Morus_016806-R7	20	212	0	2.195952215352918	0.1383736750366984	relaxed	not_significant	1	1
Morus_016808-R1	20	338	1.390369233738449	0.6656500132612564	0.4145723339543806	intensified	not_significant	9	9
Morus_016808-R1	20	338	3.486216252143911E-9	3.468433032659959	0.06255053819478629	relaxed	not_significant	1	1
Morus_016810-R1	20	400	0.7569376393709215	0.2877346787936403	0.591675871790472	relaxed	not_significant	9	9
Morus_016810-R1	20	400	0.8532131125406128	-0.000001389942553942092	1	relaxed	not_significant	1	1
Morus_016812-R1	20	664	12.55817774924789	3.760279403764798	0.05248380779627382	intensified	not_significant	9	9
Morus_016812-R1	20	664	16.98255138706102	0.7059421704871056	0.4007942132985048	intensified	not_significant	1	1
Morus_016819-R1	20	643	0.384356689916899	1.989715414769307	0.1583706384886105	relaxed	not_significant	9	9
Morus_016819-R1	20	643	0.1002693671399145	4.064795448157383	0.0437859878293525	relaxed	significant_relaxed	1	1
Morus_016822-R1	20	431	3.340507556688482	22.09051594932862	0.000002600915745110122	intensified	significant_intensified	9	9
Morus_016822-R1	20	431	50	0.5416436891746343	0.4617523256254108	intensified	not_significant	1	1
Morus_016823-R1	20	247	0.3282683919287058	1.91877586876808	0.1659916707067675	relaxed	not_significant	9	9
Morus_016823-R1	20	247	0.7093961503058066	0.1736352765128686	0.6769010262271504	relaxed	not_significant	1	1
Morus_016825-R1	20	317	0.9493173992532897	0.01858599971728836	0.8915600294495272	relaxed	not_significant	9	9
Morus_016825-R1	20	317	1	-0.000001346382305200677	1	intensified	not_significant	0	1
Morus_016828-R1	20	155	0.8849537192954597	0.06194827139506742	0.8034427017696862	relaxed	not_significant	9	9
Morus_016828-R1	20	155	18.04794798076577	0.7302737261570655	0.3927944776324621	intensified	not_significant	1	1
Morus_016833-R1	20	1527	0.8908882497893081	0.04494257913756883	0.8321096487260189	relaxed	not_significant	9	9
Morus_016833-R1	20	1527	1.385310582715017	1.331766916562628	0.2484911246827997	intensified	not_significant	1	1
Morus_016838-R1	20	152	42.66558217934174	5.569348246397112	0.01827756280167803	intensified	significant_intensified	9	9
Morus_016838-R1	20	152	1	-5.966503522358835E-7	1	intensified	not_significant	0	1
Morus_016839-R1	20	608	0.3190723226224605	1.949044130049515	0.1626898921282799	relaxed	not_significant	9	9
Morus_016839-R1	20	608	0.683140084260152	0.4479265073641727	0.503321271196235	relaxed	not_significant	1	1
Morus_016844-R1	20	468	1.000003808106808	-0.0001209490192195517	1	intensified	not_significant	9	9
Morus_016844-R1	20	468	0.6457650374006904	0.5549447011990196	0.4563043009825499	relaxed	not_significant	1	1
Morus_016846-R1	20	132	4.587520423856824E-8	6.426126998396285	0.01124535310202757	relaxed	significant_relaxed	9	9
Morus_016846-R1	20	132	13.16873729413602	0.319218271734826	0.572077814157792	intensified	not_significant	1	1
Morus_016855-R1	20	255	1.383310851636547	0.2386096692880528	0.6252120930702426	intensified	not_significant	9	9
Morus_016855-R1	20	255	0	2.367728753570191	0.1238671508022994	relaxed	not_significant	1	1
Morus_016857-R1	20	279	2.888942813082985	0.7693934373864977	0.3804047627955156	intensified	not_significant	9	9
Morus_016857-R1	20	279	3.783049014123775E-9	6.738719794773715	0.009434230297955315	relaxed	significant_relaxed	1	1
Morus_016858-R1	20	437	2.255690214536032	1.608128590314664	0.2047550643150093	intensified	not_significant	9	9
Morus_016858-R1	20	437	0.5497833842136101	0.8370375066797351	0.3602454222602183	relaxed	not_significant	1	1
Morus_016860-R1	20	640	1.437699287021464	2.347659836719686	0.1254712373358556	intensified	not_significant	9	9
Morus_016860-R1	20	640	0.2679045384830725	3.688716318032675	0.05478176240023602	relaxed	not_significant	1	1
Morus_016861-R1	20	378	3.450790032423863	2.852450921538548	0.09123475322883612	intensified	not_significant	9	9
Morus_016861-R1	20	378	3.396467032501347	0.06356127716389892	0.8009532430558768	intensified	not_significant	1	1
Morus_016862-R1	20	448	0.6139305084299078	0.6094523813899286	0.4349940727920676	relaxed	not_significant	9	9
Morus_016862-R1	20	448	0.1165465665451752	1.864936411252529	0.172056147169721	relaxed	not_significant	1	1
Morus_016863-R1	20	471	0.6285990684234239	1.264036056139958	0.2608885006917705	relaxed	not_significant	9	9
Morus_016863-R1	20	471	0.316904581797506	4.112451179780692	0.04256862362254277	relaxed	significant_relaxed	1	1
Morus_016864-R1	20	373	1.915648940609051	2.141423982850938	0.1433687583646902	intensified	not_significant	9	9
Morus_016864-R1	20	373	0.8091962262560038	0.09434734906335507	0.7587214867302552	relaxed	not_significant	1	1
Morus_016868-R1	20	307	2.514485302211414	1.146043214064775	0.2843789779375742	intensified	not_significant	9	9
Morus_016868-R1	20	307	0.3045064609976161	1.654486662326235	0.1983493708667653	relaxed	not_significant	1	1
Morus_016877-R1	20	99	0.8544692246966145	-0.0001826509334250659	1	relaxed	not_significant	9	9
Morus_016877-R1	20	99	1	-0.000041961164811255	1	intensified	not_significant	0	1
Morus_016878-R1	20	288	0.4789961901562406	2.897222483436053	0.08873232557241628	relaxed	not_significant	9	9
Morus_016878-R1	20	288	0.6762035346345998	0.05849868955556303	0.8088847528570424	relaxed	not_significant	1	1
Morus_016880-R1	20	283	1.049843300598546	0.007482247143798304	0.9310689692023788	intensified	not_significant	9	9
Morus_016880-R1	20	283	0.1146157518790942	1.75413654701606	0.1853575548067136	relaxed	not_significant	1	1
Morus_016881-R1	20	351	0.2251761317911808	8.889926790836398	0.002867482296372015	relaxed	significant_relaxed	9	9
Morus_016881-R1	20	351	4.145741741493323E-9	10.34118430622311	0.001300945151068156	relaxed	significant_relaxed	1	1
Morus_016886-R2	20	413	2.127195186143173	1.522398404738851	0.217256903680508	intensified	not_significant	9	9
Morus_016886-R2	20	413	0	2.594907355869509	0.1072077082596854	relaxed	not_significant	1	1
Morus_016891-R1	20	414	0.662095178679428	1.842334383959496	0.1746775895347313	relaxed	not_significant	9	9
Morus_016891-R1	20	414	3.722556685689425	2.49881023652506	0.1139323406658598	intensified	not_significant	1	1
Morus_016897-R2	20	269	0.794791322547021	0.1306236604191326	0.7177862809096395	relaxed	not_significant	9	9
Morus_016897-R2	20	269	23.6656639018106	3.18783272231758	0.07418830834486556	intensified	not_significant	1	1
Morus_016898-R1	20	524	0.4041780405554898	5.566498368125394	0.01830733635188353	relaxed	significant_relaxed	9	9
Morus_016898-R1	20	524	16.58886477142538	2.074179883698889	0.1498104458712647	intensified	not_significant	1	1
Morus_016901-R3	20	733	0.8628507904727026	0.1119114364973939	0.7379783988582245	relaxed	not_significant	9	9
Morus_016901-R3	20	733	0.9938177338785554	-0.00001854157926572952	1	relaxed	not_significant	1	1
Morus_016902-R1	20	366	0.0448896151771839	15.7430901676853	0.00007255246359916256	relaxed	significant_relaxed	9	9
Morus_016902-R1	20	366	1	-0.00006189002851897385	1	intensified	not_significant	0	1
Morus_016910-R1	20	358	1.175211962459415	0.06903785150916519	0.7927428520010863	intensified	not_significant	9	9
Morus_016910-R1	20	358	0.9926378261147278	0.0001181183079097536	0.991328582026519	relaxed	not_significant	1	1
Morus_016912-R1	20	113	1.114757954695692	0.01111373080811973	0.9160412130415135	intensified	not_significant	9	9
Morus_016912-R1	20	113	1	-0.00008870674082572805	1	intensified	not_significant	0	1
Morus_016917-R1	20	1213	0.4933720719289114	3.505581679852185	0.06116236397512043	relaxed	not_significant	9	9
Morus_016917-R1	20	1213	0.4684964712419085	0.5922271506715333	0.4415591834032722	relaxed	not_significant	1	1
Morus_016921-R1	20	575	2.007112828454369	2.562305973295224	0.1094388487505142	intensified	not_significant	9	9
Morus_016921-R1	20	575	1.192964580395368	0.07494892940121645	0.7842629004807822	intensified	not_significant	1	1
Morus_016930-R1	20	261	1.681205446392211	0.3490619020703889	0.5546446455236651	intensified	not_significant	9	9
Morus_016930-R1	20	261	0	2.6077963863072	0.1063394357609249	relaxed	not_significant	1	1
Morus_016933-R1	20	388	1.116629643934757	0.1657928214108324	0.6838782526313695	intensified	not_significant	9	9
Morus_016933-R1	20	388	0	0.3381864624398077	0.5608779053478645	relaxed	not_significant	1	1
Morus_016938-R1	20	322	0.5269535618171827	1.155817881091934	0.2823345667508894	relaxed	not_significant	9	9
Morus_016938-R1	20	322	0.6946069445468971	0.5071258048401432	0.4763857272510481	relaxed	not_significant	1	1
Morus_016940-R1	20	329	0.7437665775484292	0.2187805832363665	0.6399706276181709	relaxed	not_significant	9	9
Morus_016940-R1	20	329	0.2872625453255426	0.1515056312919114	0.6971006556003417	relaxed	not_significant	1	1
Morus_016941-R1	20	482	0.3189909910277097	8.270210424479956	0.00403008352574441	relaxed	significant_relaxed	9	9
Morus_016941-R1	20	482	0.7364964476449105	0.3181541209341958	0.5727190679934768	relaxed	not_significant	1	1
Morus_016942-R1	20	278	1.371243822657218	0.3511883222408869	0.5534412193459814	intensified	not_significant	9	9
Morus_016942-R1	20	278	0.3144790693286708	0.4476701997100463	0.5034434208455283	relaxed	not_significant	1	1
Morus_016944-R1	20	683	1.367367508034679	0.8317433866068313	0.3617688946403645	intensified	not_significant	9	9
Morus_016944-R1	20	683	0.02311788477019053	3.787525777128394	0.0516359232170247	relaxed	not_significant	1	1
Morus_016948-R1	20	249	0.2526338307793544	22.10222677196907	0.000002585097015783688	relaxed	significant_relaxed	9	9
Morus_016948-R1	20	249	1	1.818989403545856E-12	0.9999989238937692	intensified	not_significant	0	1
Morus_016949-R1	20	655	3.564388441345033	1.569004432234578	0.2103516532588258	intensified	not_significant	9	9
Morus_016949-R1	20	655	0.5478798799347693	0.05987906799964549	0.8066871806285266	relaxed	not_significant	1	1
Morus_016950-R1	20	351	1.671936077580698	0.01133228145499743	0.9152227940425097	intensified	not_significant	9	9
Morus_016950-R1	20	351	0.850143548392816	0.054955619237262	0.8146541603658917	relaxed	not_significant	1	1
Morus_016954-R1	20	349	1.794776638522071	1.038678291582073	0.3081290657079289	intensified	not_significant	9	9
Morus_016954-R1	20	349	3.242046112776076E-9	1.155979167933765	0.2823009892032216	relaxed	not_significant	1	1
Morus_016958-R1	20	536	0.9094336836847525	0.1171005884234546	0.7322006618613319	relaxed	not_significant	9	9
Morus_016958-R1	20	536	0.2946097176062799	6.106525060247805	0.01346836778038774	relaxed	significant_relaxed	1	1
Morus_016960-R1	20	433	0.1046871711566673	0.8273267220029084	0.3630466760119917	relaxed	not_significant	9	9
Morus_016960-R1	20	433	0	0.5046132762327034	0.4774800718961026	relaxed	not_significant	1	1
Morus_016962-R1	20	190	0.1071762539908103	0.3748859931265542	0.5403529547807436	relaxed	not_significant	9	9
Morus_016962-R1	20	190	26.01020865534441	0.5146326939984647	0.4731402460227035	intensified	not_significant	1	1
Morus_016964-R1	20	300	0.8591171712165729	0.280337715837959	0.5964799512671917	relaxed	not_significant	9	9
Morus_016964-R1	20	300	1.763966289007547	1.193462157817521	0.2746323088911511	intensified	not_significant	1	1
Morus_016966-R1	20	297	0.4321736643766781	2.828520913210923	0.09260361089730618	relaxed	not_significant	9	9
Morus_016966-R1	20	297	0.1059245805179601	1.520310711101047	0.2175724795154648	relaxed	not_significant	1	1
Morus_016967-R1	20	321	0.8427505152910727	0.08596853146627836	0.7693662974251656	relaxed	not_significant	9	9
Morus_016967-R1	20	321	1	-0.0001711907307253568	1	intensified	not_significant	0	1
Morus_016968-R1	20	158	0.3725567606483029	0.7057154340263878	0.4008698640011438	relaxed	not_significant	9	9
Morus_016968-R1	20	158	1	-0.00007989433788679889	1	intensified	not_significant	0	1
Morus_016970-R1	20	353	1.316145548998628	0.06635463805287145	0.7967203069250846	intensified	not_significant	9	9
Morus_016970-R1	20	353	0	2.005354209862162	0.1567446777688761	relaxed	not_significant	1	1
Morus_016971-R1	20	676	0.8584209314949135	0.481782128508712	0.4876161927174679	relaxed	not_significant	9	9
Morus_016971-R1	20	676	0.5203659509802891	0.3452750839878718	0.5568000547068848	relaxed	not_significant	1	1
Morus_016975-R1	20	233	0.2511128326262965	2.257151730876103	0.1329984774701168	relaxed	not_significant	9	9
Morus_016975-R1	20	233	1	-0.0002076736782328226	1	intensified	not_significant	0	1
Morus_016977-R1	20	289	0.6203530998744906	1.769018360614609	0.183503611373948	relaxed	not_significant	9	9
Morus_016977-R1	20	289	31.2953621420046	2.484010410393694	0.1150086656878739	intensified	not_significant	1	1
Morus_016981-R1	20	455	0.4944713525783056	3.76442236553703	0.05235393823753187	relaxed	not_significant	9	9
Morus_016981-R1	20	455	0.1972610972548428	0.28866290922997	0.5910786462259205	relaxed	not_significant	1	1
Morus_016982-R1	20	485	1.945468549810554	3.02023351848311	0.08223162456575484	intensified	not_significant	9	9
Morus_016982-R1	20	485	0.1659258583191153	0.473392823564609	0.4914304380090978	relaxed	not_significant	1	1
Morus_016985-R1	20	261	0.3565833790068704	3.883014692230063	0.04877689880840475	relaxed	significant_relaxed	9	9
Morus_016985-R1	20	261	0.574925789358751	0.8420170339081778	0.3588205346842169	relaxed	not_significant	1	1
Morus_016991-R1	20	246	0.4125338855917389	1.017327612627469	0.3131537467559536	relaxed	not_significant	9	9
Morus_016991-R1	20	246	0.8197560558014416	0.1762905607647554	0.6745806474454459	relaxed	not_significant	1	1
Morus_016992-R2	20	945	1.248161216146701	0.6733524807859794	0.4118852157911329	intensified	not_significant	9	9
Morus_016992-R2	20	945	0.5089801965830907	1.21524705986667	0.2702954393269328	relaxed	not_significant	1	1
Morus_016993-R1	20	459	0.7522579612691013	0.3286552912913976	0.5664519761788085	relaxed	not_significant	9	9
Morus_016993-R1	20	459	0.1106249545642003	0.3362831109780018	0.5619825785397532	relaxed	not_significant	1	1
Morus_016995-R1	20	146	0	0.2887035279509291	0.5910525403195457	relaxed	not_significant	9	9
Morus_016995-R1	20	146	0.9400397941415107	0.01234109890310719	0.9115445830460136	relaxed	not_significant	1	1
Morus_016996-R1	20	146	2.961061949060038	1.180037221574821	0.2773484181725003	intensified	not_significant	9	9
Morus_016996-R1	20	146	1.7458652302328E-7	1.324771844419502	0.2497374461709935	relaxed	not_significant	1	1
Morus_016997-R1	20	234	2.265203356047552	3.075479939571778	0.07948113128049439	intensified	not_significant	9	9
Morus_016997-R1	20	234	0.000001290640242090342	2.017144520946204	0.1555313815622025	relaxed	not_significant	1	1
Morus_016998-R1	20	245	0.5090908378665309	0.6676355414078898	0.4138771814741838	relaxed	not_significant	9	9
Morus_016998-R1	20	245	13.61993530437341	1.472710190817452	0.2249185730727435	intensified	not_significant	1	1
Morus_017000-R1	20	356	0.7422272682779621	0.3649807055144265	0.5457530072819903	relaxed	not_significant	9	9
Morus_017000-R1	20	356	1.000131466784	-0.0002515148680686252	1	intensified	not_significant	1	1
Morus_017008-R1	20	337	24.42470007432399	9.154343121925194	0.002481284339157841	intensified	significant_intensified	9	9
Morus_017008-R1	20	337	39.60408134671337	1.571229918305107	0.2100284897018774	intensified	not_significant	1	1
Morus_017013-R1	20	549	0.4230896844783355	3.179980202459774	0.07454563300711448	relaxed	not_significant	9	9
Morus_017013-R1	20	549	1.048391094454559	0.006953874001737859	0.9335415259496693	intensified	not_significant	1	1
Morus_017014-R2	20	288	1.138935312623489	0.08524611083157652	0.7703100461654979	intensified	not_significant	9	9
Morus_017014-R2	20	288	0	0.1106980521817604	0.7393508087056305	relaxed	not_significant	1	1
Morus_017022-R1	20	389	12.15824923800534	0.5371083635245668	0.4636335911806756	intensified	not_significant	9	9
Morus_017022-R1	20	389	0.8532134480103049	-0.000004215584340272471	1	relaxed	not_significant	1	1
Morus_017025-R1	20	515	0.6646897644047755	0.5097936120082522	0.4752282135547595	relaxed	not_significant	9	9
Morus_017025-R1	20	515	1.508218196505414	0.7463791070658772	0.3876250539423576	intensified	not_significant	1	1
Morus_017026-R1	20	181	0.6654550742347487	0.1672876214665848	0.6825337208338091	relaxed	not_significant	9	9
Morus_017026-R1	20	181	14.48048331028854	0.6362790447105908	0.4250614296635034	intensified	not_significant	1	1
Morus_017040-R1	20	393	0.6441531954779363	1.920683476453632	0.1657813339681495	relaxed	not_significant	9	9
Morus_017040-R1	20	393	0.8544691135055695	-0.00001046410579874646	1	relaxed	not_significant	1	1
Morus_017045-R4	20	298	1.830536510935924	0.8170641728756891	0.3660399333649612	intensified	not_significant	9	9
Morus_017045-R4	20	298	9.781091926732806E-8	1.06023960579023	0.3031605428557742	relaxed	not_significant	1	1
Morus_017046-R1	20	274	0.1774706112552605	3.500881858792127	0.06133616007317921	relaxed	not_significant	9	9
Morus_017046-R1	20	274	1.00149329850869	-0.001311046776208968	1	intensified	not_significant	1	1
Morus_017053-R1	20	446	0.5846305534394326	0.04334555832429032	0.8350759618881941	relaxed	not_significant	9	9
Morus_017053-R1	20	446	0.4916713055990532	0.2325403668082799	0.6296465491397832	relaxed	not_significant	1	1
Morus_017055-R1	20	157	0.3267648986595411	0.3263736739600063	0.5678022429433848	relaxed	not_significant	9	9
Morus_017055-R1	20	157	0	2.115759759212324	0.1457896864994819	relaxed	not_significant	1	1
Morus_017059-R1	20	380	0.4363398790742219	2.522780160315051	0.1122125929907557	relaxed	not_significant	9	9
Morus_017059-R1	20	380	50	0.4271245388436	0.5134032768478485	intensified	not_significant	1	1
Morus_017060-R1	20	306	1.397669609225653	0.8290855486111468	0.362537085535537	intensified	not_significant	9	9
Morus_017060-R1	20	306	0.4151664776447124	0.3552294446217275	0.5511676919391671	relaxed	not_significant	1	1
Morus_017063-R1	20	94	0.8544687061037777	-0.0005198791961902316	1	relaxed	not_significant	9	9
Morus_017063-R1	20	94	2.028846758229294	-0.000211958526961098	1	intensified	not_significant	1	1
Morus_017064-R1	20	341	0.3162112196859669	4.53609076212706	0.03318730031689088	relaxed	significant_relaxed	9	9
Morus_017064-R1	20	341	1.561761221175442	0.5276869926619838	0.4675809223359656	intensified	not_significant	1	1
Morus_017067-R1	20	329	0.9199076937574895	0.02232940861904353	0.8812141198795373	relaxed	not_significant	9	9
Morus_017067-R1	20	329	0.2483663263610458	2.075130473073841	0.1497171366806467	relaxed	not_significant	1	1
Morus_017078-R1	20	293	0.8035208653277354	0.1663991135801552	0.6833320605469293	relaxed	not_significant	9	9
Morus_017078-R1	20	293	0.7305971630689881	0.2654189624154242	0.6064214590543924	relaxed	not_significant	1	1
Morus_017080-R1	20	129	1.052940381346601	0.01030321503935738	0.919149784089806	intensified	not_significant	9	9
Morus_017080-R1	20	129	0	1.985192080340312	0.1588444988779246	relaxed	not_significant	1	1
Morus_017086-R1	20	114	2.322774118497264	1.966954215369469	0.1607715263459346	intensified	not_significant	9	9
Morus_017086-R1	20	114	1	-0.0002318240096883528	1	intensified	not_significant	0	1
Morus_017090-R1	20	395	0.3166710973248235	0.7595876751965989	0.3834575894899822	relaxed	not_significant	9	9
Morus_017090-R1	20	395	4.217354813939584	2.393428715260598	0.1218461232097594	intensified	not_significant	1	1
Morus_017093-R1	20	287	0.9008598976640206	0.1648407896209392	0.6847382664499713	relaxed	not_significant	9	9
Morus_017093-R1	20	287	0.760730598704033	0.1021697972801121	0.749241168001876	relaxed	not_significant	1	1
Morus_017096-R1	20	227	1.711663740775383	0.2512000234009975	0.616231368824795	intensified	not_significant	9	9
Morus_017096-R1	20	227	50	4.689323743801651	0.03035059011638552	intensified	significant_intensified	1	1
Morus_017099-R1	20	383	0.6736427227795748	0.1381268315608395	0.7101503420776278	relaxed	not_significant	9	9
Morus_017099-R1	20	383	2.095234671108652	0.811478592556341	0.3676834652098415	intensified	not_significant	1	1
Morus_017103-R1	20	307	13.00582535770316	0.9591492639087846	0.3274013132939289	intensified	not_significant	9	9
Morus_017103-R1	20	307	0.8532125792125704	-1.154426172433887E-7	1	relaxed	not_significant	1	1
Morus_017105-R1	20	231	1.087727534571833	0.01989834482583319	0.8878213635034065	intensified	not_significant	9	9
Morus_017105-R1	20	231	21.85736732013357	0.3417404891906699	0.5588262973968636	intensified	not_significant	1	1
Morus_017106-R1	20	348	1.016811771449802	0.002501852100976976	0.9601076318986203	intensified	not_significant	9	9
Morus_017106-R1	20	348	1	-0.00006735620718245627	1	intensified	not_significant	0	1
Morus_017112-R1	20	1364	0.8219640574815311	0.5675925814066431	0.4512171494081781	relaxed	not_significant	9	9
Morus_017112-R1	20	1364	0.8474284479626857	0.1660674793092767	0.6836306767849911	relaxed	not_significant	1	1
Morus_017113-R1	20	193	0.8125308381524246	0.2440473882297738	0.6212980391996379	relaxed	not_significant	9	9
Morus_017113-R1	20	193	21.33702004687508	1.028105478826546	0.3106040519644232	intensified	not_significant	1	1
Morus_017117-R1	20	699	0.6917755316991302	1.327195481881063	0.249304757968794	relaxed	not_significant	9	9
Morus_017117-R1	20	699	2.747241469061157E-15	1.53526345195678	0.2153242101555342	relaxed	not_significant	1	1
Morus_017120-R1	20	225	2.136473095346771	2.089461089059114	0.148318382507826	intensified	not_significant	9	9
Morus_017120-R1	20	225	1	-0.00002834250926753157	1	intensified	not_significant	0	1
Morus_017125-R1	20	327	1.008808640938442	0.000888344270606467	0.9762224875576869	intensified	not_significant	9	9
Morus_017125-R1	20	327	4.478862396236227E-16	1.350296779330165	0.245226240212823	relaxed	not_significant	1	1
Morus_017136-R1	20	1619	2.562674852181752	3.156983426229999	0.07560276434972302	intensified	not_significant	9	9
Morus_017136-R1	20	1619	1.226728774747212	0.02498202191782184	0.8744118670305551	intensified	not_significant	1	1
Morus_017144-R1	20	365	1.045631239470437	0.01312646484348079	0.9087853371517456	intensified	not_significant	9	9
Morus_017144-R1	20	365	1.112295339584236E-8	0.9366973358628456	0.3331286522363007	relaxed	not_significant	1	1
Morus_017146-R1	20	250	12.82721770996482	2.888505269755115	0.08921366014178511	intensified	not_significant	9	9
Morus_017146-R1	20	250	0	4.887238570616319	0.02705592769218035	relaxed	significant_relaxed	1	1
Morus_017149-R1	20	468	1.038597428279173	0.01320446158842969	0.9085159293868128	intensified	not_significant	9	9
Morus_017149-R1	20	468	0	3.661565392462762	0.05568129499402241	relaxed	not_significant	1	1
Morus_017154-R1	20	511	0.2645597346241408	2.713683141492766	0.09949104467363845	relaxed	not_significant	9	9
Morus_017154-R1	20	511	3.557450289224345	3.141237538509813	0.076335866997155	intensified	not_significant	1	1
Morus_017156-R1	20	474	1.782423714214829	1.465419828347876	0.2260697343393225	intensified	not_significant	9	9
Morus_017156-R1	20	474	0.8544691076725084	-0.00002064919226540951	1	relaxed	not_significant	1	1
Morus_017160-R1	20	1097	1.384155347171475	1.180478063561168	0.2772586928724645	intensified	not_significant	9	9
Morus_017160-R1	20	1097	0.5628909521028026	0.7117145226711727	0.3988752189129412	relaxed	not_significant	1	1
Morus_017167-R1	20	494	1.355468875729715	0.6689790282043759	0.4134077908881084	intensified	not_significant	9	9
Morus_017167-R1	20	494	0.3790625498235991	0.04253259042616264	0.8366078887424926	relaxed	not_significant	1	1
Morus_017169-R1	20	413	0.6924522003106985	0.9566184762688863	0.3280403233388459	relaxed	not_significant	9	9
Morus_017169-R1	20	413	12.97767237448342	3.201035945986405	0.07359164140388641	intensified	not_significant	1	1
Morus_017171-R1	20	397	18.64582140737311	6.336504365404835	0.01182777535168045	intensified	significant_intensified	9	9
Morus_017171-R1	20	397	0.2771649526812833	0.3585603417241146	0.5493068739839231	relaxed	not_significant	1	1
Morus_017172-R1	20	210	0.8388768189015768	0.1761472851358121	0.6747053256889777	relaxed	not_significant	9	9
Morus_017172-R1	20	210	0.8532126555550731	-1.174389581137802E-7	1	relaxed	not_significant	1	1
Morus_017175-R1	20	597	3.098641442148355	5.946065392692617	0.01475017324752559	intensified	significant_intensified	9	9
Morus_017175-R1	20	597	0.7033658435413408	0.2687944753870397	0.6041415970611168	relaxed	not_significant	1	1
Morus_017180-R1	20	518	0.1787922928636727	3.687455334265906	0.05482319683351444	relaxed	not_significant	9	9
Morus_017180-R1	20	518	0.7029858334680873	0.7129964371406459	0.398450858585489	relaxed	not_significant	1	1
Morus_017181-R1	20	253	0.7742505295112589	0.389845056230115	0.5323808580331895	relaxed	not_significant	9	9
Morus_017181-R1	20	253	3.574975765889205	2.027789882060461	0.1544450611420475	intensified	not_significant	1	1
Morus_017183-R1	20	157	0.7268669858526721	0.02622843604058289	0.871343687894463	relaxed	not_significant	9	9
Morus_017183-R1	20	157	0	0.5061792242968295	0.4767975349007385	relaxed	not_significant	1	1
Morus_017187-R1	20	480	4.728103744890413	0.8760751345516837	0.3492789266173058	intensified	not_significant	9	9
Morus_017187-R1	20	480	2.568446394362704E-8	1.895217953656356	0.1686145603645099	relaxed	not_significant	1	1
Morus_017192-R1	20	176	2.748656845197241	0.3067269214479893	0.5796956568489438	intensified	not_significant	9	9
Morus_017192-R1	20	176	0	1.378068714162055	0.2404303897060798	relaxed	not_significant	1	1
Morus_017194-R1	20	131	1.074217856298975	0.0009116831297433237	0.9759122611061661	intensified	not_significant	9	9
Morus_017194-R1	20	131	1	-7.298126547539141E-7	1	intensified	not_significant	0	1
Morus_017195-R1	20	349	0.1882651901673176	2.302403994003726	0.1291739360467919	relaxed	not_significant	9	9
Morus_017195-R1	20	349	1.694483702971028	0.4895479202814386	0.4841290362104204	intensified	not_significant	1	1
Morus_017196-R1	20	171	1.838952473776242	0.8924780503070906	0.3448066621922867	intensified	not_significant	9	9
Morus_017196-R1	20	171	1	-0.00005649764625559328	1	intensified	not_significant	0	1
Morus_017198-R1	20	355	8.336058252882206E-10	1.456792774022688	0.2274411141781497	relaxed	not_significant	9	9
Morus_017198-R1	20	355	0.1944331953517261	0.54674297742622	0.4596515741348949	relaxed	not_significant	1	1
Morus_017203-R1	20	240	0.8800193986396055	0.04400480152844466	0.8338446796481001	relaxed	not_significant	9	9
Morus_017203-R1	20	240	1	-0.00006603926249226788	1	intensified	not_significant	0	1
Morus_017204-R1	20	336	0.6549882038039021	0.7931591784918055	0.3731465656314846	relaxed	not_significant	9	9
Morus_017204-R1	20	336	1	-0.0001542223944852594	1	intensified	not_significant	0	1
Morus_017205-R1	20	173	13.66650753194185	3.335742789043252	0.06778979167605514	intensified	not_significant	9	9
Morus_017205-R1	20	173	1	-0.0001351681157757412	1	intensified	not_significant	0	1
Morus_017207-R1	20	291	0.08762211689037663	4.268608573309393	0.03882270831053414	relaxed	significant_relaxed	9	9
Morus_017207-R1	20	291	1.084359699518042	0.005988632916341885	0.938316272586835	intensified	not_significant	1	1
Morus_017209-R1	20	302	0.1589897701081038	4.575108899586667	0.03243968397067565	relaxed	significant_relaxed	9	9
Morus_017209-R1	20	302	1	-0.01145993265708967	1	intensified	not_significant	0	1
Morus_017210-R1	20	258	1.519188610269537	0.03493723282963401	0.8517272454499365	intensified	not_significant	9	9
Morus_017210-R1	20	258	0	2.420023290209883	0.1197931494485341	relaxed	not_significant	1	1
Morus_017215-R1	20	539	1.013299091867253	0.0005291178977131494	0.9816482286331869	intensified	not_significant	9	9
Morus_017215-R1	20	539	0.1647303191787739	4.633696250061803	0.03134995515554961	relaxed	significant_relaxed	1	1
Morus_017219-R1	20	353	3.732791651554569	1.787181210728704	0.1812699819370627	intensified	not_significant	9	9
Morus_017219-R1	20	353	0	0.6359388975770344	0.4251852185963522	relaxed	not_significant	1	1
Morus_017232-R1	20	203	1.046429299782426	0.005136073204539571	0.9428673945477405	intensified	not_significant	9	9
Morus_017232-R1	20	203	0.3330066055266894	0.5635024269863607	0.4528524936965805	relaxed	not_significant	1	1
Morus_017234-R1	20	215	0.5224259894771461	2.283975110546635	0.1307164641345898	relaxed	not_significant	9	9
Morus_017234-R1	20	215	0.07296484268333199	2.861601555050584	0.09071713503674306	relaxed	not_significant	1	1
Morus_017236-R1	20	149	1.806312724816354	1.231904741462586	0.2670369308391258	intensified	not_significant	9	9
Morus_017236-R1	20	149	1	-4.547473508864641E-13	1	intensified	not_significant	0	1
Morus_017246-R1	20	451	0.8509283979071632	0.3079011469517354	0.5789709902772631	relaxed	not_significant	9	9
Morus_017246-R1	20	451	2.385597168392122E-8	4.487260819999392	0.03414835155244411	relaxed	significant_relaxed	1	1
Morus_017256-R1	20	258	1.297278439215806	0.05872150595951098	0.8085281833613772	intensified	not_significant	9	9
Morus_017256-R1	20	258	0	1.499715017482686	0.2207152164026469	relaxed	not_significant	1	1
Morus_017257-R1	20	211	0.7041653876010626	0.1917662341065807	0.6614506439236078	relaxed	not_significant	9	9
Morus_017257-R1	20	211	15.32443309510938	1.38703569026211	0.2389063391507249	intensified	not_significant	1	1
Morus_017261-R1	20	125	1.683537406382468	0.08409651536271667	0.7718208339639463	intensified	not_significant	9	9
Morus_017261-R1	20	125	0	0.5392581411595074	0.4627403395379728	relaxed	not_significant	1	1
Morus_017264-R1	20	113	1.413472395617471	0.144148424392597	0.7041912568689561	intensified	not_significant	9	9
Morus_017264-R1	20	113	0.9950656726414874	2.232891347375698E-7	0.999622971794788	relaxed	not_significant	1	1
Morus_017266-R4	20	533	1.03384719814	0.01103244156911387	0.9163476950818902	intensified	not_significant	9	9
Morus_017266-R4	20	533	32.27918289095151	4.135703794858273	0.04198760443378502	intensified	significant_intensified	1	1
Morus_017267-R1	20	157	0.9966393442524831	-0.0009470322183915414	1	relaxed	not_significant	9	9
Morus_017267-R1	20	157	1	-0.00002428139373478189	1	intensified	not_significant	0	1
Morus_017279-R1	20	103	0.5454297903203755	1.245796563264776	0.2643568321858548	relaxed	not_significant	9	9
Morus_017279-R1	20	103	0.2377702977056182	1.189851152437541	0.2753595827166881	relaxed	not_significant	1	1
Morus_017280-R1	20	230	4.739227537985663	7.424410802642342	0.006434489093265494	intensified	significant_intensified	9	9
Morus_017280-R1	20	230	0.785871678158754	0.1058018064186399	0.7449752990252005	relaxed	not_significant	1	1
Morus_017284-R1	20	188	2.111864831709336	0.4472590248205961	0.503639482025636	intensified	not_significant	9	9
Morus_017284-R1	20	188	1.581092229086749E-15	2.854359087375542	0.09112655118040891	relaxed	not_significant	1	1
Morus_017287-R1	20	623	1.325350639818756	0.7181356734345172	0.3967561237921795	intensified	not_significant	9	9
Morus_017287-R1	20	623	5.113164336980628	3.300251573136848	0.06926927369215508	intensified	not_significant	1	1
Morus_017288-R3	20	284	0.1074684426534757	3.888737482265242	0.04861095296182616	relaxed	significant_relaxed	9	9
Morus_017288-R3	20	284	0.4182130809233956	1.121348031650086	0.2896283730059747	relaxed	not_significant	1	1
Morus_017291-R1	20	933	0.4478195592408601	2.909632166236406	0.08805195509837727	relaxed	not_significant	9	9
Morus_017291-R1	20	933	0.1394704401912731	3.52328954888435	0.06051223257131022	relaxed	not_significant	1	1
Morus_017293-R1	20	186	0.5922969658965764	0.2298183266771048	0.6316585692687868	relaxed	not_significant	9	9
Morus_017293-R1	20	186	9.089856408893424E-9	2.184349607443892	0.1394199479448786	relaxed	not_significant	1	1
Morus_017294-R1	20	361	0.0313004107535065	0.7257157207659475	0.3942754249967017	relaxed	not_significant	9	9
Morus_017294-R1	20	361	0.6830070946361563	0.5074109426377618	0.4762617922309134	relaxed	not_significant	1	1
Morus_017295-R1	20	333	0.3800052877160608	3.04753315140988	0.08085987531217886	relaxed	not_significant	9	9
Morus_017295-R1	20	333	0.6372975403235727	0.8286258507760067	0.3626701797996307	relaxed	not_significant	1	1
Morus_017301-R1	20	578	1.133024772087074	0.04625059991667513	0.8297209087805925	intensified	not_significant	9	9
Morus_017301-R1	20	578	1.337294736660629	0.4681718387764704	0.4938294126004571	intensified	not_significant	1	1
Morus_017302-R1	20	145	0.8638635377683904	0.02225808019602482	0.8814025890396865	relaxed	not_significant	9	9
Morus_017302-R1	20	145	0	0.6760319534532755	0.4109564647016565	relaxed	not_significant	1	1
Morus_017306-R1	20	391	0.06116274588604773	5.276541558177996	0.02161464059321438	relaxed	significant_relaxed	9	9
Morus_017306-R1	20	391	0.3668412307156287	1.495092717788793	0.2214279741184296	relaxed	not_significant	1	1
Morus_017324-R1	20	292	0.8660464406030983	0.0179103639038658	0.8935373142202732	relaxed	not_significant	9	9
Morus_017324-R1	20	292	6.413152689521279E-7	2.772470479852927	0.09589804990237627	relaxed	not_significant	1	1
Morus_017332-R1	20	229	0.5628822575196039	2.634548151834679	0.1045618051181192	relaxed	not_significant	9	9
Morus_017332-R1	20	229	0.7233177512831092	0.3586429898386996	0.5492608517703261	relaxed	not_significant	1	1
Morus_017339-R1	20	272	0.7594467270582739	0.3045636496121915	0.5810354665571453	relaxed	not_significant	9	9
Morus_017339-R1	20	272	0.8532129856367187	-0.000001207568857353181	1	relaxed	not_significant	1	1
Morus_017340-R2	20	267	1.378535287155032	1.158999288482846	0.2816731759526152	intensified	not_significant	9	9
Morus_017340-R2	20	267	0.7859194089108613	0.04558478187891524	0.8309323647807394	relaxed	not_significant	1	1
Morus_017342-R1	20	192	1.38678845615667	0.1372905203670598	0.7109895987733545	intensified	not_significant	9	9
Morus_017342-R1	20	192	1	-2.564911483204924E-8	1	intensified	not_significant	0	1
Morus_017343-R1	20	711	1.721725973891735	1.791269581517554	0.1807715536424297	intensified	not_significant	9	9
Morus_017343-R1	20	711	0.817284446096929	0.2989777059046901	0.5845240182158816	relaxed	not_significant	1	1
Morus_017345-R1	20	218	4.686809170641489	0.3793813434149342	0.5379345169888916	intensified	not_significant	9	9
Morus_017345-R1	20	218	0	1.005932021565968	0.3158793771180446	relaxed	not_significant	1	1
Morus_017346-R3	20	222	0.1009025772350267	4.990368732237584	0.02548877680020833	relaxed	significant_relaxed	9	9
Morus_017346-R3	20	222	23.6168863233351	2.524911002710724	0.1120611029972831	intensified	not_significant	1	1
Morus_017349-R1	20	440	2.023910261056158	2.383017201362236	0.1226604367333429	intensified	not_significant	9	9
Morus_017349-R1	20	440	0.8792447872924118	0.03646113459126354	0.848566341868359	relaxed	not_significant	1	1
Morus_017353-R1	20	439	1.552720926749896	1.948929990824581	0.1627022011445108	intensified	not_significant	9	9
Morus_017353-R1	20	439	0.284737224146267	0.09274532321796869	0.7607156334308933	relaxed	not_significant	1	1
Morus_017355-R1	20	440	0.3087917898275767	0.3924439751936006	0.5310175342384549	relaxed	not_significant	9	9
Morus_017355-R1	20	440	1.223263851991977E-7	1.056799579093422	0.3039462634154921	relaxed	not_significant	1	1
Morus_017356-R1	20	333	0.4436669684191004	0.7304640262682369	0.3927328209158026	relaxed	not_significant	9	9
Morus_017356-R1	20	333	0.01036467594011979	3.268385341454632	0.07062710595056498	relaxed	not_significant	1	1
Morus_017360-R1	20	166	0.8532123229875594	-1.592204625922022E-7	1	relaxed	not_significant	9	9
Morus_017360-R1	20	166	0.8532132259363367	-2.175966073991731E-10	1	relaxed	not_significant	1	1
Morus_017361-R1	20	286	0.9522424450392024	0.00145096263531741	0.9696147256600612	relaxed	not_significant	9	9
Morus_017361-R1	20	286	6.576490824884635	6.1924346038968	0.01282975647335194	intensified	significant_intensified	1	1
Morus_017363-R1	20	597	0.268736837070545	1.834410364979703	0.1756075022509584	relaxed	not_significant	9	9
Morus_017363-R1	20	597	0	1.946229523511647	0.1629937355979123	relaxed	not_significant	1	1
Morus_017364-R1	20	232	0.9444483144507537	0.01007821267285181	0.9200344690091807	relaxed	not_significant	9	9
Morus_017364-R1	20	232	0.06707052775943392	0.561076405642325	0.4538268672938188	relaxed	not_significant	1	1
Morus_017371-R1	20	314	13.68555241649139	2.476456270415838	0.1155623644959909	intensified	not_significant	9	9
Morus_017371-R1	20	314	24.41057529885571	0.8303368880797279	0.3621751324520126	intensified	not_significant	1	1
Morus_017378-R1	20	141	0.7235011018102899	0.1243898310090117	0.7243212876714433	relaxed	not_significant	9	9
Morus_017378-R1	20	141	2.207685036888452E-9	5.059937365724181	0.02448512288848936	relaxed	significant_relaxed	1	1
Morus_017379-R1	20	155	2.068898751984755E-8	9.751427076035725	0.001791835602877101	relaxed	significant_relaxed	9	9
Morus_017379-R1	20	155	5.300389067616378	0.8915401121807918	0.3450602931927312	intensified	not_significant	1	1
Morus_017380-R1	20	339	0.5635847303033976	1.585515098320684	0.2079680732987023	relaxed	not_significant	9	9
Morus_017380-R1	20	339	0.9425947912264656	0.001231052606271987	0.9720108784501955	relaxed	not_significant	1	1
Morus_017386-R1	20	250	1.160517794918917	0.03556036791724182	0.8504262665148998	intensified	not_significant	9	9
Morus_017393-R1	20	249	0.2807435386656627	2.346591875003014	0.1255572427260128	relaxed	not_significant	9	9
Morus_017393-R1	20	249	17.37905905095736	2.632693611202285	0.1046839812345596	intensified	not_significant	1	1
Morus_017394-R1	20	400	0.9121081005690673	0.04059976736334647	0.8403124460203483	relaxed	not_significant	9	9
Morus_017394-R1	20	400	0	2.339259757495711	0.1261494870679931	relaxed	not_significant	1	1
Morus_017395-R1	20	445	0.8200275584447333	0.3085296294202635	0.5785838681254747	relaxed	not_significant	9	9
Morus_017395-R1	20	445	0.6848868298372056	0.3392932694769115	0.5602374445121556	relaxed	not_significant	1	1
Morus_017402-R1	20	262	0.1240661746374561	0.9686003482975138	0.3250294962529874	relaxed	not_significant	9	9
Morus_017402-R1	20	262	2.994188950087982E-7	1.708005395453256	0.1912443649414394	relaxed	not_significant	1	1
Morus_017405-R1	20	372	0.2130459261849839	2.08114010281497	0.1491287538885103	relaxed	not_significant	9	9
Morus_017405-R1	20	372	0.1096884168325877	1.063519044659188	0.302413942612684	relaxed	not_significant	1	1
Morus_017410-R1	20	245	0.7734263952198126	0.1195798193703013	0.7294906568160968	relaxed	not_significant	9	9
Morus_017410-R1	20	245	0.7413448384467047	0.07258356035072211	0.7876116037706976	relaxed	not_significant	1	1
Morus_017415-R1	20	426	2.747800827760829	1.256289165881753	0.2623546714576029	intensified	not_significant	9	9
Morus_017415-R1	20	426	0.1347489203264377	1.734291641711025	0.1878637419864735	relaxed	not_significant	1	1
Morus_017420-R1	20	155	0.119294563981139	2.02570664284076	0.1546569687573952	relaxed	not_significant	9	9
Morus_017420-R1	20	155	0	1.720740515324678	0.1895977523548337	relaxed	not_significant	1	1
Morus_017422-R1	20	300	0.998473302475866	-0.0003191526648151921	1	relaxed	not_significant	9	9
Morus_017422-R1	20	300	4.964410974222773	1.36220001010588	0.2431565643467833	intensified	not_significant	1	1
Morus_017439-R1	20	194	2.007713978849734	1.859971905829298	0.1726280428351987	intensified	not_significant	9	9
Morus_017439-R1	20	194	35.03285614143616	2.757704979212576	0.09678699451100137	intensified	not_significant	1	1
Morus_017441-R1	20	182	4.654820941769779	2.941825432412315	0.08631313891650094	intensified	not_significant	9	9
Morus_017441-R1	20	182	43.11257835607267	2.707804219062837	0.09985835521575892	intensified	not_significant	1	1
Morus_017442-R1	20	186	7.679970460986454E-7	2.010702976177072	0.1561929291819367	relaxed	not_significant	9	9
Morus_017442-R1	20	186	0.08935312915124996	2.52025154642115	0.1123926547915219	relaxed	not_significant	1	1
Morus_017445-R1	20	267	0.8717396980253727	0.1169781581256757	0.7323353155382293	relaxed	not_significant	9	9
Morus_017445-R1	20	267	0.3280744120046017	0.2353033868457715	0.627619027895062	relaxed	not_significant	1	1
Morus_017446-R1	20	290	1.336471674667063	0.4243307534798078	0.5147839547650117	intensified	not_significant	9	9
Morus_017446-R1	20	290	0.7452869762680939	0.1394046728746616	0.7088735666719541	relaxed	not_significant	1	1
Morus_017447-R1	20	140	0.9548007239056898	0.006718437681911382	0.9346736897625737	relaxed	not_significant	9	9
Morus_017447-R1	20	140	31.07194637826169	2.275214169798119	0.1314569643020445	intensified	not_significant	1	1
Morus_017449-R1	20	240	1.079864664088984	0.03243996295896068	0.8570654474944064	intensified	not_significant	9	9
Morus_017449-R1	20	240	19.47326628932357	0.4966196190662231	0.4809892099228538	intensified	not_significant	1	1
Morus_017450-R1	20	686	3.357319273646095E-8	3.855962288034789	0.0495694842477904	relaxed	significant_relaxed	9	9
Morus_017450-R1	20	686	0.230425616395411	1.710297670278123	0.1909467539255064	relaxed	not_significant	1	1
Morus_017451-R1	20	169	24.08684054647837	0.7538348197140294	0.3852648135744876	intensified	not_significant	9	9
Morus_017451-R1	20	169	10.24774115689738	10.05423228477321	0.001519983453685092	intensified	significant_intensified	1	1
Morus_017452-R1	20	356	1.435294419486007	3.331851581048795	0.06795033793533523	intensified	not_significant	9	9
Morus_017452-R1	20	356	0	2.007933025621242	0.1564783857105756	relaxed	not_significant	1	1
Morus_017456-R1	20	191	3.072001210278146E-8	4.451178032564712	0.03487717955343494	relaxed	significant_relaxed	9	9
Morus_017456-R1	20	191	0.8532120254075209	-8.535589586244896E-7	1	relaxed	not_significant	1	1
Morus_017466-R1	20	424	1.129010458138306	0.03782622183825879	0.8457925033828468	intensified	not_significant	9	9
Morus_017466-R1	20	424	0.8532131424028491	-4.986695785191841E-7	1	relaxed	not_significant	1	1
Morus_017469-R1	20	526	1.406903186517597	0.7365613661932002	0.3907646266510291	intensified	not_significant	9	9
Morus_017469-R1	20	526	1.8429064980166	1.580802847427549	0.2086450877709251	intensified	not_significant	1	1
Morus_017470-R1	20	435	0.8545239135034821	0.1675943098261996	0.6822587306408592	relaxed	not_significant	9	9
Morus_017470-R1	20	435	1	-0.00001569750929775182	1	intensified	not_significant	0	1
Morus_017479-R1	20	280	1.144079147153332	0.2120128241122075	0.645194326848556	intensified	not_significant	9	9
Morus_017479-R1	20	280	1	-0.00003145125447190367	1	intensified	not_significant	0	1
Morus_017483-R1	20	322	0.7208320497118851	0.2759570545867973	0.599363434208524	relaxed	not_significant	9	9
Morus_017483-R1	20	322	0.1833099459426777	0.3714779397832899	0.5421997645227108	relaxed	not_significant	1	1
Morus_017485-R1	20	317	1.625724739661206	1.370952453897189	0.2416483064189595	intensified	not_significant	9	9
Morus_017485-R1	20	317	1.099045545802841	0.02832958657745621	0.8663362980212272	intensified	not_significant	1	1
Morus_017486-R1	20	237	1.699601341766082	0.7359936978668884	0.3909472697778582	intensified	not_significant	9	9
Morus_017486-R1	20	237	0.02161843985849303	2.66751496129973	0.1024158231344064	relaxed	not_significant	1	1
Morus_017491-R1	20	209	1.279099966750483	0.0339496021197192	0.8538140590610177	intensified	not_significant	9	9
Morus_017491-R1	20	209	1.557085422141002	1.272945641250317	0.2592148062097167	intensified	not_significant	1	1
Morus_017492-R1	20	203	21.12787085606296	1.811181579827917	0.1783665533242472	intensified	not_significant	9	9
Morus_017492-R1	20	203	16.90410360234518	1.519925956610223	0.2176306986258834	intensified	not_significant	1	1
Morus_017495-R1	20	232	0.5326677632946251	1.418311967914633	0.2336814448402265	relaxed	not_significant	9	9
Morus_017495-R1	20	232	0.6571002711527586	0.3802279508822721	0.5374812661882511	relaxed	not_significant	1	1
Morus_017499-R1	20	289	1.105860752408639	0.1527767648067311	0.6958957810567021	intensified	not_significant	9	9
Morus_017499-R1	20	289	0.4146265474935953	0.6179317840342264	0.4318168878354829	relaxed	not_significant	1	1
Morus_017502-R1	20	656	1.436731628207804	1.029704925280384	0.3102279823622186	intensified	not_significant	9	9
Morus_017502-R1	20	656	50	3.860760670440868	0.04942791429259874	intensified	significant_intensified	1	1
Morus_017504-R1	20	714	0.6944187408996731	0.3588852333414252	0.5491260011098164	relaxed	not_significant	9	9
Morus_017504-R1	20	714	0.2727556308940203	0.6655231821478083	0.4146167974183896	relaxed	not_significant	1	1
Morus_017505-R1	20	374	0.670203811488855	0.5543153440539754	0.4565597882092589	relaxed	not_significant	9	9
Morus_017505-R1	20	374	0.5410110870220515	1.621827895291062	0.2028371020015411	relaxed	not_significant	1	1
Morus_017515-R1	20	334	1.464615505724734	1.387388303242915	0.2388466483110256	intensified	not_significant	9	9
Morus_017515-R1	20	334	0.4085534184628764	2.182310775056067	0.1396047163883969	relaxed	not_significant	1	1
Morus_017518-R1	20	170	3.572629002443704	5.208187573703981	0.02248075806149907	intensified	significant_intensified	9	9
Morus_017518-R1	20	170	50	5.369715518090743	0.02048931899525719	intensified	significant_intensified	1	1
Morus_017520-R1	20	96	0	1.932647917917848	0.1644690403546181	relaxed	not_significant	9	9
Morus_017520-R1	20	96	0	0.6859331410012146	0.4075511245757316	relaxed	not_significant	1	1
Morus_017524-R1	20	130	0	0.1226794762919781	0.7261463574531932	relaxed	not_significant	9	9
Morus_017524-R1	20	130	1.000177335663986	-0.000009484103884460637	1	intensified	not_significant	1	1
Morus_017538-R1	20	185	0	0.07763320550520802	0.7805308139823932	relaxed	not_significant	9	9
Morus_017538-R1	20	185	0	0.2216747367019707	0.6377668052476031	relaxed	not_significant	1	1
Morus_017545-R1	20	231	3.288903396616411	3.886542419050784	0.04867453344552908	intensified	significant_intensified	9	9
Morus_017545-R1	20	231	22.28161553014915	2.576408297005855	0.1084675301533738	intensified	not_significant	1	1
Morus_017546-R1	20	310	0.7756588848833731	0.3928752137262563	0.5307919261880997	relaxed	not_significant	9	9
Morus_017546-R1	20	310	1.000737741420443	-0.00002129689801222412	1	intensified	not_significant	1	1
Morus_017547-R1	20	272	3.269292063173684	1.939142892337713	0.1637616278033657	intensified	not_significant	9	9
Morus_017547-R1	20	272	1.410068564830331	0.2903238117046385	0.5900130988716463	intensified	not_significant	1	1
Morus_017550-R1	20	440	1.074147082294803	0.03040551194135332	0.8615733037450251	intensified	not_significant	9	9
Morus_017550-R1	20	440	0.9220126106320798	0.00396744790214143	0.9497763143354263	relaxed	not_significant	1	1
Morus_017560-R1	20	708	0.698390431225719	0.9861995428782393	0.3206730167923845	relaxed	not_significant	9	9
Morus_017560-R1	20	708	0.4464374634429394	1.45056102685885	0.2284379524060322	relaxed	not_significant	1	1
Morus_017562-R1	20	663	1.045205042875961	0.03749711276941525	0.8464564345861453	intensified	not_significant	9	9
Morus_017562-R1	20	663	0.9162802315063268	0.04431227244094771	0.8332737027490249	relaxed	not_significant	1	1
Morus_017564-R1	20	344	2.311134294331363	1.46508951938813	0.2261220579679414	intensified	not_significant	9	9
Morus_017564-R1	20	344	1.822513202908956	0.2003729563348315	0.6544199747227959	intensified	not_significant	1	1
Morus_017566-R1	20	602	1.190809408412431	0.664333420823823	0.4150342385381178	intensified	not_significant	9	9
Morus_017566-R1	20	602	1.771171040588339	0.9151888947581028	0.3387413905047669	intensified	not_significant	1	1
Morus_017571-R1	20	217	1.759581082864026	0.6301668620267264	0.427294114472739	intensified	not_significant	9	9
Morus_017571-R1	20	217	0.08291653929731405	4.082896348720169	0.04331934345896926	relaxed	significant_relaxed	1	1
Morus_017591-R1	20	219	0.6341766752415819	0.3318154966841576	0.5645920083883467	relaxed	not_significant	9	9
Morus_017591-R1	20	219	6.52106284662212	0.9158519218217407	0.3385664845523966	intensified	not_significant	1	1
Morus_017592-R1	20	339	1.42922658698893	0.6334262195750853	0.4261013323141623	intensified	not_significant	9	9
Morus_017592-R1	20	339	0.1112462559808871	2.899476879703798	0.08860830425443122	relaxed	not_significant	1	1
Morus_017593-R1	20	150	0.2343426005580516	0.522629874091308	0.4697220035455129	relaxed	not_significant	9	9
Morus_017593-R1	20	150	0	4.265879201799635	0.03888512184906845	relaxed	significant_relaxed	1	1
Morus_017603-R1	20	559	0.861004301534297	0.2872274140108857	0.5920027714775842	relaxed	not_significant	9	9
Morus_017603-R1	20	559	1.201800726700924	0.09621314378364332	0.7564222261274952	intensified	not_significant	1	1
Morus_017608-R1	20	485	0.09113402021448254	0.4257776135600579	0.5140681158227064	relaxed	not_significant	9	9
Morus_017608-R1	20	485	0.4921257822138075	0.5654167366519687	0.4520859529882205	relaxed	not_significant	1	1
Morus_017616-R1	20	149	0.4079352720683972	0.5454135154031974	0.4601978088489059	relaxed	not_significant	9	9
Morus_017616-R1	20	149	22.00816110041735	1.877534180951443	0.1706146690690383	intensified	not_significant	1	1
Morus_017620-R1	20	272	0.6302842800442087	0.4906921112578857	0.4836187318730154	relaxed	not_significant	9	9
Morus_017620-R1	20	272	0.159317429676942	4.523618101315151	0.0334300634760416	relaxed	significant_relaxed	1	1
Morus_017622-R1	20	381	0.2152672116053028	11.41914255380198	0.0007269123536470801	relaxed	significant_relaxed	9	9
Morus_017622-R1	20	381	1.248196124657706	0.09189921937013423	0.7617764350709975	intensified	not_significant	1	1
Morus_017626-R1	20	903	2.572653289101557	0.7186261705446668	0.396594920206029	intensified	not_significant	9	9
Morus_017626-R1	20	903	1.364750102845876	0.4885914101432718	0.4845563178433485	intensified	not_significant	1	1
Morus_017629-R1	20	265	1.447532026679836	1.471694390727862	0.2250785472627543	intensified	not_significant	9	9
Morus_017629-R1	20	265	0.6206658290180537	0.417525134301286	0.5181745444915424	relaxed	not_significant	1	1
Morus_017631-R1	20	303	5.632448615435183	2.264144493992717	0.1323993083183701	intensified	not_significant	9	9
Morus_017631-R1	20	303	1.066549859317585	0.01044841221937531	0.9185840572763745	intensified	not_significant	1	1
Morus_017642-R1	20	752	1.266362651077227	0.5039488450074714	0.4777701537508662	intensified	not_significant	9	9
Morus_017642-R1	20	752	2.92524665561205	0.9065454666397272	0.3410326726464007	intensified	not_significant	1	1
Morus_017645-R1	20	419	0.1424584459925424	7.377563270019891	0.006604259194023632	relaxed	significant_relaxed	9	9
Morus_017645-R1	20	419	0.3040180709158972	0.9046172589851267	0.3415466639268099	relaxed	not_significant	1	1
Morus_017648-R1	20	300	1.247382600250708	0.1655178738456016	0.6841263291473882	intensified	not_significant	9	9
Morus_017648-R1	20	300	0.2242290195896106	0.4734030680456272	0.4914257499855387	relaxed	not_significant	1	1
Morus_017659-R1	20	362	1.230920750092124	0.1013403845981884	0.7502270110827465	intensified	not_significant	9	9
Morus_017659-R1	20	362	10.85643692092004	0.3485793426607415	0.5549184335022714	intensified	not_significant	1	1
Morus_017665-R1	20	465	2.000223966837676	1.893915350497991	0.1687609692211953	intensified	not_significant	9	9
Morus_017665-R1	20	465	4.908690523273507E-15	1.766710324121959	0.1837897269353387	relaxed	not_significant	1	1
Morus_017679-R1	20	647	0.9502597521515254	0.01677806438601692	0.8969381555268502	relaxed	not_significant	9	9
Morus_017679-R1	20	647	0.1088156651072175	2.300776041985955	0.1293093781816151	relaxed	not_significant	1	1
Morus_017694-R1	20	219	0.7436675637196414	0.1678677068744037	0.6820138384576844	relaxed	not_significant	9	9
Morus_017694-R1	20	219	50	18.02924057611335	0.00002175378183266741	intensified	significant_intensified	1	1
Morus_017695-R1	20	226	0.1556246234495814	5.68789593295287	0.01708232441674984	relaxed	significant_relaxed	9	9
Morus_017695-R1	20	226	1	-0.0003807092030001513	1	intensified	not_significant	0	1
Morus_017699-R1	20	235	0.2391462867744802	4.249631863202012	0.03925883985458456	relaxed	significant_relaxed	9	9
Morus_017699-R1	20	235	1.257738916259669	0.0262761771514306	0.8712276717892311	intensified	not_significant	1	1
Morus_017704-R1	20	546	3.197622707023177	6.64697254226121	0.009932445117160738	intensified	significant_intensified	9	9
Morus_017704-R1	20	546	16.86649943317872	0.960996746031924	0.3269358761113984	intensified	not_significant	1	1
Morus_017707-R1	20	598	1.117684099853747	0.0836187130653343	0.7724520500600442	intensified	not_significant	9	9
Morus_017707-R1	20	598	1	-0.00003082071179960622	1	intensified	not_significant	0	1
Morus_017711-R1	20	104	2.705681723815016	0.7996824203937649	0.3711883376139851	intensified	not_significant	9	9
Morus_017711-R1	20	104	1.959848327866164	0.8936522046635673	0.3444895104444327	intensified	not_significant	1	1
Morus_017724-R1	20	86	0.1620971485822733	5.336458301303537	0.02088386092447936	relaxed	significant_relaxed	9	9
Morus_017724-R1	20	86	3.647635618733005	0.3287561221466149	0.5663924480325133	intensified	not_significant	1	1
Morus_017730-R1	20	180	0.2503724680136208	2.710191293784192	0.09970903437601841	relaxed	not_significant	9	9
Morus_017730-R1	20	180	0.0951038153645071	2.558913205029967	0.1096739545749801	relaxed	not_significant	1	1
Morus_017745-R1	20	266	1.860820272145544	0.9666125179801384	0.3255264626758949	intensified	not_significant	9	9
Morus_017745-R1	20	266	0.5780321793753905	0.2748320839855296	0.6001086338820831	relaxed	not_significant	1	1
Morus_017747-R1	20	194	2.930060286903583	2.12439776449537	0.1449697519984844	intensified	not_significant	9	9
Morus_017747-R1	20	194	0.7443357919934609	0.02620843948216134	0.8713923139076437	relaxed	not_significant	1	1
Morus_017749-R1	20	296	0.9714991875556551	0.002188024613133166	0.9626914980121386	relaxed	not_significant	9	9
Morus_017749-R1	20	296	0.2173788802927332	1.344648791044165	0.2462158054974656	relaxed	not_significant	1	1
Morus_017752-R1	20	548	1.737913471168406	3.463480043932577	0.06273814265195155	intensified	not_significant	9	9
Morus_017752-R1	20	548	0.8472291553196815	0.1196233287346331	0.7294433794572593	relaxed	not_significant	1	1
Morus_017756-R1	20	281	0.474145418350489	3.296700438741027	0.06941919579094746	relaxed	not_significant	9	9
Morus_017756-R1	20	281	0.2056534018166545	0.04451423472619354	0.8328997815213947	relaxed	not_significant	1	1
Morus_017760-R1	20	420	2.433609027035831	6.990884718863526	0.008192584881705822	intensified	significant_intensified	9	9
Morus_017760-R1	20	420	0.5403875211376324	0.2375287046288577	0.6259967399087984	relaxed	not_significant	1	1
Morus_017762-R1	20	274	3.034561852440756	1.377157381381039	0.24058594277261	intensified	not_significant	9	9
Morus_017762-R1	20	274	0.2667810230615836	0.9171767201414696	0.3382173669838672	relaxed	not_significant	1	1
Morus_017764-R1	20	136	1.592998375298988E-10	20.93286005844629	0.000004756646884818139	relaxed	significant_relaxed	9	9
Morus_017764-R1	20	136	1	-0.0007227384094221634	1	intensified	not_significant	1	1
Morus_017768-R1	20	498	0.8972309564195452	0.1030263394168287	0.7482276969865386	relaxed	not_significant	9	9
Morus_017768-R1	20	498	4.2520260137476	5.091275815932022	0.02404649489169186	intensified	significant_intensified	1	1
Morus_017769-R1	20	464	2.071300747105952	1.54388811501849	0.2140399936907836	intensified	not_significant	9	9
Morus_017769-R1	20	464	1	-0.0002227181248599663	1	intensified	not_significant	0	1
Morus_017783-R1	20	238	0.9648189087732891	0.0004157462717557792	0.9837323750485097	relaxed	not_significant	9	9
Morus_017783-R1	20	238	0.2977119329122676	5.772722237416929	0.01627680193184766	relaxed	significant_relaxed	1	1
Morus_017784-R1	20	180	2.449315978190145	2.385049695676571	0.1225009968413356	intensified	not_significant	9	9
Morus_017784-R1	20	180	1	-5.120058020826491	1	intensified	not_significant	0	1
Morus_017788-R1	20	243	0.6201617648599254	0.4884296919958615	0.4846286203131879	relaxed	not_significant	9	9
Morus_017788-R1	20	243	1.852256104382877	0.4966248951823218	0.4809868798410594	intensified	not_significant	1	1
Morus_017800-R1	20	298	0.8173021095072477	0.07946843872923637	0.7780190624332354	relaxed	not_significant	9	9
Morus_017800-R1	20	298	50	8.772061579637011	0.003058795250741042	intensified	significant_intensified	1	1
Morus_017802-R1	20	110	0.5795542307619963	0.2909550161211882	0.5896091825789318	relaxed	not_significant	9	9
Morus_017802-R1	20	110	0	0.6457007031251578	0.4216539973289837	relaxed	not_significant	1	1
Morus_017815-R1	20	229	1.579501897711303E-10	6.092543187411138	0.0135753548569939	relaxed	significant_relaxed	9	9
Morus_017815-R1	20	229	0.8532134133882687	-0.000006543813469761517	1	relaxed	not_significant	1	1
Morus_017819-R1	20	478	1.489221340381645	1.140582259794428	0.2855293267776026	intensified	not_significant	9	9
Morus_017819-R1	20	478	0.4522881607305836	1.081074617582999	0.2984572811230836	relaxed	not_significant	1	1
Morus_017820-R1	20	243	3.018580193535489	3.181620664450747	0.07447083224676398	intensified	not_significant	9	9
Morus_017820-R1	20	243	1.401000476819506E-8	2.268018638886133	0.1320686534177899	relaxed	not_significant	1	1
Morus_017826-R1	20	311	0.8574574826459936	0.04233868764549698	0.8369755215317239	relaxed	not_significant	9	9
Morus_017826-R1	20	311	0.1372568950758318	0.5927337629600515	0.4413639323931146	relaxed	not_significant	1	1
Morus_017835-R1	20	184	0.1861616021824252	2.875636088504507	0.08992943512150631	relaxed	not_significant	9	9
Morus_017835-R1	20	184	0.8532117550375008	-0.00000151379299495602	1	relaxed	not_significant	1	1
Morus_017837-R1	20	210	3.089923679594321	3.005784634037809	0.08296779680992061	intensified	not_significant	9	9
Morus_017837-R1	20	210	6.641051514309892	0.1032872837308787	0.7479198684874364	intensified	not_significant	1	1
Morus_017846-R1	20	257	0.4875685826349267	4.367230429737901	0.03663649203847441	relaxed	significant_relaxed	9	9
Morus_017846-R1	20	257	25.0380183058293	2.409097572507562	0.1206318890146485	intensified	not_significant	1	1
Morus_017850-R1	20	246	2.15694786352957	2.733064132728941	0.09829054236494716	intensified	not_significant	9	9
Morus_017850-R1	20	246	0.5925542839424213	0.6051404340205409	0.4366234118446191	relaxed	not_significant	1	1
Morus_017855-R1	20	129	0.8532117410556979	-0.000002053109255939489	1	relaxed	not_significant	9	9
Morus_017855-R1	20	129	0.03863127613012964	5.303288354813731	0.02128520397918421	relaxed	significant_relaxed	1	1
Morus_017864-R1	20	424	0.9142299649103304	0.1206639836464092	0.728315458611146	relaxed	not_significant	9	9
Morus_017864-R1	20	424	17.00122328268861	3.34602745866141	0.06736740856355328	intensified	not_significant	1	1
Morus_017866-R1	20	216	1.011124231200411	0.0002709761797632382	0.9868663328460661	intensified	not_significant	9	9
Morus_017866-R1	20	216	12.71407171011564	0.9344011535299614	0.3337218934708188	intensified	not_significant	1	1
Morus_017868-R1	20	211	5.123215547303039	1.728318851757649	0.1886257382417185	intensified	not_significant	9	9
Morus_017868-R1	20	211	0.1804001411341415	0.605061258648675	0.4366534166157552	relaxed	not_significant	1	1
Morus_017873-R1	20	376	24.77320056207985	0.1751637412771743	0.6755628180774675	intensified	not_significant	9	9
Morus_017873-R1	20	376	0.08099865382052816	2.158278202304245	0.1418035087636809	relaxed	not_significant	1	1
Morus_017877-R1	20	710	0.5285927418152219	5.16495502084399	0.02304705443756727	relaxed	significant_relaxed	9	9
Morus_017877-R1	20	710	1	-0.00004984953375242185	1	intensified	not_significant	0	1
Morus_017883-R1	20	396	0.4312283640365898	4.819911744841193	0.02813278569318078	relaxed	significant_relaxed	9	9
Morus_017883-R1	20	396	1.068122803592924	0.008377687114261789	0.9270717031820065	intensified	not_significant	1	1
Morus_017887-R1	20	280	0.9254960412396188	0.01154082519224175	0.9144492576161287	relaxed	not_significant	9	9
Morus_017887-R1	20	280	17.31159898621337	2.932593824460128	0.08680792076866006	intensified	not_significant	1	1
Morus_017890-R1	20	543	0.1647600130697227	2.347363848530222	0.1254950673792526	relaxed	not_significant	9	9
Morus_017890-R1	20	543	0.2696208160075901	0.2702829893441958	0.6031420038625448	relaxed	not_significant	1	1
Morus_017893-R2	20	262	0.845419752844961	0.1168686242017429	0.7324558519979197	relaxed	not_significant	9	9
Morus_017893-R2	20	262	0.05315629211456283	1.428701691025253	0.2319764401468892	relaxed	not_significant	1	1
Morus_017896-R1	20	439	1.517943359390527	0.1989783421013271	0.6555467656701497	intensified	not_significant	9	9
Morus_017896-R1	20	439	1	-0.0004251414457030478	1	intensified	not_significant	0	1
Morus_017897-R1	20	192	0.7929458360639116	0.08106330888904267	0.7758615859384657	relaxed	not_significant	9	9
Morus_017897-R1	20	192	1	-0.000001646774308028398	1	intensified	not_significant	0	1
Morus_017900-R1	20	304	0.2510114603665097	1.520276385213037	0.217577672781508	relaxed	not_significant	9	9
Morus_017900-R1	20	304	3.220888381939933E-8	8.229881325710267	0.004120622416071029	relaxed	significant_relaxed	1	1
Morus_017907-R1	20	245	50	4.765098964568551	0.02904238960179906	intensified	significant_intensified	9	9
Morus_017907-R1	20	245	26.23530460237427	0.9993736967435325	0.3174621024433212	intensified	not_significant	1	1
Morus_017908-R1	20	328	1.734710425341577	1.152385416031393	0.2830503547903789	intensified	not_significant	9	9
Morus_017908-R1	20	328	1.131549310008176	0.009683633173153794	0.9216103448651544	intensified	not_significant	1	1
Morus_017910-R1	20	463	0.7482034067486713	0.4221430106954358	0.5158696560156879	relaxed	not_significant	9	9
Morus_017910-R1	20	463	0.5442796587019323	1.205091239251487	0.27230647303417	relaxed	not_significant	1	1
Morus_017917-R1	20	233	0.6281991639849409	0.2743231176809786	0.6004464208048376	relaxed	not_significant	9	9
Morus_017917-R1	20	233	0	3.05638386687815	0.08042045971979561	relaxed	not_significant	1	1
Morus_017920-R1	20	129	0.00001530879905124917	3.509674721258534	0.06101143320820002	relaxed	not_significant	9	9
Morus_017920-R1	20	129	50	3.252863938320161	0.0712987776706131	intensified	not_significant	1	1
Morus_017922-R3	20	514	1.140562902092095	0.1052463179057668	0.7456224349991278	intensified	not_significant	9	9
Morus_017922-R3	20	514	4.015434361122513	1.450275278985828	0.228483786870368	intensified	not_significant	1	1
Morus_017938-R1	20	122	0.8544692246966145	-0.00006435682257688313	1	relaxed	not_significant	9	9
Morus_017938-R1	20	122	1	-0.00009693118749964924	1	intensified	not_significant	0	1
Morus_017944-R1	20	238	0.401461941067505	0.5443625314555902	0.4606303542116476	relaxed	not_significant	9	9
Morus_017944-R1	20	238	0.1552876245333748	4.992660221640563	0.02545504665655995	relaxed	significant_relaxed	1	1
Morus_017964-R1	20	243	0.8956290131143604	0.03065870293994521	0.8610039909740331	relaxed	not_significant	9	9
Morus_017964-R1	20	243	0.6695767422784092	0.3016618600677248	0.5828424547148272	relaxed	not_significant	1	1
Morus_017966-R1	20	304	0.8454613010682702	0.2239019676262615	0.6360827637949915	relaxed	not_significant	9	9
Morus_017966-R1	20	304	39.73531462849613	0.4159206720887596	0.5189796001633999	intensified	not_significant	1	1
Morus_017967-R1	20	370	0.9023722226848621	0.05828086567726132	0.8092340283858097	relaxed	not_significant	9	9
Morus_017967-R1	20	370	2.473327962979091	0.5615216159712872	0.4536478093306643	intensified	not_significant	1	1
Morus_017968-R1	20	176	1.406982282406997	0.4822648922922781	0.4873982007047692	intensified	not_significant	9	9
Morus_017968-R1	20	176	0	4.483231774689102	0.03422893768757629	relaxed	significant_relaxed	1	1
Morus_017970-R1	20	480	2.622077153598787	0.09895802419305255	0.753083646864715	intensified	not_significant	9	9
Morus_017970-R1	20	480	2.219428952873371	0.58509725681688	0.4443212661378171	intensified	not_significant	1	1
Morus_017971-R1	20	411	0.9110065069189454	0.05936407945591782	0.8075038764055739	relaxed	not_significant	9	9
Morus_017971-R1	20	411	1.870818255388079	0.4156566523470246	0.5191122854579229	intensified	not_significant	1	1
Morus_017972-R1	20	142	1.626325114852903	0.5242656748046102	0.4690277170289591	intensified	not_significant	9	9
Morus_017972-R1	20	142	1	-0.00005060298281023279	1	intensified	not_significant	0	1
Morus_017978-R1	20	205	0.4446334951495859	1.161121387975527	0.2812330958663595	relaxed	not_significant	9	9
Morus_017978-R1	20	205	1	-0.00003744525929505471	1	intensified	not_significant	0	1
Morus_017982-R1	20	142	2.26441880613065	1.345136871976592	0.2461300981005909	intensified	not_significant	9	9
Morus_017982-R1	20	142	0	1.103343902088454	0.2935334270983635	relaxed	not_significant	1	1
Morus_017984-R1	20	365	0.2972511692769657	4.080566909877234	0.04337910233696118	relaxed	significant_relaxed	9	9
Morus_017984-R1	20	365	1	-0.000009770458746061195	1	intensified	not_significant	0	1
Morus_017990-R1	20	130	0.7830389388752156	0.03353084502236925	0.8547083396630857	relaxed	not_significant	9	9
Morus_017990-R1	20	130	11.03755790919271	0.2261504510911436	0.6343930195638277	intensified	not_significant	1	1
Morus_017991-R1	20	195	0.8246592468420264	0.09568637649454104	0.7570688803658917	relaxed	not_significant	9	9
Morus_017991-R1	20	195	0.1578256646406399	0.6129543959823422	0.4336775914950888	relaxed	not_significant	1	1
Morus_018000-R1	20	185	0.9155284047047167	0.01236136867282767	0.9114722691583931	relaxed	not_significant	9	9
Morus_018000-R1	20	185	1	-0.00003141128672723426	1	intensified	not_significant	0	1
Morus_018006-R1	20	677	1.30846907174546	0.4943678578165418	0.4819853458851318	intensified	not_significant	9	9
Morus_018006-R1	20	677	0.3151667163692884	0.1464203878385888	0.7019799069992747	relaxed	not_significant	1	1
Morus_018007-R1	20	180	1.041178099987127	0.004703842351773346	0.9453203064705024	intensified	not_significant	9	9
Morus_018007-R1	20	180	1	-0.0007170090634645021	1	intensified	not_significant	0	1
Morus_018012-R1	20	658	0.7735258986201103	0.6371167210018029	0.4247568068431501	relaxed	not_significant	9	9
Morus_018012-R1	20	658	0.4552657671835593	1.734439892939918	0.1878448740119788	relaxed	not_significant	1	1
Morus_018020-R2	20	364	7.557264931548157E-9	3.597373764116128	0.05787092497727098	relaxed	not_significant	9	9
Morus_018020-R2	20	364	3.954983331181411	6.326399745248636	0.01189535589739821	intensified	significant_intensified	1	1
Morus_018029-R1	20	86	14.86861049545521	2.01288506218134	0.1559684713769787	intensified	not_significant	9	9
Morus_018029-R1	20	86	0.8524380096334744	-0.00002263881015096558	1	relaxed	not_significant	1	1
Morus_018032-R1	20	299	0.2394327956846621	1.646139154485809	0.1994852285049157	relaxed	not_significant	9	9
Morus_018032-R1	20	299	1	-3.8779489841545E-8	1	intensified	not_significant	0	1
Morus_018045-R1	20	242	0.9798439964472621	0.0001689955020083289	0.9896279308847602	relaxed	not_significant	9	9
Morus_018045-R1	20	242	1	-0.00006483325796580175	1	intensified	not_significant	0	1
Morus_018046-R1	20	370	1.389934276546724	0.7238671213563066	0.3948783454857495	intensified	not_significant	9	9
Morus_018046-R1	20	370	0	0.05083077036670147	0.8216239259055635	relaxed	not_significant	1	1
Morus_018049-R1	20	188	1.845515794346092	0.3047315264084318	0.5809312711710675	intensified	not_significant	9	9
Morus_018049-R1	20	188	0.3025619820971126	1.443476435303637	0.229577605168635	relaxed	not_significant	1	1
Morus_018054-R1	20	376	0.5612618484491758	1.578011834772951	0.2090473052790134	relaxed	not_significant	9	9
Morus_018054-R1	20	376	17.10077021056656	0.288842754432153	0.5909630765429734	intensified	not_significant	1	1
Morus_018058-R1	20	106	1.406396886444043	0.1769649399707305	0.673994602719115	intensified	not_significant	9	9
Morus_018058-R1	20	106	1	-0.005339834202004567	1	intensified	not_significant	0	1
Morus_018061-R3	20	330	1.068471720274997	0.03631132205737231	0.84887401442607	intensified	not_significant	9	9
Morus_018061-R3	20	330	0.9999972300208566	-0.000001106064701161813	1	relaxed	not_significant	1	1
Morus_018069-R1	20	383	0.9536217025624962	0.01828864385879569	0.892425670030532	relaxed	not_significant	9	9
Morus_018069-R1	20	383	0.9646529809610892	0.005842387654411141	0.9390726169159964	relaxed	not_significant	1	1
Morus_018072-R1	20	349	1.460408548821505	1.622234225222201	0.2027805380514665	intensified	not_significant	9	9
Morus_018072-R1	20	349	11.21787458992789	1.566102401306125	0.2107739436131207	intensified	not_significant	1	1
Morus_018074-R1	20	260	0.2650855138081595	0.3882661234838451	0.5332122116925795	relaxed	not_significant	9	9
Morus_018074-R1	20	260	1	-0.00001126920915339724	1	intensified	not_significant	0	1
Morus_018076-R1	20	359	3.555668948988894	4.233098773088386	0.03964300017721734	intensified	significant_intensified	9	9
Morus_018076-R1	20	359	1.295689694044919	0.01870467731168901	0.8912165146621589	intensified	not_significant	1	1
Morus_018080-R1	20	387	0.6815716396292228	1.464466860882567	0.2262207316926893	relaxed	not_significant	9	9
Morus_018080-R1	20	387	0.9425800898157083	0.01321619089594606	0.908475485108357	relaxed	not_significant	1	1
Morus_018082-R1	20	169	0.06679933279349508	1.262439506890587	0.2611898299379406	relaxed	not_significant	9	9
Morus_018082-R1	20	169	1.110771323753068	0.01255340540865291	0.9107901204405366	intensified	not_significant	1	1
Morus_018085-R1	20	383	1.379817057646754	0.4970658742458909	0.4807921964880899	intensified	not_significant	9	9
Morus_018085-R1	20	383	50	2.073676528221768	0.1498598815180456	intensified	not_significant	1	1
Morus_018090-R1	20	144	1.092555657582499	0.006194345121912193	0.937267934930579	intensified	not_significant	9	9
Morus_018090-R1	20	144	1	-0.00002882239596146974	1	intensified	not_significant	0	1
Morus_018099-R1	20	445	0.9479798942727595	0.01797089486262848	0.8933586353575759	relaxed	not_significant	9	9
Morus_018099-R1	20	445	8.295808255463743E-10	10.1441546809292	0.00144759530168348	relaxed	significant_relaxed	1	1
Morus_018102-R1	20	368	0.5449102573336593	0.6445282618969941	0.422075788992615	relaxed	not_significant	9	9
Morus_018102-R1	20	368	0.4377913893651206	1.141134100846102	0.2854128138698452	relaxed	not_significant	1	1
Morus_018112-R1	20	384	1.626758194390326	1.364630316765215	0.2427366165077186	intensified	not_significant	9	9
Morus_018112-R1	20	384	1.170082193543291	0.1830572180278978	0.6687589740611581	intensified	not_significant	1	1
Morus_018113-R1	20	200	0.000007516813106760445	3.093167311198613	0.07862163537879174	relaxed	not_significant	9	9
Morus_018113-R1	20	200	50	0.6979761226584742	0.4034645831591799	intensified	not_significant	1	1
Morus_018120-R1	20	1048	1.274398517746177	1.330490980029936	0.2487178907804394	intensified	not_significant	9	9
Morus_018120-R1	20	1048	0.6464944780399615	1.206560560436628	0.2720143654848132	relaxed	not_significant	1	1
Morus_018124-R1	20	341	2.076737780024676	2.383499654935804	0.1226225696343533	intensified	not_significant	9	9
Morus_018124-R1	20	341	0.7995115532374889	0.2046609814042313	0.650984651061461	relaxed	not_significant	1	1
Morus_018131-R1	20	416	0.6612888642525833	0.5377336195278986	0.4633735086607922	relaxed	not_significant	9	9
Morus_018131-R1	20	416	1.936278821114631E-7	1.315669991646246	0.2513706328354501	relaxed	not_significant	1	1
Morus_018135-R1	20	595	1.648058579717763	1.882733822048976	0.1700237561610003	intensified	not_significant	9	9
Morus_018135-R1	20	595	1.077872256812115	0.03484467415728432	0.8519215103713863	intensified	not_significant	1	1
Morus_018136-R1	20	321	1.231055149261667	0.2868988161753805	0.5922147301183112	intensified	not_significant	9	9
Morus_018136-R1	20	321	0.8532131515084568	-0.000001694195816526189	1	relaxed	not_significant	1	1
Morus_018148-R1	20	1381	0.412764471708228	5.021325313580746	0.0250369988927055	relaxed	significant_relaxed	9	9
Morus_018148-R1	20	1381	0.5529367251927024	0.1662138705978577	0.6834988176152762	relaxed	not_significant	1	1
Morus_018150-R2	20	114	0	0.5399843291465913	0.4624392210758402	relaxed	not_significant	9	9
Morus_018150-R2	20	114	1	-0.00002755362766038161	1	intensified	not_significant	0	1
Morus_018153-R1	20	420	17.36842384223366	2.781295546013098	0.09537099300363205	intensified	not_significant	9	9
Morus_018153-R1	20	420	1	-0.00006460405529651325	1	intensified	not_significant	0	1
Morus_018154-R1	20	318	0.5703679140745239	2.437126045212608	0.1184931438952105	relaxed	not_significant	9	9
Morus_018154-R1	20	318	0	4.954555636535588	0.02602201171790686	relaxed	significant_relaxed	1	1
Morus_018158-R1	20	375	2.906183334277924	1.249983876627084	0.2635555568418951	intensified	not_significant	9	9
Morus_018158-R1	20	375	0.2862816580096933	1.497508792784174	0.2210550731206733	relaxed	not_significant	1	1
Morus_018159-R1	20	276	0.8621790502491374	0.1346803443975659	0.7136278143649505	relaxed	not_significant	9	9
Morus_018159-R1	20	276	0.8544691456734409	-0.0007894961108831922	1	relaxed	not_significant	1	1
Morus_018160-R1	20	276	0.4284105182529742	0.8242057808838581	0.3639533571011485	relaxed	not_significant	9	9
Morus_018160-R1	20	276	0.2668828261940415	1.772821300757641	0.1830333059886365	relaxed	not_significant	1	1
Morus_018162-R1	20	626	0.9365845807039747	0.001819259020521713	0.9659783271942461	relaxed	not_significant	9	9
Morus_018162-R1	20	626	0.4958208347516384	0.08737234672571503	0.767544634352371	relaxed	not_significant	1	1
Morus_018170-R1	20	632	3.219604561863548	0.9218494990327599	0.3369898224301356	intensified	not_significant	9	9
Morus_018170-R1	20	632	1.87440811449112E-9	6.338910162599859	0.01181174336356194	relaxed	significant_relaxed	1	1
Morus_018172-R1	20	315	0.9107313668908814	0.06605079443306749	0.7971760780891632	relaxed	not_significant	9	9
Morus_018172-R1	20	315	1.411248495626941E-16	1.176165340783882	0.2781380408563692	relaxed	not_significant	1	1
Morus_018173-R1	20	910	0.156646668106669	10.85935833625081	0.0009829774814762438	relaxed	significant_relaxed	9	9
Morus_018173-R1	20	910	1.500313784117977	0.2442060559278616	0.6211846479635375	intensified	not_significant	1	1
Morus_018178-R1	20	474	1.773253610167874	2.823824652260555	0.09287485950479879	intensified	not_significant	9	9
Morus_018178-R1	20	474	3.720395909446379	2.734354224015078	0.09821119418627722	intensified	not_significant	1	1
Morus_018179-R1	20	434	1.957833572514219	4.546630701005597	0.03298359047956489	intensified	significant_intensified	9	9
Morus_018179-R1	20	434	50	25.46493373022167	4.50496965287428E-7	intensified	significant_intensified	1	1
Morus_018180-R1	20	317	0.8598118827661465	-0.000003152692897856468	1	relaxed	not_significant	9	9
Morus_018180-R1	20	317	0.8532133450619614	-0.0000072050488597597	1	relaxed	not_significant	1	1
Morus_018186-R1	20	240	0.6893029478595003	0.8342675002431861	0.3610414324296453	relaxed	not_significant	9	9
Morus_018186-R1	20	240	0	4.202609219906662	0.04036183135466498	relaxed	significant_relaxed	1	1
Morus_018191-R1	20	300	17.10733488270145	0.736415138355369	0.3908116626986337	intensified	not_significant	9	9
Morus_018191-R1	20	300	0.8485990633177671	0.0203334903344512	0.8866096136709927	relaxed	not_significant	1	1
Morus_018192-R1	20	190	2.242453206778539	0.1935437921583798	0.6599833723120394	intensified	not_significant	9	9
Morus_018192-R1	20	190	1.254416679158596E-7	2.102126556816984	0.1470944341637395	relaxed	not_significant	1	1
Morus_018195-R1	20	170	0.5917912185690188	0.2894573476733058	0.5905684846592885	relaxed	not_significant	9	9
Morus_018195-R1	20	170	1	-0.0001700461029940925	1	intensified	not_significant	0	1
Morus_018198-R1	20	479	1.418817411491489	0.2813283661007517	0.5958318775506537	intensified	not_significant	9	9
Morus_018198-R1	20	479	0	0.2563363228400704	0.6126483970653792	relaxed	not_significant	1	1
Morus_018209-R1	20	580	2.748461875131084	2.894813105924186	0.08886508093865986	intensified	not_significant	9	9
Morus_018209-R1	20	580	1.153924108282156	0.0941843085201981	0.7589235833328724	intensified	not_significant	1	1
Morus_018213-R1	20	412	15.65514988573157	5.244799967543258	0.02201245896362258	intensified	significant_intensified	9	9
Morus_018213-R1	20	412	0.8582489322368453	-9.939431038219482E-7	1	relaxed	not_significant	1	1
Morus_018230-R1	20	635	1.796191498948001	0.8304113738595333	0.3621536029949465	intensified	not_significant	9	9
Morus_018230-R1	20	635	0.7074389003928142	0.9313850027574517	0.3345032914632042	relaxed	not_significant	1	1
Morus_018231-R1	20	260	0.289285400816535	2.549728116161987	0.1103132371872491	relaxed	not_significant	9	9
Morus_018231-R1	20	260	15.61183722176387	0.3996388554032819	0.5272758259410004	intensified	not_significant	1	1
Morus_018242-R1	20	520	2.295317603935667	4.034557446369945	0.04457736562294778	intensified	significant_intensified	9	9
Morus_018242-R1	20	520	1.462866563256532	0.2197563774298033	0.639225609286882	intensified	not_significant	1	1
Morus_018247-R1	20	414	1.356848973910049	0.3542952356565365	0.5516917142741415	intensified	not_significant	9	9
Morus_018247-R1	20	414	1.092951284341442	0.02425525579474197	0.8762371864650567	intensified	not_significant	1	1
Morus_018253-R1	20	274	1.118840043025818	0.09585456102013268	0.7568622072223008	intensified	not_significant	9	9
Morus_018253-R1	20	274	1.152272194604557E-8	0.8641670522702043	0.3525751930464655	relaxed	not_significant	1	1
Morus_018257-R1	20	258	0.5659736361802686	0.3233612360668303	0.5695946327022451	relaxed	not_significant	9	9
Morus_018257-R1	20	258	14.75800093559903	1.20276749788718	0.2727692455147608	intensified	not_significant	1	1
Morus_018265-R1	20	870	1.717888569884621	0.2458456281856343	0.620015609729029	intensified	not_significant	9	9
Morus_018265-R1	20	870	0.1336218607255158	7.704370532826943	0.005508727994711693	relaxed	significant_relaxed	1	1
Morus_018275-R1	20	164	1.614396443716938	1.81600755723548	0.1777892440851202	intensified	not_significant	9	9
Morus_018275-R1	20	164	12.44844345123964	0.371400808119688	0.5422416961542047	intensified	not_significant	1	1
Morus_018278-R1	20	284	0.7673965170206342	0.4872216406920415	0.485169291517891	relaxed	not_significant	9	9
Morus_018278-R1	20	284	0.5109166111674426	0.9765420774247104	0.3230540052677351	relaxed	not_significant	1	1
Morus_018286-R2	20	488	0.410790287887751	0.8802760592679988	0.3481260802205416	relaxed	not_significant	9	9
Morus_018286-R2	20	488	0.706016359033924	1.227349933886217	0.267923032588774	relaxed	not_significant	1	1
Morus_018288-R1	20	291	1.462995327944271	0.3941963773777388	0.5301018142336849	intensified	not_significant	9	9
Morus_018288-R1	20	291	8.239329300872851E-8	1.399758280677815	0.2367640465773151	relaxed	not_significant	1	1
Morus_018292-R1	20	328	2.239964675384774	0.3408309060669126	0.5593499994661396	intensified	not_significant	9	9
Morus_018292-R1	20	328	0.1946917109300025	2.021430349940601	0.1550929888113738	relaxed	not_significant	1	1
Morus_018293-R1	20	188	3.807206230083022	2.870238170125958	0.09023151598810619	intensified	not_significant	9	9
Morus_018293-R1	20	188	4.665536702420612	1.962788657493547	0.1612153904017239	intensified	not_significant	1	1
Morus_018294-R1	20	524	0.08233485881664614	7.575917544134427	0.005915326076959992	relaxed	significant_relaxed	9	9
Morus_018294-R1	20	524	7.389323832450225E-10	0.6875835785212985	0.4069875133688249	relaxed	not_significant	1	1
Morus_018297-R1	20	191	0.5276793322951773	0.8180166084698612	0.3657607018282505	relaxed	not_significant	9	9
Morus_018297-R1	20	191	14.90005087468561	0.9417658891702558	0.3318241136208298	intensified	not_significant	1	1
Morus_018298-R1	20	315	0.4487105262351876	1.584653640816214	0.2080916455749995	relaxed	not_significant	9	9
Morus_018298-R1	20	315	1.49230666656996E-18	4.678205420550512	0.03054764452307013	relaxed	significant_relaxed	1	1
Morus_018301-R1	20	495	1.853676377088215	2.381581756992091	0.1227731794556729	intensified	not_significant	9	9
Morus_018301-R1	20	495	0.7474859299447184	0.291428685003666	0.5893064467315972	relaxed	not_significant	1	1
Morus_018302-R1	20	295	1.76228993053623	1.85198786386718	0.1735523709929611	intensified	not_significant	9	9
Morus_018302-R1	20	295	0.000001200495966033081	0.5463073379805792	0.4598304516552333	relaxed	not_significant	1	1
Morus_018304-R1	20	338	0.6792732487934929	0.5191896798687594	0.4711875463372628	relaxed	not_significant	9	9
Morus_018304-R1	20	338	5.48734793784759	2.47252084795582	0.1158519857957256	intensified	not_significant	1	1
Morus_018313-R1	20	259	0.9881585462182464	0.00002096695197906229	0.9963465245442671	relaxed	not_significant	9	9
Morus_018313-R1	20	259	0.6481963550363068	0.247234888413459	0.6190288424979018	relaxed	not_significant	1	1
Morus_018316-R1	20	887	0	9.182917019257729	0.002442843821406804	relaxed	significant_relaxed	9	9
Morus_018316-R1	20	887	2.340238107585808	2.300181183816676	0.1293589085794361	intensified	not_significant	1	1
Morus_018317-R1	20	533	1.108305474903691	0.1236094781997963	0.7251522191809069	intensified	not_significant	9	9
Morus_018317-R1	20	533	0.1781656244618141	3.788003068924809	0.05162120009324367	relaxed	not_significant	1	1
Morus_018319-R1	20	306	0.2321092998572284	7.44902753709539	0.006347073201231179	relaxed	significant_relaxed	9	9
Morus_018319-R1	20	306	1	-0.00003025506339326967	1	intensified	not_significant	0	1
Morus_018324-R1	20	336	1.1815128405399	0.1344080711005518	0.7139046785444589	intensified	not_significant	9	9
Morus_018324-R1	20	336	0.08457679587555107	0.3914112254169595	0.5315585331332902	relaxed	not_significant	1	1
Morus_018325-R1	20	337	0.8452805643844052	0.2430421672488592	0.6220174838645098	relaxed	not_significant	9	9
Morus_018325-R1	20	337	1.160754360456996	0.1154106630019669	0.7340663073852873	intensified	not_significant	1	1
Morus_018326-R1	20	337	0.6376600291476769	0.4586022320954726	0.498277947366948	relaxed	not_significant	9	9
Morus_018326-R1	20	337	1	-0.0001321780273428885	1	intensified	not_significant	0	1
Morus_018330-R1	20	522	0.9374208644607256	0.04247264682089735	0.8367214462320356	relaxed	not_significant	9	9
Morus_018330-R1	20	522	0.3458970650960839	1.520636165179894	0.2175232479375526	relaxed	not_significant	1	1
Morus_018332-R1	20	936	1.914760064337916	0.9441999230130023	0.331200064456701	intensified	not_significant	9	9
Morus_018332-R1	20	936	1.103157857563557	0.04050671130607952	0.8404930951974429	intensified	not_significant	1	1
Morus_018334-R1	20	696	0.9866826181663033	0.002060256911136094	0.9637964093783102	relaxed	not_significant	9	9
Morus_018334-R1	20	696	0.7742638398682704	0.7290024676385656	0.393206718800354	relaxed	not_significant	1	1
Morus_018337-R1	20	369	0.7213107664291714	0.8752518348128433	0.3495054700807622	relaxed	not_significant	9	9
Morus_018337-R1	20	369	0.000004108712777709904	1.612976802937737	0.2040738597636145	relaxed	not_significant	1	1
Morus_018338-R1	20	329	1.140058048933387	0.05709217306502978	0.8111523524901801	intensified	not_significant	9	9
Morus_018338-R1	20	329	0.7526859227549545	0.2443201933738237	0.6211031084339348	relaxed	not_significant	1	1
Morus_018339-R1	20	267	6.691127079043825E-10	0.4920184941456682	0.483028279539515	relaxed	not_significant	9	9
Morus_018339-R1	20	267	50	4.694923951014061	0.03025183766093631	intensified	significant_intensified	1	1
Morus_018340-R1	20	86	2.187920525401125	0.3623472369149567	0.5472055213899972	intensified	not_significant	9	9
Morus_018340-R1	20	86	1	0	1	intensified	not_significant	0	1
Morus_018343-R1	20	453	15.77778728818581	4.675495790855166	0.03059587017495835	intensified	significant_intensified	9	9
Morus_018343-R1	20	453	0.2601426234459766	4.308272297162148	0.03792746218709275	relaxed	significant_relaxed	1	1
Morus_018345-R1	20	402	1.894252415285009	1.420706402656833	0.233287167729337	intensified	not_significant	9	9
Morus_018345-R1	20	402	0.3632359007330788	1.436889170017821	0.2306434044919154	relaxed	not_significant	1	1
Morus_018346-R1	20	364	2.751528955317448	4.228137703921675	0.03975904253216	intensified	significant_intensified	9	9
Morus_018346-R1	20	364	0.03661757892988248	1.897874057543959	0.1683164728458023	relaxed	not_significant	1	1
Morus_018350-R1	20	264	0.4153068522759223	1.301386771891885	0.2539600691436876	relaxed	not_significant	9	9
Morus_018350-R1	20	264	0.2187510830375061	4.133996569990813	0.04202997844894718	relaxed	significant_relaxed	1	1
Morus_018351-R2	20	681	0.6853675272670081	0.9239869080538483	0.3364303134072882	relaxed	not_significant	9	9
Morus_018351-R2	20	681	0.4057903780912909	0.2006951681960345	0.6541603104881077	relaxed	not_significant	1	1
Morus_018352-R1	20	532	2.445778192931284	6.32426404042053	0.01190969035605149	intensified	significant_intensified	9	9
Morus_018352-R1	20	532	0.4188816576824031	2.127396635580226	0.1446863100485835	relaxed	not_significant	1	1
Morus_018362-R1	20	885	3.434040147825967	3.59837543442336	0.05783606369797389	intensified	not_significant	9	9
Morus_018362-R1	20	885	2.060131337970683	1.417085797724212	0.2338836626706626	intensified	not_significant	1	1
Morus_018366-R1	20	401	1.412557212369316	0.6743559161805024	0.4115370460852467	intensified	not_significant	9	9
Morus_018366-R1	20	401	12.49746674483995	1.926016442839682	0.165194925834556	intensified	not_significant	1	1
Morus_018368-R1	20	310	1.395756465432505	0.7047889375553495	0.4011792054297214	intensified	not_significant	9	9
Morus_018368-R1	20	310	1.849275110631363E-9	0.8383092535987089	0.3598807732866441	relaxed	not_significant	1	1
Morus_018372-R1	20	269	2.3268743689489	1.070532396314775	0.3008252211166688	intensified	not_significant	9	9
Morus_018372-R1	20	269	0.7696537241243706	0.4484444186464316	0.5030746023271583	relaxed	not_significant	1	1
Morus_018382-R1	20	479	0.5787966424886134	0.3042825349002669	0.5812100287639577	relaxed	not_significant	9	9
Morus_018382-R1	20	479	0	2.81018377766668	0.09366764482220624	relaxed	not_significant	1	1
Morus_018383-R1	20	178	11.1966803865302	5.674470906394163	0.01721353041418261	intensified	significant_intensified	9	9
Morus_018383-R1	20	178	0.8659501061678279	0.2529846030483895	0.6149813232175166	relaxed	not_significant	1	1
Morus_018391-R1	20	109	6.236816309441211	2.874835861425254	0.08997414845094331	intensified	not_significant	9	9
Morus_018391-R1	20	109	7.954089678573952E-8	4.175115117609039	0.04102177575664379	relaxed	significant_relaxed	1	1
Morus_018392-R1	20	146	0.1732178455169243	2.343969000753532	0.1257687469488951	relaxed	not_significant	9	9
Morus_018392-R1	20	146	17.7129285369334	0.3632179790542978	0.5467244613786548	intensified	not_significant	1	1
Morus_018394-R2	20	329	1.71894868095477	1.270692733788565	0.2596367638033431	intensified	not_significant	9	9
Morus_018394-R2	20	329	0.3898829637291669	0.04973155468633195	0.82353104853459	relaxed	not_significant	1	1
Morus_018395-R1	20	197	0.1626084297930672	6.141630170384815	0.01320355353315195	relaxed	significant_relaxed	9	9
Morus_018395-R1	20	197	28.81696980103589	1.815103260639717	0.1778972564242145	intensified	not_significant	1	1
Morus_018397-R1	20	249	0.611686207159205	0.650507763602036	0.4199311993633223	relaxed	not_significant	9	9
Morus_018397-R1	20	249	0.8486498622152173	-0.002247781982077868	1	relaxed	not_significant	1	1
Morus_018398-R1	20	259	0.9546158757391519	0.02716426691949891	0.8690889221813651	relaxed	not_significant	9	9
Morus_018398-R1	20	259	4.489505830260086	0.8141673866957717	0.3668910229615374	intensified	not_significant	1	1
Morus_018404-R1	20	299	0.2984569780584737	0.4678665475603339	0.4939702971846068	relaxed	not_significant	9	9
Morus_018404-R1	20	299	0.7877780426405341	0.01039451268934499	0.9187935978284723	relaxed	not_significant	1	1
Morus_018407-R1	20	598	0.5492218865493516	3.216810334428374	0.07288552502035328	relaxed	not_significant	9	9
Morus_018407-R1	20	598	1.17488500800327	0.1460316093998699	0.7023569123143414	intensified	not_significant	1	1
Morus_018415-R1	20	160	1.284726957904121	0.2088364915216516	0.6476808823630626	intensified	not_significant	9	9
Morus_018415-R1	20	160	0.8532129637407435	-5.586794031842146E-7	1	relaxed	not_significant	1	1
Morus_018418-R1	20	119	0.4450521605801866	0.5410695986684004	0.4619897878958347	relaxed	not_significant	9	9
Morus_018418-R1	20	119	0	1.303850615209967	0.2535110606442524	relaxed	not_significant	1	1
Morus_018419-R1	20	372	0.6661935218064265	0.8912380144538474	0.345142038193051	relaxed	not_significant	9	9
Morus_018419-R1	20	372	0	3.174268967048192	0.07480668045487004	relaxed	not_significant	1	1
Morus_018424-R1	20	263	1.048244963987364	0.002453594833241368	0.9604939219326544	intensified	not_significant	9	9
Morus_018424-R1	20	263	1	-0.0007503999099753855	1	intensified	not_significant	0	1
Morus_018426-R1	20	676	2.884100526627851	0.1927803026264883	0.6606126000931897	intensified	not_significant	9	9
Morus_018426-R1	20	676	0.2791595563437514	2.45287574611757	0.1173097746725382	relaxed	not_significant	1	1
Morus_018427-R1	20	539	0.6931617802150793	0.9764668933767098	0.3230726327172435	relaxed	not_significant	9	9
Morus_018427-R1	20	539	2.169558091186187E-9	0.7429456861555082	0.3887189007455705	relaxed	not_significant	1	1
Morus_018428-R1	20	812	0.1142317791571294	12.153447142402	0.0004899722087557956	relaxed	significant_relaxed	9	9
Morus_018428-R1	20	812	19.88551760863112	0.1030629971810413	0.7481844269349613	intensified	not_significant	1	1
Morus_018440-R1	20	294	0.9054880848779533	0.0573929009387939	0.810665054474353	relaxed	not_significant	9	9
Morus_018440-R1	20	294	0.04080271409227703	12.41939857873149	0.0004248970535158936	relaxed	significant_relaxed	1	1
Morus_018441-R1	20	134	2.18196519254523E-8	5.144701952165178	0.02331741279111033	relaxed	significant_relaxed	9	9
Morus_018441-R1	20	134	0	2.538030704982702	0.1111333178266967	relaxed	not_significant	1	1
Morus_018445-R1	20	412	0.9918919642393366	0.00005088524085294921	0.99430842719613	relaxed	not_significant	9	9
Morus_018445-R1	20	412	1.214799206440826	0.5664709288630547	0.4516646930777455	intensified	not_significant	1	1
Morus_018447-R1	20	351	1.016774626092793	0.001968878742445668	0.9646078412772014	intensified	not_significant	9	9
Morus_018447-R1	20	351	1.651237451035981	1.232512174273324	0.2669190357919303	intensified	not_significant	1	1
Morus_018449-R1	20	178	0.3208394516733191	0.3843578545845503	0.5352801645907627	relaxed	not_significant	9	9
Morus_018449-R1	20	178	1	-0.000002989625500049442	1	intensified	not_significant	0	1
Morus_018454-R1	20	200	2.032787126829434	1.43142178612834	0.2315325424116748	intensified	not_significant	9	9
Morus_018454-R1	20	200	0.01356785890093677	6.5392866610905	0.01055176513278422	relaxed	significant_relaxed	1	1
Morus_018455-R1	20	257	1.659402072926242	0.3497502553955201	0.5542545385145627	intensified	not_significant	9	9
Morus_018455-R1	20	257	3.60090015302697E-8	1.202384999966853	0.2728455142810782	relaxed	not_significant	1	1
Morus_018457-R1	20	218	3.179524377236412	2.562494664639871	0.1094257894355545	intensified	not_significant	9	9
Morus_018457-R1	20	218	0.5984860384005032	0.3559069655279927	0.550788236558758	relaxed	not_significant	1	1
Morus_018463-R1	20	370	1.620173722153197	2.720508434464136	0.0990664549420448	intensified	not_significant	9	9
Morus_018463-R1	20	370	0.05170247164184759	1.71829356795206	0.189912848548706	relaxed	not_significant	1	1
Morus_018465-R1	20	396	2.884967688567753E-10	3.989747246234401	0.04577793077777181	relaxed	significant_relaxed	9	9
Morus_018465-R1	20	396	6.977504246040951	6.303056921771713	0.01205299491223366	intensified	significant_intensified	1	1
Morus_018475-R1	20	744	0.3145139749559101	1.858632405372191	0.1727827233597727	relaxed	not_significant	9	9
Morus_018475-R1	20	744	1.280590693736333	0.4214058917332295	0.5162363640388308	intensified	not_significant	1	1
Morus_018479-R3	20	514	0.145341413363733	1.91222688122798	0.1667161028511982	relaxed	not_significant	9	9
Morus_018479-R3	20	514	0.805835098630627	0.05963131602038629	0.8070796122033054	relaxed	not_significant	1	1
Morus_018481-R1	20	390	1.5244508021539E-10	4.145361228309412	0.04174874677070284	relaxed	significant_relaxed	9	9
Morus_018481-R1	20	390	0.1389272692179324	1.864117955748952	0.1721502805934628	relaxed	not_significant	1	1
Morus_018484-R1	20	588	1.15374578625742	0.3120810359250754	0.576405977388638	intensified	not_significant	9	9
Morus_018484-R1	20	588	0.7289767383192579	0.5494582837163762	0.458539123651529	relaxed	not_significant	1	1
Morus_018486-R2	20	229	0.6527972352860117	0.4337280997638118	0.5101652737075153	relaxed	not_significant	9	9
Morus_018486-R2	20	229	1	-0.000009949226296157576	1	intensified	not_significant	0	1
Morus_018492-R1	20	179	1.009403595967691	0.000006638315426243935	0.9979442584054583	intensified	not_significant	9	9
Morus_018492-R1	20	179	1.100174183781801	0.01747840748703311	0.8948214121584352	intensified	not_significant	1	1
Morus_018498-R1	20	299	50	0.5832475084553153	0.4450422092381124	intensified	not_significant	9	9
Morus_018498-R1	20	299	0.3045290973716981	1.667292143609302	0.196621622445057	relaxed	not_significant	1	1
Morus_018505-R1	20	258	0.6949723713624718	0.6565298525661092	0.4177877155915142	relaxed	not_significant	9	9
Morus_018505-R1	20	258	3.407976131484053E-9	3.98567483064835	0.04588871553072238	relaxed	significant_relaxed	1	1
Morus_018510-R1	20	544	0.8048032065667015	0.4526064297106132	0.5010997943369837	relaxed	not_significant	9	9
Morus_018510-R1	20	544	0.9894860510512333	0.0004267036702003679	0.9835194247836483	relaxed	not_significant	1	1
Morus_018514-R1	20	569	0.9349278777761652	0.05247269632855023	0.8188151353629953	relaxed	not_significant	9	9
Morus_018514-R1	20	569	0.3206743403946232	4.66062357948249	0.03086198109762051	relaxed	significant_relaxed	1	1
Morus_018515-R1	20	521	0.6839756946929603	1.175332864081611	0.2783081838883072	relaxed	not_significant	9	9
Morus_018515-R1	20	521	0.4118064735337752	0.527292334082631	0.4677474482105108	relaxed	not_significant	1	1
Morus_018526-R1	20	311	2.134251247269568	1.023271706737432	0.3117442062866426	intensified	not_significant	9	9
Morus_018526-R1	20	311	1.333970737654571	0.3482991691253119	0.5550775118331353	intensified	not_significant	1	1
Morus_018529-R1	20	397	2.686379959867013	0.9474351848330116	0.3303730093504547	intensified	not_significant	9	9
Morus_018529-R1	20	397	1.19880770000249	0.1011583280915147	0.7504439983068945	intensified	not_significant	1	1
Morus_018530-R1	20	316	0.9113655892050696	0.08479206684296514	0.7709054183245272	relaxed	not_significant	9	9
Morus_018530-R1	20	316	1.246789095122701	0.1920549171281891	0.6612118028376699	intensified	not_significant	1	1
Morus_018531-R1	20	757	1.306673439357879	0.2234740892781701	0.6364054911845027	intensified	not_significant	9	9
Morus_018531-R1	20	757	0.2333475334322034	0.3074537355678331	0.5792468942769027	relaxed	not_significant	1	1
Morus_018532-R1	20	659	0.8368569923930197	0.2586956864415697	0.611017654909309	relaxed	not_significant	9	9
Morus_018532-R1	20	659	0.6777202408423691	0.7068204605639039	0.400501367012306	relaxed	not_significant	1	1
Morus_018533-R2	20	350	0.7799598645847636	0.3683602689598047	0.5438994214820105	relaxed	not_significant	9	9
Morus_018533-R2	20	350	24.55759465851285	0.2963247270354259	0.5861957138541	intensified	not_significant	1	1
Morus_018535-R1	20	937	0.1820644317198188	2.588660503850406	0.1076313254248786	relaxed	not_significant	9	9
Morus_018535-R1	20	937	50	4.064490324726648	0.04379389914002818	intensified	significant_intensified	1	1
Morus_018537-R1	20	204	2.334394075557118	2.634213263325819	0.104583855826294	intensified	not_significant	9	9
Morus_018537-R1	20	204	0.9913299313083431	0.0001294901849178132	0.9909207679883074	relaxed	not_significant	1	1
Morus_018539-R1	20	366	1.015271613143979	0.00395603805736755	0.9498484892842561	intensified	not_significant	9	9
Morus_018539-R1	20	366	9.194249967055139	2.606854543928421	0.1064026212204598	intensified	not_significant	1	1
Morus_018569-R1	20	413	2.713340128302023	1.797687242522443	0.1799923477085088	intensified	not_significant	9	9
Morus_018569-R1	20	413	0	1.528339236530883	0.2163618670013229	relaxed	not_significant	1	1
Morus_018573-R1	20	54	0.6345854387361642	1.096336978584645	0.2950713921245843	relaxed	not_significant	9	9
Morus_018573-R1	20	54	1	-0.00001734763077365642	1	intensified	not_significant	0	1
Morus_018580-R1	20	387	1.1896116372585	0.1771231062975858	0.6738573443447742	intensified	not_significant	9	9
Morus_018580-R1	20	387	0.1935329568014505	0.5260805227753735	0.4682593664474147	relaxed	not_significant	1	1
Morus_018615-R2	20	525	2.738383282762648	0.6409264750491275	0.4233755062030888	intensified	not_significant	9	9
Morus_018615-R2	20	525	4.865011302811562	4.003169053192323	0.04541479843266971	intensified	significant_intensified	1	1
Morus_018616-R1	20	694	0.3101403698535249	1.269424402773438	0.2598746893754843	relaxed	not_significant	9	9
Morus_018616-R1	20	694	0.3084921830798044	0.6548452776769409	0.4183856744588688	relaxed	not_significant	1	1
Morus_018632-R1	20	200	0.7439292767301188	0.2304634551878735	0.6311803962450044	relaxed	not_significant	9	9
Morus_018632-R1	20	200	1.906059180427532	0.7575417235175337	0.384098930571765	intensified	not_significant	1	1
Morus_018633-R2	20	262	0.2039380096282261	2.085311768047177	0.1487218566210056	relaxed	not_significant	9	9
Morus_018633-R2	20	262	0.5853254806537586	0.482612950047951	0.4872411355156165	relaxed	not_significant	1	1
Morus_018638-R1	20	164	1.113755873373525	0.1717216672223003	0.6785862185024383	intensified	not_significant	9	9
Morus_018638-R1	20	164	0.1854945552410854	0.2380881198450879	0.6255903982192104	relaxed	not_significant	1	1
Morus_018645-R1	20	512	1.200189787189979	0.567256896400977	0.4513510162956528	intensified	not_significant	9	9
Morus_018645-R1	20	512	1.413600225358145	1.087809623687463	0.2969570355174349	intensified	not_significant	1	1
Morus_018647-R1	20	480	1.085720928353597	0.05802487079927232	0.8096453943067409	intensified	not_significant	9	9
Morus_018647-R1	20	480	0.5100413237132534	2.662429147646435	0.1027437168589584	relaxed	not_significant	1	1
Morus_018648-R1	20	1548	0.4431802426435271	0.4720060895124334	0.4920657184345801	relaxed	not_significant	9	9
Morus_018648-R1	20	1548	1.396538696211231E-9	1.143898895825259	0.284829976181434	relaxed	not_significant	1	1
Morus_018651-R1	20	457	1.656779416386046	1.554973501904897	0.2124027166562779	intensified	not_significant	9	9
Morus_018651-R1	20	457	0.6278402073442292	0.5850217912002336	0.4443506436559543	relaxed	not_significant	1	1
Morus_018654-R1	20	301	7.447870786462919E-10	6.587384907060368	0.01027039297588261	relaxed	significant_relaxed	9	9
Morus_018654-R1	20	301	50	0.2648338558437899	0.6068185108440687	intensified	not_significant	1	1
Morus_018658-R1	20	300	0.3531890816936283	2.537039344812001	0.1112031276904092	relaxed	not_significant	9	9
Morus_018658-R1	20	300	17.44464868658448	0.2273556255481708	0.6334915624339672	intensified	not_significant	1	1
Morus_018659-R1	20	351	0.6355293176412619	0.8733033637672634	0.3500424184183843	relaxed	not_significant	9	9
Morus_018659-R1	20	351	3.109283622056834E-16	3.799566170615435	0.05126586405012123	relaxed	not_significant	1	1
Morus_018665-R1	20	1136	2.898805243774111	1.929037700718254	0.1648637637935721	intensified	not_significant	9	9
Morus_018665-R1	20	1136	0.5230077921848419	0.3927055087933695	0.5308806889447129	relaxed	not_significant	1	1
Morus_018669-R1	20	319	0.7390485728472933	0.8266115384021759	0.3632541716241499	relaxed	not_significant	9	9
Morus_018669-R1	20	319	1	-0.00000268075291387504	1	intensified	not_significant	0	1
Morus_018674-R1	20	569	1.720319628384153	1.482418921961653	0.2233964427738421	intensified	not_significant	9	9
Morus_018674-R1	20	569	1.1089451905054	0.03190870328398887	0.8582281787696371	intensified	not_significant	1	1
Morus_018675-R1	20	246	50	0.759690533574485	0.3834253867707829	intensified	not_significant	9	9
Morus_018675-R1	20	246	1	-0.00002909394970629364	1	intensified	not_significant	0	1
Morus_018680-R1	20	313	1.852910356707721	2.129524397051682	0.1444855806737685	intensified	not_significant	9	9
Morus_018680-R1	20	313	1	-0.001081657949725923	1	intensified	not_significant	0	1
Morus_018681-R1	20	272	0.7597234866357141	0.164061042598405	0.6854448050946396	relaxed	not_significant	9	9
Morus_018681-R1	20	272	33.85193206701117	0.548724135739576	0.4588394806950333	intensified	not_significant	1	1
Morus_018683-R1	20	172	0.6976006869677506	0.3437242391396467	0.5576873684655959	relaxed	not_significant	9	9
Morus_018683-R1	20	172	1	-5.03865067003062E-7	1	intensified	not_significant	0	1
Morus_018684-R1	20	216	0.8532127541160179	-2.717024472076446E-7	1	relaxed	not_significant	9	9
Morus_018687-R1	20	306	1.359130774969576	0.6452757151537298	0.4218068160542772	intensified	not_significant	9	9
Morus_018687-R1	20	306	0.03415626694732776	1.265675017673857	0.2605796144762931	relaxed	not_significant	1	1
Morus_018692-R1	20	649	1.292146747391342	0.2010176574385696	0.6539006731959013	intensified	not_significant	9	9
Morus_018692-R1	20	649	1.893002203479596	0.1595732269252039	0.6895497405787945	intensified	not_significant	1	1
Morus_018698-R1	20	330	1.113596094792615	0.07630620942290989	0.7823669729496023	intensified	not_significant	9	9
Morus_018698-R1	20	330	12.90923095421008	0.4038666364640449	0.5250990906731763	intensified	not_significant	1	1
Morus_018701-R1	20	210	1.396092773905433	0.1046183342518816	0.7463563039471128	intensified	not_significant	9	9
Morus_018701-R1	20	210	0.8544684962073321	-0.0001137918661697768	1	relaxed	not_significant	1	1
Morus_018702-R1	20	164	0.1942193659308515	2.704670802967939	0.1000547334123665	relaxed	not_significant	9	9
Morus_018702-R1	20	164	0	6.190159668622528	0.01284625956185037	relaxed	significant_relaxed	1	1
Morus_018706-R1	20	540	0.9463310053687042	0.0294811740914156	0.8636727354031667	relaxed	not_significant	9	9
Morus_018706-R1	20	540	0.8212351607844478	0.1055210762624483	0.7453021101865032	relaxed	not_significant	1	1
Morus_018712-R1	20	264	0.8648872888714007	0.03848215880043426	0.844478125970148	relaxed	not_significant	9	9
Morus_018712-R1	20	264	0.9925988389176247	-0.001796253335669462	1	relaxed	not_significant	1	1
Morus_018715-R1	20	374	1.581683642084494	0.3959514274602043	0.5291875503729815	intensified	not_significant	9	9
Morus_018715-R1	20	374	1.21375850050201	0.079307332865028	0.7782382952153326	intensified	not_significant	1	1
Morus_018716-R1	20	152	14.62486326141865	1.495180043870732	0.2214144829707443	intensified	not_significant	9	9
Morus_018716-R1	20	152	50	5.683369598969875	0.01712644567861987	intensified	significant_intensified	1	1
Morus_018718-R1	20	386	0.2124985947694492	0.3613791812877025	0.5477412695544983	relaxed	not_significant	9	9
Morus_018718-R1	20	386	0.1294301132375421	1.419678054070573	0.2334564011176916	relaxed	not_significant	1	1
Morus_018725-R1	20	722	0.8243237979485435	0.02268506006294047	0.8802789518913595	relaxed	not_significant	9	9
Morus_018725-R1	20	722	5.897318966448013E-10	0.6458798449129972	0.4215896056654068	relaxed	not_significant	1	1
Morus_018734-R1	20	770	1.249332678238329	0.8715728080551344	0.3505202566753999	intensified	not_significant	9	9
Morus_018734-R1	20	770	0.2885799227225485	0.5663295589765767	0.4517211494554817	relaxed	not_significant	1	1
Morus_018739-R1	20	432	1.000154860674016	-0.004372366530333238	1	intensified	not_significant	9	9
Morus_018739-R1	20	432	0.6694562265130793	0.8452353091524856	0.3579037497070889	relaxed	not_significant	1	1
Morus_018752-R1	20	279	0	2.863549166301254	0.09060737769759419	relaxed	not_significant	9	9
Morus_018752-R1	20	279	0.2908617903797504	0.5322451488723345	0.4656644788368736	relaxed	not_significant	1	1
Morus_018754-R1	20	171	1.322845651825945	0.02138087813455058	0.8837461256433284	intensified	not_significant	9	9
Morus_018754-R1	20	171	1	-0.0002106165516124747	1	intensified	not_significant	0	1
Morus_018761-R1	20	261	1.207226090383391	0.1593708914424496	0.6897363832413842	intensified	not_significant	9	9
Morus_018761-R1	20	261	2.908176769339588E-7	4.828453519563482	0.02799372996945571	relaxed	significant_relaxed	1	1
Morus_018768-R1	20	304	0.3451166096162829	1.318958993887463	0.2507789642643594	relaxed	not_significant	9	9
Morus_018769-R1	20	178	0.2384590714049415	1.198260751104954	0.2736695754543887	relaxed	not_significant	9	9
Morus_018769-R1	20	178	16.65476073286101	0.4243253622739758	0.5147866253317595	intensified	not_significant	1	1
Morus_018780-R1	20	219	0.962336699791759	0.00572718048488241	0.9396751699122172	relaxed	not_significant	9	9
Morus_018780-R1	20	219	0.2538730897783805	0.8055788402862163	0.3694306048074398	relaxed	not_significant	1	1
Morus_018781-R1	20	403	0.4076660608972319	1.79544177642947	0.1802645402384414	relaxed	not_significant	9	9
Morus_018781-R1	20	403	0	0.6512410453069606	0.4196693227204822	relaxed	not_significant	1	1
Morus_018784-R1	20	240	1.000249541784592	-0.001017032093841408	1	intensified	not_significant	9	9
Morus_018784-R1	20	240	3.884300050669001	0.5624720220685049	0.4532659386197994	intensified	not_significant	1	1
Morus_018785-R1	20	294	1.202774837293823	0.1261668826200548	0.7224399307026257	intensified	not_significant	9	9
Morus_018785-R1	20	294	0.1669468024181495	2.207172894540236	0.137370210794473	relaxed	not_significant	1	1
Morus_018786-R1	20	212	1.093048791653852	0.02120529991452713	0.884221065452351	intensified	not_significant	9	9
Morus_018786-R1	20	212	17.19896431417039	1.573883414296233	0.2096439429748579	intensified	not_significant	1	1
Morus_018792-R1	20	128	0.897945081443795	0.04453128368595571	0.8328682569693715	relaxed	not_significant	9	9
Morus_018792-R1	20	128	12.70246601065512	1.801621517573949	0.1795165849317882	intensified	not_significant	1	1
Morus_018797-R1	20	743	1.595116148281831	1.464521493599023	0.2262120718866215	intensified	not_significant	9	9
Morus_018797-R1	20	743	0.8723115095169902	0.02071459528815467	0.8855591737731623	relaxed	not_significant	1	1
Morus_018798-R1	20	320	1.146513440356988	0.06869890076814045	0.7932406836452111	intensified	not_significant	9	9
Morus_018798-R1	20	320	0.8532132147198249	-0.00000291043397737667	1	relaxed	not_significant	1	1
Morus_018801-R1	20	927	0.2051531159400169	2.434564145447439	0.1186868799241857	relaxed	not_significant	9	9
Morus_018801-R1	20	927	9.108896525025919E-8	4.077212511499965	0.04346530767556001	relaxed	significant_relaxed	1	1
Morus_018802-R1	20	339	1.70479783663585	1.51180908160768	0.2188632440427469	intensified	not_significant	9	9
Morus_018802-R1	20	339	0.1827683930953955	1.145686223845587	0.2844539981604524	relaxed	not_significant	1	1
Morus_018804-R1	20	391	0.24458850833999	3.864814970416774	0.04930863036564215	relaxed	significant_relaxed	9	9
Morus_018804-R1	20	391	0.8544685625237368	-0.00005694350784324342	1	relaxed	not_significant	1	1
Morus_018807-R1	20	451	0.1675847738870703	0.6114282380494842	0.4342505595846278	relaxed	not_significant	9	9
Morus_018807-R1	20	451	31.6973065406506	3.088145920945863	0.07886462142244866	intensified	not_significant	1	1
Morus_018808-R1	20	305	0.853213494293815	-0.000001499427526141517	1	relaxed	not_significant	9	9
Morus_018808-R1	20	305	8.599176143087634	0.3294441684529374	0.5659865652935125	intensified	not_significant	1	1
Morus_018823-R1	20	246	0.06866908944958404	2.246268002407305	0.1339370769141887	relaxed	not_significant	9	9
Morus_018824-R1	20	274	0.882471958719599	0.08456391193021773	0.7712052428356813	relaxed	not_significant	9	9
Morus_018824-R1	20	274	49.10030557831801	6.160189147131405	0.01306572359988856	intensified	significant_intensified	1	1
Morus_018827-R1	20	364	1.214574658451605	0.3026878130822297	0.5822022893842089	intensified	not_significant	9	9
Morus_018827-R1	20	364	0.4270384348558571	0.7475051897863523	0.3872672538056527	relaxed	not_significant	1	1
Morus_018832-R1	20	394	3.584569230456097	2.127527575621571	0.1446739483230525	intensified	not_significant	9	9
Morus_018832-R1	20	394	0.317192990783516	2.881138284783447	0.08962264739289461	relaxed	not_significant	1	1
Morus_018835-R1	20	140	0.4906945119939141	0.2487280109489802	0.6179721514829304	relaxed	not_significant	9	9
Morus_018835-R1	20	140	1	-0.0001246228266609251	1	intensified	not_significant	0	1
Morus_018841-R1	20	159	0.3550675949334431	3.890247844614805	0.04856725590811206	relaxed	significant_relaxed	9	9
Morus_018841-R1	20	159	1.171473709630092	0.05113381934779682	0.8211019589192522	intensified	not_significant	1	1
Morus_018845-R1	20	308	0.4806449165541697	1.651803184154232	0.1987136857533456	relaxed	not_significant	9	9
Morus_018845-R1	20	308	4.442109530400945E-8	7.519293287341497	0.006104162344367281	relaxed	significant_relaxed	1	1
Morus_018846-R1	20	271	1.615795951554762	1.66377263173672	0.1970947196480185	intensified	not_significant	9	9
Morus_018846-R1	20	271	0.3329103975691206	2.515471454408726	0.1127339136707309	relaxed	not_significant	1	1
Morus_018850-R1	20	679	0.8011549588783721	0.5316450845111831	0.4659160518765473	relaxed	not_significant	9	9
Morus_018850-R1	20	679	1.041043600838537	0.004206369596431614	0.948288231030405	intensified	not_significant	1	1
Morus_018851-R1	20	106	0.1302230624593825	0.05099906698160339	0.8213338530845099	relaxed	not_significant	9	9
Morus_018851-R1	20	106	0	0.0220747876896894	0.8818883184742533	relaxed	not_significant	1	1
Morus_018856-R1	20	445	0.0863138713987962	1.760034633056421	0.184620195930884	relaxed	not_significant	9	9
Morus_018856-R1	20	445	0.2522819980444418	0.9011807183360361	0.3424653144187908	relaxed	not_significant	1	1
Morus_018866-R1	20	167	0.1240210801357777	3.970652203447571	0.04629983603429866	relaxed	significant_relaxed	9	9
Morus_018866-R1	20	167	0.1614234850835334	2.142757180513399	0.1432442390692776	relaxed	not_significant	1	1
Morus_018871-R1	20	271	3.435083174845716	0.5053061157018419	0.4771778932578515	intensified	not_significant	9	9
Morus_018871-R1	20	271	19.7999988304388	1.674505827561916	0.1956561013993915	intensified	not_significant	1	1
Morus_018877-R1	20	506	0.09898766114380339	2.499271079015671	0.1138990044623852	relaxed	not_significant	9	9
Morus_018877-R1	20	506	0.55782624191615	0.7896822784450706	0.3741962148539522	relaxed	not_significant	1	1
Morus_018880-R1	20	185	0.5127290217416732	0.6683939285030647	0.4136121176555388	relaxed	not_significant	9	9
Morus_018880-R1	20	185	1.154942520301596E-8	0.5063655542430752	0.4767164266652932	relaxed	not_significant	1	1
Morus_018882-R1	20	224	1.74150809891138	1.813982454449615	0.1780312345855921	intensified	not_significant	9	9
Morus_018882-R1	20	224	0	0.9543476029061821	0.3286151158929536	relaxed	not_significant	1	1
Morus_018884-R1	20	246	3.249683274700555	2.46555188567072	0.1163668236926012	intensified	not_significant	9	9
Morus_018884-R1	20	246	43.07936822793292	6.536196455353092	0.01057011069831182	intensified	significant_intensified	1	1
Morus_018886-R1	20	270	1.725970228814617	0.6134214054227414	0.4335024911958208	intensified	not_significant	9	9
Morus_018886-R1	20	270	0	2.475792577927677	0.1156111518375197	relaxed	not_significant	1	1
Morus_018887-R1	20	222	0.5703454053459788	0.4341170253146629	0.5099756706429961	relaxed	not_significant	9	9
Morus_018887-R1	20	222	0	2.631902067123519	0.104736175338932	relaxed	not_significant	1	1
Morus_018889-R1	20	343	0.4234424177391687	0.666284039140919	0.4143501678473623	relaxed	not_significant	9	9
Morus_018889-R1	20	343	0	0.9941370789329085	0.3187333341417292	relaxed	not_significant	1	1
Morus_018890-R1	20	196	1.26904696879779	0.05772777427409892	0.8101240132263298	intensified	not_significant	9	9
Morus_018890-R1	20	196	1.499775306262132	0.02450739431242255	0.8756007900175451	intensified	not_significant	1	1
Morus_018896-R1	20	237	0.9202304314485342	0.03340166531916111	0.8549853741850577	relaxed	not_significant	9	9
Morus_018896-R1	20	237	2.97986240490471	2.201590911189214	0.1378683836864686	intensified	not_significant	1	1
Morus_018897-R1	20	265	0.9922717950704499	0.00001319752391282236	0.9971014197083855	relaxed	not_significant	9	9
Morus_018897-R1	20	265	0.000001611602923297157	0.7823049455764703	0.3764371312857612	relaxed	not_significant	1	1
Morus_018903-R1	20	208	1.767313560881372	0.7295306821829399	0.3930353550122381	intensified	not_significant	9	9
Morus_018903-R1	20	208	0	1.170954428233927	0.2792052180403212	relaxed	not_significant	1	1
Morus_018913-R1	20	332	1.428530124751187	0.5636444174178905	0.4527955670658282	intensified	not_significant	9	9
Morus_018913-R1	20	332	1.173324990953599	0.08290172002489271	0.7734029341398012	intensified	not_significant	1	1
Morus_018916-R1	20	325	1.354813027368951	0.1623689088719402	0.686984819182761	intensified	not_significant	9	9
Morus_018916-R1	20	325	0.08018779208272547	0.1639430884633839	0.6855518549263468	relaxed	not_significant	1	1
Morus_018934-R1	20	709	0.716351657601377	1.33693276646045	0.2475756062071459	relaxed	not_significant	9	9
Morus_018934-R1	20	709	0.68565321243734	1.21291298874894	0.2707559783988513	relaxed	not_significant	1	1
Morus_018935-R1	20	339	0.4142293670468156	2.495243322349779	0.1141907265482784	relaxed	not_significant	9	9
Morus_018935-R1	20	339	2.413510212008368	0.4658276373056651	0.4949129388825536	intensified	not_significant	1	1
Morus_018939-R1	20	89	1.62847642430852	0.5931141103087612	0.4412174318688449	intensified	not_significant	9	9
Morus_018939-R1	20	89	0.04722204465965078	2.345434380333927	0.1256505324016238	relaxed	not_significant	1	1
Morus_018943-R1	20	618	0.2818679721118691	10.54411344471373	0.001165587182646033	relaxed	significant_relaxed	9	9
Morus_018943-R1	20	618	0.2525195823974675	4.687160318568203	0.03038882925984554	relaxed	significant_relaxed	1	1
Morus_018945-R1	20	374	1.407192845140309	1.144174778094566	0.2847719011557928	intensified	not_significant	9	9
Morus_018945-R1	20	374	1	-0.00008017295203899266	1	intensified	not_significant	0	1
Morus_018952-R1	20	313	3.003713942472842	1.641455720890008	0.2001258544670996	intensified	not_significant	9	9
Morus_018952-R1	20	313	0	0.3504877463446974	0.5538371585267203	relaxed	not_significant	1	1
Morus_018961-R1	20	426	0.3188869543490233	0.5130579958758972	0.4738180611321634	relaxed	not_significant	9	9
Morus_018961-R1	20	426	4.72490699305349E-9	0.7189452880093086	0.396490091896566	relaxed	not_significant	1	1
Morus_018962-R1	20	509	0.9550270854161041	0.01067599138241349	0.9177052814051401	relaxed	not_significant	9	9
Morus_018962-R1	20	509	5.23837534979914	0.7165129398545105	0.3972901156511793	intensified	not_significant	1	1
Morus_018975-R1	20	242	1.114298245961227	0.1708932391475173	0.679319174935318	intensified	not_significant	9	9
Morus_018975-R1	20	242	0.04332215917238316	4.185598746349115	0.04076880934364668	relaxed	significant_relaxed	1	1
Morus_018982-R1	20	141	1.263132645227776E-9	1.763102874563174	0.1842379612007582	relaxed	not_significant	9	9
Morus_018982-R1	20	141	0.853172333335349	-0.003316977239137486	1	relaxed	not_significant	1	1
Morus_018989-R1	20	176	3.108028949759839	2.025924682849109	0.1546347742243541	intensified	not_significant	9	9
Morus_018989-R1	20	176	20.37969707274666	0.4556905191207079	0.4996449321168489	intensified	not_significant	1	1
Morus_018992-R1	20	115	0.2065211565638913	0.3936432065902409	0.5303905674572795	relaxed	not_significant	9	9
Morus_018992-R1	20	115	0.7200746334654894	0.06013675282360964	0.8062799275610053	relaxed	not_significant	1	1
Morus_018994-R1	20	373	0.9686153114277362	0.02018520640831412	0.8870210407584874	relaxed	not_significant	9	9
Morus_018994-R1	20	373	1	-0.0001143662830145331	1	intensified	not_significant	0	1
Morus_018995-R1	20	328	0.8636640725066007	0.05660622953564598	0.8119426490087185	relaxed	not_significant	9	9
Morus_018995-R1	20	328	6.742733707095799E-8	4.513370656582993	0.03363090381460054	relaxed	significant_relaxed	1	1
Morus_018997-R1	20	144	3.895897445185656	2.955977970439108	0.0855605285202542	intensified	not_significant	9	9
Morus_018997-R1	20	144	0.2702245512497182	0.08773691979558862	0.7670741522717415	relaxed	not_significant	1	1
Morus_019007-R1	20	190	1.428648305014602	0.4029571845890132	0.5255659819267289	intensified	not_significant	9	9
Morus_019007-R1	20	190	0	2.469303224137548	0.1160893772428818	relaxed	not_significant	1	1
Morus_019013-R1	20	134	3.173894219178602	3.003893115748724	0.08306469542660289	intensified	not_significant	9	9
Morus_019013-R1	20	134	0	0.118396886516166	0.7307797413404671	relaxed	not_significant	1	1
Morus_019016-R1	20	231	0.2527521742771771	0.6342699754859495	0.4257933711374799	relaxed	not_significant	9	9
Morus_019016-R1	20	231	2.064274878353668	2.042512037567576	0.1529568711127171	intensified	not_significant	1	1
Morus_019017-R1	20	636	0.9248537634226941	0.02724762061734509	0.8688900401838795	relaxed	not_significant	9	9
Morus_019017-R1	20	636	0	2.977632875257768	0.08442265897071766	relaxed	not_significant	1	1
Morus_019043-R1	20	439	2.403697992347852	1.577347346928946	0.2091432009360713	intensified	not_significant	9	9
Morus_019043-R1	20	439	0.3838227353580002	2.984589149730709	0.08406061767605144	relaxed	not_significant	1	1
Morus_019061-R1	20	199	1.127511239434696	0.03946753494119548	0.842525291086923	intensified	not_significant	9	9
Morus_019061-R1	20	199	1	-1.686521500232629E-8	1	intensified	not_significant	0	1
Morus_019068-R1	20	285	1.379191562616713	0.376428433673027	0.5395209036751243	intensified	not_significant	9	9
Morus_019068-R1	20	285	4.405989478358492	0.2886070898894104	0.5911145255272977	intensified	not_significant	1	1
Morus_019099-R1	20	182	4.694481815471258	5.38251163566747	0.02033957585616175	intensified	significant_intensified	9	9
Morus_019099-R1	20	182	18.28308847624801	1.331557730334225	0.2485282849904356	intensified	not_significant	1	1
Morus_019171-R1	20	612	0.857204933918514	0.2930458739501773	0.5882752417285377	relaxed	not_significant	9	9
Morus_019171-R1	20	612	0.8195994336755957	0.3651895100083493	0.5456381454787578	relaxed	not_significant	1	1
Morus_019173-R1	20	481	2.873639962498562	3.695671554329238	0.054553817247186	intensified	not_significant	9	9
Morus_019173-R1	20	481	1.135995209545503	0.09433113558770856	0.7587415755532254	intensified	not_significant	1	1
Morus_019176-R1	20	205	1.36223330135926	0.9769783137908234	0.3229459521804647	intensified	not_significant	9	9
Morus_019176-R1	20	205	0.4281745101365472	1.692158279501655	0.1933167046992529	relaxed	not_significant	1	1
Morus_019183-R1	20	233	0.5983108388853952	0.216805871447832	0.6414845363583976	relaxed	not_significant	9	9
Morus_019183-R1	20	233	2.120718884338122	0.8040781721529129	0.3698768533843666	intensified	not_significant	1	1
Morus_019187-R1	20	135	24.35495582250536	0.05436441652136637	0.815635781672996	intensified	not_significant	9	9
Morus_019187-R1	20	135	1	-0.00040010948850977	1	intensified	not_significant	0	1
Morus_019188-R1	20	144	32.66854943208823	3.26615867511282	0.07072304457882406	intensified	not_significant	9	9
Morus_019188-R1	20	144	45.42031330788532	2.704493904453557	0.1000658326091337	intensified	not_significant	1	1
Morus_019191-R1	20	128	1.157604977815652	0.0240040130122452	0.8768747010151919	intensified	not_significant	9	9
Morus_019191-R1	20	128	1.155769781360955	0.03026299931048015	0.8618948252736405	intensified	not_significant	1	1
Morus_019193-R1	20	433	1.210553433423982	0.3615034485392243	0.5476724420727825	intensified	not_significant	9	9
Morus_019193-R1	20	433	1.160553332195809	0.1254149343058089	0.7232341836013491	intensified	not_significant	1	1
Morus_019197-R1	20	209	0.1512139669616725	5.290882462225454	0.02143735439611838	relaxed	significant_relaxed	9	9
Morus_019197-R1	20	209	1.511059660492351	0.5531518491052339	0.4570327025635617	intensified	not_significant	1	1
Morus_019204-R1	20	430	1.108349224406208	0.01049407604477892	0.9184069609011236	intensified	not_significant	9	9
Morus_019204-R1	20	430	1.15706550862702	0.02949610915948142	0.8636385463940036	intensified	not_significant	1	1
Morus_019208-R1	20	175	0.858247026952994	-2.557339939812664E-8	1	relaxed	not_significant	9	9
Morus_019208-R1	20	175	1	-3.774403012357652E-10	1	intensified	not_significant	0	1
Morus_019211-R1	20	419	2.533951166004607E-8	3.50132057886276	0.06131991428572092	relaxed	not_significant	9	9
Morus_019211-R1	20	419	25.0684475805902	7.145251371506674	0.007516273825660336	intensified	significant_intensified	1	1
Morus_019217-R1	20	623	1.68416506029873	1.345082988995273	0.2461395582039888	intensified	not_significant	9	9
Morus_019217-R1	20	623	1.135786311220924	0.08934003205104091	0.7650178506546161	intensified	not_significant	1	1
Morus_019223-R1	20	33	0.5462703136586646	0.4994746336526532	0.4797310546285226	relaxed	not_significant	9	9
Morus_019223-R1	20	33	0.6024731776882024	0.1495652869386959	0.6989511322517908	relaxed	not_significant	1	1
Morus_019236-R1	20	444	0.4856983230036735	0.7243308570050431	0.3947269735065445	relaxed	not_significant	9	9
Morus_019236-R1	20	444	1.966971876066041E-9	2.01545154548694	0.1557049416438939	relaxed	not_significant	1	1
Morus_019241-R1	20	82	0.370558509966341	0.7127642876007485	0.3985276600613723	relaxed	not_significant	9	9
Morus_019241-R1	20	82	0.8544686294779805	-0.00004939945870319207	1	relaxed	not_significant	1	1
Morus_019242-R1	20	118	0.7893324538194112	0.1197285478733647	0.729329087913378	relaxed	not_significant	9	9
Morus_019242-R1	20	118	1	-0.00003042844468836847	1	intensified	not_significant	0	1
Morus_019245-R1	20	217	1.004056277572608	0.0001046478541866236	0.991837980075633	intensified	not_significant	9	9
Morus_019245-R1	20	217	1	-0.00001642382358113537	1	intensified	not_significant	0	1
Morus_019246-R1	20	145	0	2.781483667299653	0.0953597922817544	relaxed	not_significant	9	9
Morus_019246-R1	20	145	1	-0.00003865121198032284	1	intensified	not_significant	0	1
Morus_019250-R1	20	400	1.75481394421046	1.728215089198784	0.18863900781386	intensified	not_significant	9	9
Morus_019250-R1	20	400	0	0.9032995962515997	0.3418985062467422	relaxed	not_significant	1	1
Morus_019253-R1	20	421	1.163958131411641	0.145236770316842	0.7031294754679269	intensified	not_significant	9	9
Morus_019253-R1	20	421	1.473290922102563	0.2867751133544516	0.5922945638183037	intensified	not_significant	1	1
Morus_019276-R1	20	416	1.209176202640337	0.3238711052972576	0.5692904871666917	intensified	not_significant	9	9
Morus_019276-R1	20	416	0.3757680543274097	1.308047256005011	0.252748514903582	relaxed	not_significant	1	1
Morus_019279-R1	20	266	1.014354643309451	0.0001934103806888743	0.9889040126743127	intensified	not_significant	9	9
Morus_019279-R1	20	266	0.4180999742733109	0.4706086914402476	0.4927072752851632	relaxed	not_significant	1	1
Morus_019282-R1	20	263	1.411371160669721	0.6991169214170441	0.4030805806631199	intensified	not_significant	9	9
Morus_019282-R1	20	263	50	10.06170888807083	0.001513827448579086	intensified	significant_intensified	1	1
Morus_019290-R1	20	160	0.5760901634902278	1.193020745105059	0.2747210820454663	relaxed	not_significant	9	9
Morus_019290-R1	20	160	0.000001127885718473801	0.9165487223199307	0.3383827998702921	relaxed	not_significant	1	1
Morus_019293-R1	20	475	1.174796781546815	0.3269174942461177	0.5674798415323277	intensified	not_significant	9	9
Morus_019293-R1	20	475	0.6555867497802854	0.4392230278835996	0.5074977053128055	relaxed	not_significant	1	1
Morus_019296-R1	20	373	0.5160761093284791	1.036137288088867	0.3087215413538914	relaxed	not_significant	9	9
Morus_019296-R1	20	373	0.3191378886923289	2.160809225601952	0.141570116571045	relaxed	not_significant	1	1
Morus_019298-R1	20	378	2.846373787182894	2.650830669615061	0.103495802005739	intensified	not_significant	9	9
Morus_019298-R1	20	378	0.9577548388920551	0.01711758546571218	0.8959064751734731	relaxed	not_significant	1	1
Morus_019302-R1	20	655	1.561921732713748	0.2002970629819174	0.6544811721533019	intensified	not_significant	9	9
Morus_019302-R1	20	655	0.5158724651478289	0.3516487667584443	0.5531812839055903	relaxed	not_significant	1	1
Morus_019307-R1	20	161	0.000001088047531309256	3.436389260258693	0.06377492713875033	relaxed	not_significant	9	9
Morus_019307-R1	20	161	1	-0.00001620705597815686	1	intensified	not_significant	0	1
Morus_019309-R1	20	144	1.272796925134743	0.4450479714068933	0.5046960236272444	intensified	not_significant	9	9
Morus_019309-R1	20	144	18.45480084333487	2.250481191785184	0.1335728612915449	intensified	not_significant	1	1
Morus_019312-R1	20	290	5.476622917998767	0.5431358008390816	0.4611360466247655	intensified	not_significant	9	9
Morus_019312-R1	20	290	11.5490755266965	0.1858883385693844	0.6663609797220582	intensified	not_significant	1	1
Morus_019316-R1	20	168	7.010626913507192	5.611413756831553	0.0178438608742697	intensified	significant_intensified	9	9
Morus_019316-R1	20	168	50	1.2944782603372	0.2552243016885473	intensified	not_significant	1	1
Morus_019322-R1	20	343	26.62987730086799	1.292032791433485	0.2556736708729853	intensified	not_significant	9	9
Morus_019322-R1	20	343	5.022095026156526E-8	0.1194356148243969	0.7296474186344079	relaxed	not_significant	1	1
Morus_019329-R1	20	282	15.98659334595254	4.579186136982571	0.0323625823026692	intensified	significant_intensified	9	9
Morus_019329-R1	20	282	0.8607787302265602	-0.000002707350176933687	1	relaxed	not_significant	1	1
Morus_019333-R1	20	294	0.68984266790725	1.159629056690392	0.2815424841462612	relaxed	not_significant	9	9
Morus_019333-R1	20	294	0.1828694268558714	1.723628241479673	0.1892266798439277	relaxed	not_significant	1	1
Morus_019334-R1	20	201	0.1999917102040416	1.713872310444458	0.1904837279137314	relaxed	not_significant	9	9
Morus_019334-R1	20	201	36.91040629179745	3.670874656060278	0.05537111965795039	intensified	not_significant	1	1
Morus_019339-R1	20	290	0.5368831776081986	1.671092074178887	0.1961123240370123	relaxed	not_significant	9	9
Morus_019339-R1	20	290	0	0.9887765109933753	0.3200415899002457	relaxed	not_significant	1	1
Morus_019343-R1	20	425	2.429964403872008	1.346616573405299	0.2458704840806464	intensified	not_significant	9	9
Morus_019343-R1	20	425	0.8241167198951521	0.0504128463953748	0.8223464412771586	relaxed	not_significant	1	1
Morus_019345-R1	20	271	13.81820419259477	3.252919085644407	0.07129637915083209	intensified	not_significant	9	9
Morus_019345-R1	20	271	0	2.081156069305962	0.1491271941475073	relaxed	not_significant	1	1
Morus_019353-R1	20	335	0.8571070717020502	0.1462653763892376	0.7021301554852862	relaxed	not_significant	9	9
Morus_019353-R1	20	335	0.2496550008447832	0.5512196316740301	0.4578197811592807	relaxed	not_significant	1	1
Morus_019355-R1	20	227	0.1079563692601442	5.626611623586541	0.01768979334944265	relaxed	significant_relaxed	9	9
Morus_019355-R1	20	227	0.1379941909655855	2.431266766061526	0.1189367502663479	relaxed	not_significant	1	1
Morus_019357-R1	20	218	0.4410556914340481	2.071380993700132	0.1500855649992917	relaxed	not_significant	9	9
Morus_019357-R1	20	218	28.28569055619451	1.372598547664893	0.2413659186386136	intensified	not_significant	1	1
Morus_019360-R1	20	277	1.308709286680373	0.1960480565367106	0.6579298308592525	intensified	not_significant	9	9
Morus_019360-R1	20	277	0.2437575944994331	0.3957954762609006	0.5292686759447428	relaxed	not_significant	1	1
Morus_019361-R1	20	147	0.9313797284826617	0.04172456889637033	0.8381456949899542	relaxed	not_significant	9	9
Morus_019361-R1	20	147	16.39178173923792	3.578154691481814	0.05854415028717175	intensified	not_significant	1	1
Morus_019365-R1	20	249	0.6854613245174329	0.3708661001132896	0.5425325475362954	relaxed	not_significant	9	9
Morus_019365-R1	20	249	16.84387122942216	0.7647964286979914	0.3818316482713731	intensified	not_significant	1	1
Morus_019368-R1	20	265	0.8477689388733501	0.07396700985282223	0.7856460353064137	relaxed	not_significant	9	9
Morus_019368-R1	20	265	0	1.349555352056086	0.2453558658552287	relaxed	not_significant	1	1
Morus_019372-R1	20	160	3.576173861981204	1.271206584387073	0.25954044755642	intensified	not_significant	9	9
Morus_019372-R1	20	160	0	4.729997590982293	0.02964092678663022	relaxed	significant_relaxed	1	1
Morus_019379-R1	20	231	0.3509172815708599	0.9504984785316992	0.3295924464049671	relaxed	not_significant	9	9
Morus_019379-R1	20	231	1	-0.0001361259974146378	1	intensified	not_significant	0	1
Morus_019381-R1	20	310	3.990313615138326	4.960736826424181	0.02592915668513074	intensified	significant_intensified	9	9
Morus_019381-R1	20	310	0	0.2517615648002902	0.6158374278511294	relaxed	not_significant	1	1
Morus_019385-R1	20	194	0.09227876723181024	11.6192711914382	0.0006527197264440954	relaxed	significant_relaxed	9	9
Morus_019385-R1	20	194	1.532113371893837E-15	0.5926160196768251	0.441409299410362	relaxed	not_significant	1	1
Morus_019398-R1	20	367	0.1210579440421469	1.695529378339415	0.1928736763470872	relaxed	not_significant	9	9
Morus_019398-R1	20	367	0.3556314834408556	6.935902037002961	0.008448244602705324	relaxed	significant_relaxed	1	1
Morus_019405-R1	20	434	0.6245421716860614	0.4826036624308472	0.4872453255724153	relaxed	not_significant	9	9
Morus_019405-R1	20	434	0.5462981487466122	1.149572950709626	0.2836385638813886	relaxed	not_significant	1	1
Morus_019415-R1	20	244	0.5860693902474204	1.232943906093624	0.2668352815140523	relaxed	not_significant	9	9
Morus_019415-R1	20	244	8.207635746387868E-7	1.277870642522885	0.2582953290505164	relaxed	not_significant	1	1
Morus_019416-R1	20	348	0.7866681862911962	0.1261233347549933	0.7224858557556206	relaxed	not_significant	9	9
Morus_019416-R1	20	348	0.5685457335097636	1.033429881334996	0.3093544464581226	relaxed	not_significant	1	1
Morus_019418-R1	20	311	0.8403406849291648	0.2759682706700914	0.5993560142479515	relaxed	not_significant	9	9
Morus_019418-R1	20	311	0.7236365043805181	0.3744529589857848	0.5405869729770141	relaxed	not_significant	1	1
Morus_019425-R1	20	556	0.7729848098004876	0.6666882209619871	0.4142086322546992	relaxed	not_significant	9	9
Morus_019425-R1	20	556	0.2563821517418071	0.1271318972439985	0.7214245200796925	relaxed	not_significant	1	1
Morus_019430-R1	20	167	43.11634260396986	2.284595351870394	0.1306642161711974	intensified	not_significant	9	9
Morus_019430-R1	20	167	2.050098702376405	-0.0001171476142189931	1	intensified	not_significant	1	1
Morus_019436-R1	20	194	5.023712404371604	5.450553345546268	0.01956212966273363	intensified	significant_intensified	9	9
Morus_019436-R1	20	194	3.509593378625654E-7	20.9501072484727	0.00000471401438706387	relaxed	significant_relaxed	1	1
Morus_019438-R1	20	383	1.741685733229291	2.359020818666977	0.124560352222898	intensified	not_significant	9	9
Morus_019438-R1	20	383	0.4249292644500837	3.690838092936247	0.0547121182893614	relaxed	not_significant	1	1
Morus_019452-R1	20	384	0	3.304193580610445	0.06910325539744866	relaxed	not_significant	9	9
Morus_019452-R1	20	384	0.5704319268166326	0.8023439930402674	0.3703934769482166	relaxed	not_significant	1	1
Morus_019453-R1	20	449	0.8721980401827438	0.2101537133494276	0.6466469517764181	relaxed	not_significant	9	9
Morus_019453-R1	20	449	1.279242692405222	0.04827493864286225	0.8260926655628799	intensified	not_significant	1	1
Morus_019457-R1	20	438	0.8903021092465135	0.07514837202506897	0.7839831569229772	relaxed	not_significant	9	9
Morus_019457-R1	20	438	0.05983318815520493	1.533999535296061	0.215513176944058	relaxed	not_significant	1	1
Morus_019458-R1	20	170	0.2405943666574311	1.959268997842628	0.1615915194749095	relaxed	not_significant	9	9
Morus_019458-R1	20	170	1	-0.00005057063208369073	1	intensified	not_significant	0	1
Morus_019459-R1	20	138	0.8532126754008228	-0.000001726863274598145	1	relaxed	not_significant	9	9
Morus_019459-R1	20	138	0.8544690875647184	-0.00002942030278063612	1	relaxed	not_significant	1	1
Morus_019481-R1	20	384	1.749496840848048E-9	9.385598675407891	0.002186966226794373	relaxed	significant_relaxed	9	9
Morus_019481-R1	20	384	0.2649001994304097	3.295244937253301	0.06948074458668196	relaxed	not_significant	1	1
Morus_019492-R1	20	217	2.639803643209195E-7	1.651512049260418	0.198753258065028	relaxed	not_significant	9	9
Morus_019492-R1	20	217	0.8544683159813289	-0.0004266574787834543	1	relaxed	not_significant	1	1
Morus_019538-R1	20	327	3.571883919071482E-11	3.499793610738379	0.06137647764035326	relaxed	not_significant	9	9
Morus_019538-R1	20	327	0	8.983405065814623	0.002724424837823536	relaxed	significant_relaxed	1	1
Morus_019539-R1	20	294	0.996836871542497	0.000001800101017579436	0.998929495814003	relaxed	not_significant	9	9
Morus_019539-R1	20	294	0.3834424613932371	1.690251053944394	0.1935678781112957	relaxed	not_significant	1	1
Morus_019546-R1	20	1484	0.7773424987062826	0.7481434958026512	0.3870646483066502	relaxed	not_significant	9	9
Morus_019546-R1	20	1484	50	2.949013497607666	0.08592999735930518	intensified	not_significant	1	1
Morus_019548-R1	20	475	3.885092522226061	5.36118596533197	0.02058976689964764	intensified	significant_intensified	9	9
Morus_019548-R1	20	475	2.779159351612669	1.873429212168958	0.1710828438933231	intensified	not_significant	1	1
Morus_019549-R1	20	289	0.5650186310325078	1.118057926757501	0.2903370172010751	relaxed	not_significant	9	9
Morus_019549-R1	20	289	1.003591325207958	0.00002377556393184932	0.9961095149221716	intensified	not_significant	1	1
Morus_019551-R1	20	363	0.2751944513047467	0.06848036459450668	0.7935623534212977	relaxed	not_significant	9	9
Morus_019551-R1	20	363	17.53567736209792	0.67938026849788	0.4098002081711408	intensified	not_significant	1	1
Morus_019552-R1	20	472	0.6236947697181493	1.433303056897785	0.2312261334747965	relaxed	not_significant	9	9
Morus_019552-R1	20	472	0.1692971312503321	0.7621047407355945	0.3826706510735303	relaxed	not_significant	1	1
Morus_019556-R1	20	311	0.4877087314750851	3.33676911580551	0.06774751437327198	relaxed	not_significant	9	9
Morus_019556-R1	20	311	0.2030525579938767	0.2624716085247201	0.6084271888915199	relaxed	not_significant	1	1
Morus_019557-R1	20	576	0.744712219605678	0.3638323593559107	0.5463855066723817	relaxed	not_significant	9	9
Morus_019557-R1	20	576	1.451976152938854	0.9129411936546603	0.3393352360824176	intensified	not_significant	1	1
Morus_019564-R1	20	230	17.00515714295825	3.719892930644164	0.05376781868124347	intensified	not_significant	9	9
Morus_019564-R1	20	230	7.815996432867673E-8	0.928611065725363	0.3352240990881726	relaxed	not_significant	1	1
Morus_019567-R1	20	392	0.7352204457190014	0.4548192127749644	0.5000552272587828	relaxed	not_significant	9	9
Morus_019567-R1	20	392	0.385544116186753	0.8154113649989085	0.3665251999812067	relaxed	not_significant	1	1
Morus_019572-R1	20	320	15.71479908976033	3.756995554698278	0.05258698894538616	intensified	not_significant	9	9
Morus_019572-R1	20	320	9.612590015188069	0.5676713089433179	0.4511857628565042	intensified	not_significant	1	1
Morus_019576-R1	20	413	13.13933874524087	2.423869454335545	0.1194994272290953	intensified	not_significant	9	9
Morus_019576-R1	20	413	3.853396272472442	1.277928102876103	0.2582846252574172	intensified	not_significant	1	1
Morus_019577-R1	20	796	0.6695278459611982	2.595841641748848	0.1071445090814385	relaxed	not_significant	9	9
Morus_019577-R1	20	796	5.554265747187795	1.55936775066948	0.2117578178008904	intensified	not_significant	1	1
Morus_019582-R1	20	235	0.5181824555740704	1.741837018259503	0.1869062326966742	relaxed	not_significant	9	9
Morus_019582-R1	20	235	0.06777473038279007	2.80255772196233	0.09411406354627361	relaxed	not_significant	1	1
Morus_019583-R1	20	208	0.8764185816572815	0.03142554577198098	0.8592943360711495	relaxed	not_significant	9	9
Morus_019583-R1	20	208	7.984673697867557E-9	1.586496362276648	0.2078274210166692	relaxed	not_significant	1	1
Morus_019587-R1	20	357	0.2237072643727697	4.686531884522992	0.03039994641654109	relaxed	significant_relaxed	9	9
Morus_019587-R1	20	357	14.90361493609083	0.669192457259669	0.4133332949490265	intensified	not_significant	1	1
Morus_019611-R1	20	375	0.8886682811080789	0.0487197109259796	0.8253062374881958	relaxed	not_significant	9	9
Morus_019611-R1	20	375	1.904657520128758	1.054587551601799	0.3044528933274314	intensified	not_significant	1	1
Morus_019614-R1	20	222	1.027959645743309	0.004953385125645582	0.9438909791836991	intensified	not_significant	9	9
Morus_019614-R1	20	222	1	-1.723642526485492E-7	1	intensified	not_significant	0	1
Morus_019616-R1	20	266	0.2339570225107781	4.384244287462934	0.03627256857428884	relaxed	significant_relaxed	9	9
Morus_019616-R1	20	266	8.891695848835225	0.2757244652561894	0.5995173462455086	intensified	not_significant	1	1
Morus_019618-R1	20	320	0.2170215814122275	3.351394025512491	0.06714812567852535	relaxed	not_significant	9	9
Morus_019618-R1	20	320	0.9770994942211289	0.0002803277111524949	0.9866416509717487	relaxed	not_significant	1	1
Morus_019619-R1	20	204	1.718615824708351	0.3774995897060762	0.5389444607598051	intensified	not_significant	9	9
Morus_019619-R1	20	204	0	2.313694457618112	0.1282389304995178	relaxed	not_significant	1	1
Morus_019624-R1	20	192	0.4276138366467743	1.124493720029932	0.2889528933912603	relaxed	not_significant	9	9
Morus_019624-R1	20	192	13.45897987135764	1.625298595547974	0.2023545540541989	intensified	not_significant	1	1
Morus_019632-R1	20	274	0.7414841968088054	0.3088362554444757	0.5783951849705948	relaxed	not_significant	9	9
Morus_019632-R1	20	274	0.2057492463764887	2.038917023028716	0.1533187674740621	relaxed	not_significant	1	1
Morus_019643-R1	20	277	5.744751286142073	1.847930440493201	0.174024288422344	intensified	not_significant	9	9
Morus_019643-R1	20	277	7.667955522644013	1.509848186118688	0.2191622533477426	intensified	not_significant	1	1
Morus_019646-R1	20	245	4.914037327968004	5.464688708553695	0.0194045103889694	intensified	significant_intensified	9	9
Morus_019646-R1	20	245	2.462518411394776E-10	1.07335716846319	0.3001883704222417	relaxed	not_significant	1	1
Morus_019656-R1	20	274	2.587513067308814	2.574517909672977	0.1085971819463374	intensified	not_significant	9	9
Morus_019656-R1	20	274	2.986788662821203	0.287737751318673	0.5916738928756233	intensified	not_significant	1	1
Morus_019662-R1	20	341	0.2978359551218067	3.820860017196537	0.05061825062224956	relaxed	not_significant	9	9
Morus_019662-R1	20	341	3.412614334743768E-8	0.3901706625902079	0.5322097079370308	relaxed	not_significant	1	1
Morus_019668-R1	20	350	1.330772594686213	0.6849615613518836	0.4078834460967394	intensified	not_significant	9	9
Morus_019668-R1	20	350	1.12002902600387	0.02036229410987289	0.8865298727391383	intensified	not_significant	1	1
Morus_019671-R1	20	458	0.2820343643328226	1.931173758435762	0.1646300870865375	relaxed	not_significant	9	9
Morus_019671-R1	20	458	1.30763021779542	0.4802032564530236	0.4883302642722347	intensified	not_significant	1	1
Morus_019672-R1	20	334	0.5856001582874136	1.338197532595586	0.247352087297394	relaxed	not_significant	9	9
Morus_019672-R1	20	334	0.6501629970741201	0.5323265246315714	0.4656303793170296	relaxed	not_significant	1	1
Morus_019676-R1	20	266	1.187167299501631	0.03177024907790837	0.8585328417386817	intensified	not_significant	9	9
Morus_019676-R1	20	266	0	4.659616212899891	0.03088009311764683	relaxed	significant_relaxed	1	1
Morus_019678-R1	20	674	1.079809206072719	0.05080399333746755	0.8216701247874798	intensified	not_significant	9	9
Morus_019678-R1	20	674	0.5900007246314724	1.512172998998722	0.2188078052726765	relaxed	not_significant	1	1
Morus_019681-R1	20	339	0.3892694369804255	1.53174439803297	0.2158508304551651	relaxed	not_significant	9	9
Morus_019681-R1	20	339	0	1.286688537567898	0.2566591090636939	relaxed	not_significant	1	1
Morus_019684-R1	20	664	1.421639246266676	0.7051645642441144	0.4010537482962805	intensified	not_significant	9	9
Morus_019684-R1	20	664	0.8233858047051124	0.009983610367271467	0.9204094114630054	relaxed	not_significant	1	1
Morus_019685-R1	20	131	0	2.555649478673331	0.1099006423343012	relaxed	not_significant	9	9
Morus_019685-R1	20	131	1	-2.161732481908984E-8	1	intensified	not_significant	0	1
Morus_019691-R1	20	788	0.9044728916292315	0.07611333252862096	0.782635282599111	relaxed	not_significant	9	9
Morus_019691-R1	20	788	1.240094647192401	0.3160633382722153	0.5739830948624161	intensified	not_significant	1	1
Morus_019694-R1	20	686	0.4691207120304247	1.108472957719641	0.2924141347033901	relaxed	not_significant	9	9
Morus_019694-R1	20	686	1.175206902029596	0.08681205848733953	0.7682697724096375	intensified	not_significant	1	1
Morus_019695-R1	20	243	0.4452841342946967	0.1699479009735114	0.6801581139025462	relaxed	not_significant	9	9
Morus_019695-R1	20	243	0.4847475539311235	0.1659670743156312	0.6837211538591192	relaxed	not_significant	1	1
Morus_019697-R1	20	677	0.6608099533822059	0.16351907308308	0.6859370426709459	relaxed	not_significant	9	9
Morus_019697-R1	20	677	0.08720327056829177	0.467575460246735	0.4941046898567137	relaxed	not_significant	1	1
Morus_019698-R2	20	611	0.9326850347320006	0.03366169892069593	0.8544282764546358	relaxed	not_significant	9	9
Morus_019698-R2	20	611	2.406368721823432E-7	0.3544417780085496	0.5516094529826485	relaxed	not_significant	1	1
Morus_019700-R1	20	893	2.066814069195044	3.171329491087818	0.07494141971541701	intensified	not_significant	9	9
Morus_019700-R1	20	893	0.6107047373492035	1.613467850032976	0.2040050136662593	relaxed	not_significant	1	1
Morus_019702-R2	20	172	1.126268960769309	0.05384212377839503	0.8165076787771063	intensified	not_significant	9	9
Morus_019702-R2	20	172	1	-1.401504050591029E-7	1	intensified	not_significant	0	1
Morus_019703-R1	20	242	5.703247708570376	2.261498802241476	0.1326256469818937	intensified	not_significant	9	9
Morus_019703-R1	20	242	21.79585167518394	0.3141287471448777	0.5751576034124581	intensified	not_significant	1	1
Morus_019705-R1	20	350	0.549022694544658	0.501729453304506	0.4787411995726276	relaxed	not_significant	9	9
Morus_019705-R1	20	350	0	5.432960793084931	0.01976014957718064	relaxed	significant_relaxed	1	1
Morus_019707-R1	20	504	0.691331415809418	0.8017164202738059	0.3705806831190689	relaxed	not_significant	9	9
Morus_019707-R1	20	504	0.4152669339817532	1.242234004900638	0.2650409406598971	relaxed	not_significant	1	1
Morus_019708-R1	20	232	1.810826182973484	0.9973495405815811	0.3179526925466528	intensified	not_significant	9	9
Morus_019708-R1	20	232	23.92162094297085	3.804636990522795	0.05111085368894175	intensified	not_significant	1	1
Morus_019710-R1	20	317	2.891307987141305	1.11173161316583	0.2917058438830331	intensified	not_significant	9	9
Morus_019710-R1	20	317	0.2032500654612876	3.553340349212704	0.0594257071057156	relaxed	not_significant	1	1
Morus_019713-R1	20	333	0.7263560066120791	0.2986929428725489	0.5847029907786672	relaxed	not_significant	9	9
Morus_019713-R1	20	333	16.2717861608831	1.534581593213261	0.2154261296044978	intensified	not_significant	1	1
Morus_019716-R1	20	302	2.685397842669021	2.274998115421113	0.1314752848847219	intensified	not_significant	9	9
Morus_019716-R1	20	302	0.9369417660176533	0.0206178669941437	0.8858248456838488	relaxed	not_significant	1	1
Morus_019717-R1	20	448	0.8559015822517376	0.3068768523680774	0.5796030269736141	relaxed	not_significant	9	9
Morus_019717-R1	20	448	0.2627832923016965	5.187379194756431	0.02275150143434568	relaxed	significant_relaxed	1	1
Morus_019722-R1	20	264	1.27456123556313	0.3655232209698625	0.5454546665960743	intensified	not_significant	9	9
Morus_019722-R1	20	264	0.8532131727302386	-0.000005718135980714578	1	relaxed	not_significant	1	1
Morus_019733-R1	20	129	0.1410979073562963	2.470571740602736	0.1159957239393714	relaxed	not_significant	9	9
Morus_019733-R1	20	129	50	25.08017838087744	5.499527249153147E-7	intensified	significant_intensified	1	1
Morus_019736-R1	20	414	1.156185890368369	0.02212560106636374	0.8817534559912259	intensified	not_significant	9	9
Morus_019736-R1	20	414	4.113286946605898E-9	2.787274957723639	0.09501567915071818	relaxed	not_significant	1	1
Morus_019739-R1	20	540	0.9040733277369546	0.07484929967358767	0.7844027936652143	relaxed	not_significant	9	9
Morus_019739-R1	20	540	0.5209414167022741	0.8154593694953292	0.3665110932084004	relaxed	not_significant	1	1
Morus_019740-R1	20	165	0	7.640223104306187	0.00570808566501313	relaxed	significant_relaxed	9	9
Morus_019740-R1	20	165	49.97478745218497	6.221609431234356	0.01262003427432157	intensified	significant_intensified	1	1
Morus_019741-R1	20	197	1.358648215482657	0.4487341877793369	0.5029366821493093	intensified	not_significant	9	9
Morus_019741-R1	20	197	1	-0.0000466821788904781	1	intensified	not_significant	0	1
Morus_019742-R1	20	603	2.432258592390912	4.776305095598218	0.02885396799028561	intensified	significant_intensified	9	9
Morus_019742-R1	20	603	1.334314339773778	0.2091693218171713	0.6474192614912436	intensified	not_significant	1	1
Morus_019746-R1	20	444	0.8170021734451927	0.3936184792755739	0.5304034816305694	relaxed	not_significant	9	9
Morus_019746-R1	20	444	1.209463564419704	0.09368811346848815	0.7595398212117055	intensified	not_significant	1	1
Morus_019755-R1	20	121	0.2895182819546253	1.266416844893456	0.2604399552184874	relaxed	not_significant	9	9
Morus_019755-R1	20	121	2.195279355067859	0.8870506183143334	0.3462778158197042	intensified	not_significant	1	1
Morus_019766-R1	20	359	0.2918764388271671	3.175926278265251	0.07473082760023686	relaxed	not_significant	9	9
Morus_019766-R1	20	359	13.3772636871919	0.7941491920710178	0.3728484424261428	intensified	not_significant	1	1
Morus_019773-R1	20	191	9.498381430550329E-10	1.852798050702404	0.1734583149559306	relaxed	not_significant	9	9
Morus_019773-R1	20	191	1	-0.00000380357550966437	1	intensified	not_significant	0	1
Morus_019777-R1	20	444	0.7730514220135649	0.5428124939653571	0.4612694694390206	relaxed	not_significant	9	9
Morus_019777-R1	20	444	0.1494404523105873	4.451505500707754	0.03487049246494101	relaxed	significant_relaxed	1	1
Morus_019780-R1	20	931	0.3376971239760179	1.56039524107473	0.2116073588284419	relaxed	not_significant	9	9
Morus_019780-R1	20	931	0.7692103850397041	0.3075190794334048	0.5792065824850487	relaxed	not_significant	1	1
Morus_019781-R2	20	285	0.2761236616192804	3.007487069446597	0.08288068889066391	relaxed	not_significant	9	9
Morus_019781-R2	20	285	0.2037303721844355	2.026052513101604	0.1546217639222826	relaxed	not_significant	1	1
Morus_019787-R1	20	294	3.102618235031979E-8	6.932577577100801	0.008463962004729542	relaxed	significant_relaxed	9	9
Morus_019787-R1	20	294	0.2407237261383515	0.6375050790070418	0.4246156908103482	relaxed	not_significant	1	1
Morus_019793-R1	20	379	0.2560457308739387	2.094142917845602	0.1478646117197168	relaxed	not_significant	9	9
Morus_019793-R1	20	379	0.423756069043621	1.34723709285754	0.245761713355114	relaxed	not_significant	1	1
Morus_019797-R1	20	735	1.328714113333297	0.607645874901209	0.4356755591838271	intensified	not_significant	9	9
Morus_019797-R1	20	735	6.737179795293851	2.507569038803922	0.1133005866963077	intensified	not_significant	1	1
Morus_019803-R1	20	319	0.7683912484752073	0.2139151122491967	0.6437159334487337	relaxed	not_significant	9	9
Morus_019803-R1	20	319	0.4859760844671956	0.9091601765030646	0.3403373468796931	relaxed	not_significant	1	1
Morus_019804-R1	20	285	0.8661122021287704	0.1245990309298577	0.7240990267866376	relaxed	not_significant	9	9
Morus_019804-R1	20	285	50	33.61642110543016	6.712366329431063E-9	intensified	significant_intensified	1	1
Morus_019805-R1	20	162	0.8565044297218418	-0.000002191452040278818	1	relaxed	not_significant	9	9
Morus_019805-R1	20	162	0.8532129577200919	-0.000001769936716300435	1	relaxed	not_significant	1	1
Morus_019806-R1	20	322	0.2691939364477736	1.016815089946249	0.3132756718821459	relaxed	not_significant	9	9
Morus_019806-R1	20	322	1.573803190606565	0.3726998073279901	0.5415363072329303	intensified	not_significant	1	1
Morus_019808-R1	20	447	3.700099042655562	7.846478977063271	0.005091978344797465	intensified	significant_intensified	9	9
Morus_019808-R1	20	447	1.636685744903264	2.346226998564816	0.1255866420709246	intensified	not_significant	1	1
Morus_019810-R1	20	873	0.1833088882150258	3.160051273789577	0.07546081318428288	relaxed	not_significant	9	9
Morus_019810-R1	20	873	0.6038986288370827	1.183501359062575	0.276644339550469	relaxed	not_significant	1	1
Morus_019811-R1	20	218	0.07643822499786562	2.803293730097266	0.09407087791199131	relaxed	not_significant	9	9
Morus_019811-R1	20	218	0.8585713336502951	0.0265108807825527	0.870658883096924	relaxed	not_significant	1	1
Morus_019812-R1	20	424	0.8723356938605896	0.1308027739805766	0.7176011432384333	relaxed	not_significant	9	9
Morus_019812-R1	20	424	9.214136481772609	0.9973364674679033	0.3179558642791287	intensified	not_significant	1	1
Morus_019816-R1	20	338	1.649559524834687	0.8762656166563829	0.3492265410096608	intensified	not_significant	9	9
Morus_019816-R1	20	338	0	2.444068614621756	0.1179698884453684	relaxed	not_significant	1	1
Morus_019818-R1	20	565	0.7683319340961182	0.1571072302776884	0.691833905391286	relaxed	not_significant	9	9
Morus_019818-R1	20	565	0.26171371504429	4.56453184988095	0.03264059415890086	relaxed	significant_relaxed	1	1
Morus_019823-R1	20	427	0.3155073286065929	0.2935495567344333	0.5879548184261092	relaxed	not_significant	9	9
Morus_019823-R1	20	427	0.2912481993332745	1.90787156926217	0.1671998800340304	relaxed	not_significant	1	1
Morus_019824-R1	20	648	1.945811919952267	1.198157203863957	0.2736903052270612	intensified	not_significant	9	9
Morus_019824-R1	20	648	0.4641587650352605	1.735887039649242	0.1876608110102975	relaxed	not_significant	1	1
Morus_019825-R1	20	1122	0.7480316143122065	0.4201430896046077	0.5168656540144201	relaxed	not_significant	9	9
Morus_019825-R1	20	1122	0.2888217116585128	5.794968483092816	0.01607210298414286	relaxed	significant_relaxed	1	1
Morus_019828-R1	20	307	1.331709116642084	0.524673544916368	0.4688548609462891	intensified	not_significant	9	9
Morus_019828-R1	20	307	12.16251277653326	0.1356302530684843	0.7126643680630771	intensified	not_significant	1	1
Morus_019829-R1	20	908	0.8391603964794169	0.2462248173196713	0.6197459342399269	relaxed	not_significant	9	9
Morus_019829-R1	20	908	0.02099773376192858	3.228733819618355	0.07235661274120819	relaxed	not_significant	1	1
Morus_019838-R1	20	370	2.135059746206972	1.253667916796076	0.2628530797046907	intensified	not_significant	9	9
Morus_019838-R1	20	370	0	0.9521294650458003	0.3291778520627037	relaxed	not_significant	1	1
Morus_019841-R1	20	479	2.84380514953646	0.430883866770273	0.511555566766192	intensified	not_significant	9	9
Morus_019841-R1	20	479	0.01085076066301629	1.906971739014807	0.1673000311885524	relaxed	not_significant	1	1
Morus_019843-R1	20	273	1.18453795920157	0.2132300776102056	0.6442473967706512	intensified	not_significant	9	9
Morus_019843-R1	20	273	0.1225773304834103	4.690575521149185	0.030328487511872	relaxed	significant_relaxed	1	1
Morus_019844-R1	20	372	1.193459814503977	0.4478787285725048	0.503344037504393	intensified	not_significant	9	9
Morus_019844-R1	20	372	0.6316861014321254	0.4439123492593353	0.5052401505432541	relaxed	not_significant	1	1
Morus_019845-R1	20	244	1.755619184751365	1.107935164999162	0.2925312386869783	intensified	not_significant	9	9
Morus_019845-R1	20	244	0.4656201591738984	0.3041474167430351	0.5812939697458928	relaxed	not_significant	1	1
Morus_019851-R1	20	271	3.457111219225781	2.787939916684536	0.09497625450114577	intensified	not_significant	9	9
Morus_019851-R1	20	271	0.6985248313243533	0.3378969141522248	0.5610456857103001	relaxed	not_significant	1	1
Morus_019854-R1	20	525	1.731966316440693	3.048992234216712	0.08078725769470807	intensified	not_significant	9	9
Morus_019854-R1	20	525	14.80350594288274	1.432011813397366	0.231436389986588	intensified	not_significant	1	1
Morus_019860-R1	20	516	1.560935912843239	1.258418211443313	0.2619507141222629	intensified	not_significant	9	9
Morus_019860-R1	20	516	1.756761128221981	0.6785056308053754	0.410101780202657	intensified	not_significant	1	1
Morus_019863-R1	20	236	0.3711673149258177	1.167311408219575	0.2799543632135034	relaxed	not_significant	9	9
Morus_019863-R1	20	236	2.025087817190977	-1.099488144973293E-8	1	intensified	not_significant	1	1
Morus_019864-R1	20	514	0.9297378591268105	0.008620747476015822	0.9260243327210588	relaxed	not_significant	9	9
Morus_019864-R1	20	514	7.240870318195369	3.387617717704416	0.06568779302450212	intensified	not_significant	1	1
Morus_019865-R1	20	146	22.33547548914724	4.075674087574043	0.04350490419299424	intensified	significant_intensified	9	9
Morus_019865-R1	20	146	2.175144352938996	0.5417294976605262	0.461716849146224	intensified	not_significant	1	1
Morus_019866-R1	20	376	0.9384733656995854	0.01254227215031278	0.9108295228853716	relaxed	not_significant	9	9
Morus_019866-R1	20	376	19.52892609946842	0.5457454981233241	0.4600613111144565	intensified	not_significant	1	1
Morus_019869-R1	20	145	1.351665086865514	0.1725449509624468	0.6778598630162569	intensified	not_significant	9	9
Morus_019869-R1	20	145	19.48135573064316	0.343236731676825	0.5579668508855755	intensified	not_significant	1	1
Morus_019870-R1	20	140	14.57695198882207	1.333604803566232	0.2481649306710405	intensified	not_significant	9	9
Morus_019870-R1	20	140	5.14841569820625	0.8708080593655723	0.3507317008275315	intensified	not_significant	1	1
Morus_019873-R1	20	950	1.542983370857297	2.980854655479561	0.08425477142210136	intensified	not_significant	9	9
Morus_019873-R1	20	950	0.5462155446720153	0.04552490255446173	0.8310417673699183	relaxed	not_significant	1	1
Morus_019874-R1	20	434	1.205786160828099	0.2033517645186294	0.6520288927281492	intensified	not_significant	9	9
Morus_019874-R1	20	434	0.2805836802134644	2.932738038993193	0.08680016780976618	relaxed	not_significant	1	1
Morus_019879-R1	20	153	0.8990618023555511	0.04532908444798522	0.8314000632618624	relaxed	not_significant	9	9
Morus_019879-R1	20	153	1.188345553718741	0.03630573542659477	0.8488855004948693	intensified	not_significant	1	1
Morus_019881-R1	20	295	13.68496614027082	0.6817637401472894	0.4089800474792664	intensified	not_significant	9	9
Morus_019881-R1	20	295	0.7496015360935869	0.1232528039536191	0.7255329927873531	relaxed	not_significant	1	1
Morus_019883-R1	20	174	0.4176746547301768	1.827564097236063	0.176415533386186	relaxed	not_significant	9	9
Morus_019883-R1	20	174	1	-0.00003301322112747584	1	intensified	not_significant	0	1
Morus_019884-R6	20	339	0.6248222246856713	0.05960988984406868	0.807113591165541	relaxed	not_significant	9	9
Morus_019884-R6	20	339	0	0.05209766124880844	0.8194525760791518	relaxed	not_significant	1	1
Morus_019886-R1	20	251	0.2755063610856912	1.204366971370291	0.2724506052291424	relaxed	not_significant	9	9
Morus_019886-R1	20	251	0.8532103314968018	-8.727784006623551E-8	1	relaxed	not_significant	1	1
Morus_019887-R1	20	425	1.915824840552649	1.065882760699424	0.3018772880412754	intensified	not_significant	9	9
Morus_019887-R1	20	425	18.54876306641975	3.206716463587327	0.07333651963719479	intensified	not_significant	1	1
Morus_019891-R1	20	409	0.219862173334616	3.886389946950658	0.04867895309262649	relaxed	significant_relaxed	9	9
Morus_019891-R1	20	409	0	4.154665907881281	0.0415199639650059	relaxed	significant_relaxed	1	1
Morus_019892-R1	20	1050	0.2542879789379284	1.264164838485158	0.2608642133670824	relaxed	not_significant	9	9
Morus_019892-R1	20	1050	4.229342209185536	0.1069035396067193	0.7436973319391929	intensified	not_significant	1	1
Morus_019896-R1	20	332	1.473872538054234	1.196434126150962	0.2740355481935277	intensified	not_significant	9	9
Morus_019896-R1	20	332	16.60934010965307	0.7953870755536627	0.372476146777002	intensified	not_significant	1	1
Morus_019903-R1	20	361	0.8445417353135477	0.05995865326258354	0.8065613026506799	relaxed	not_significant	9	9
Morus_019903-R1	20	361	1.854486953809514	0.3884002779941511	0.5331414843074618	intensified	not_significant	1	1
Morus_019904-R1	20	603	1.167994123867227	0.1578240378057671	0.691167824744099	intensified	not_significant	9	9
Morus_019904-R1	20	603	0.8306435224072396	0.1207955447589484	0.7281732537936572	relaxed	not_significant	1	1
Morus_019905-R1	20	163	12.37401550275256	1.736500349884409	0.1875828672191836	intensified	not_significant	9	9
Morus_019905-R1	20	163	0.5704963085255713	0.05607701475491922	0.8128074061827614	relaxed	not_significant	1	1
Morus_019907-R1	20	709	1.047046035517045	0.01698583479810623	0.8963055708356268	intensified	not_significant	9	9
Morus_019907-R1	20	709	0.3183221465667458	1.4625024003617	0.2265323821038998	relaxed	not_significant	1	1
Morus_019909-R1	20	298	2.33109678309355	3.37845259126243	0.0660540443673634	intensified	not_significant	9	9
Morus_019909-R1	20	298	50	0.2542774377834576	0.6140791767835914	intensified	not_significant	1	1
Morus_019910-R1	20	411	0.531420595220592	1.486838746048306	0.2227075948129116	relaxed	not_significant	9	9
Morus_019910-R1	20	411	0.8143607752493016	0.05111029721592786	0.8211424147915429	relaxed	not_significant	1	1
Morus_019915-R1	20	215	0.8112538023453476	0.03169627337774727	0.8586959031068356	relaxed	not_significant	9	9
Morus_019915-R1	20	215	13.33222854117604	0.8601597374513403	0.3536939941089923	intensified	not_significant	1	1
Morus_019919-R1	20	604	4.798606299280782	8.623963825959436	0.003317691062076911	intensified	significant_intensified	9	9
Morus_019919-R1	20	604	2.063682861570077	2.098578122884646	0.1474361893754594	intensified	not_significant	1	1
Morus_019921-R1	20	144	1.456457440496534	0.2365425450125258	0.626714499679396	intensified	not_significant	9	9
Morus_019921-R1	20	144	1	-0.0001191737792396452	1	intensified	not_significant	0	1
Morus_019924-R1	20	459	0.9863685793912074	0.0006138713606560486	0.9802332934013822	relaxed	not_significant	9	9
Morus_019924-R1	20	459	0.6879269714908851	0.558301521953581	0.4549453958001287	relaxed	not_significant	1	1
Morus_019925-R1	20	190	0.2978512937656609	2.076295624232444	0.1496028558642487	relaxed	not_significant	9	9
Morus_019925-R1	20	190	1	-0.000005220855655352352	1	intensified	not_significant	0	1
Morus_019926-R1	20	274	7.391098318249035	10.1818055546255	0.001418332267458244	intensified	significant_intensified	9	9
Morus_019926-R1	20	274	50	12.72006353277266	0.0003617534795768984	intensified	significant_intensified	1	1
Morus_019928-R1	20	709	0.8987387811175698	0.1718148134204966	0.6785039365153587	relaxed	not_significant	9	9
Morus_019928-R1	20	709	0.8739075049385253	0.08690585157273745	0.7681482063268814	relaxed	not_significant	1	1
Morus_019932-R1	20	221	3.869150247453118	4.366973461471389	0.03664201775698606	intensified	significant_intensified	9	9
Morus_019932-R1	20	221	0.5957894722217072	0.3606047769130782	0.5481705496531801	relaxed	not_significant	1	1
Morus_019934-R1	20	628	0.8128709960184629	0.1241705691973038	0.7245544643090601	relaxed	not_significant	9	9
Morus_019934-R1	20	628	0.4685017432189758	1.646042645044872	0.1994984052717639	relaxed	not_significant	1	1
Morus_019937-R1	20	291	1.318935943925577	0.5659025305894829	0.4518917512339662	intensified	not_significant	9	9
Morus_019937-R1	20	291	0	2.285369299182094	0.1305990529659384	relaxed	not_significant	1	1
Morus_019938-R1	20	423	0.3089672440969592	2.806224857252346	0.0938991063495167	relaxed	not_significant	9	9
Morus_019938-R1	20	423	1.736321628644893	0.1547927108249496	0.6939967109203583	intensified	not_significant	1	1
Morus_019940-R1	20	112	0.1608299801560377	1.377754420161182	0.2404840219281646	relaxed	not_significant	9	9
Morus_019940-R1	20	112	1	-0.00006228717711564968	1	intensified	not_significant	0	1
Morus_019943-R1	20	222	0.9678781233653415	0.005005173255995032	0.9435989156768995	relaxed	not_significant	9	9
Morus_019943-R1	20	222	3.793566813647599	5.017266877617203	0.02509575069177805	intensified	significant_intensified	1	1
Morus_019950-R1	20	322	2.813399808038906	3.351035886867976	0.06716273577312792	intensified	not_significant	9	9
Morus_019950-R1	20	322	1.975293859282014	1.212010449524314	0.2709343227810657	intensified	not_significant	1	1
Morus_019957-R1	20	184	0.8557257005540742	-8.106931090878788E-7	1	relaxed	not_significant	9	9
Morus_019957-R1	20	184	0.8532129635681287	-4.223229552735575E-7	1	relaxed	not_significant	1	1
Morus_019961-R1	20	327	0.9999199795556205	-0.0006912954168001306	1	relaxed	not_significant	9	9
Morus_019961-R1	20	327	1	-0.0002416998486296507	1	intensified	not_significant	0	1
Morus_019962-R1	20	327	0.9248062094273585	0.04360290873228223	0.8345941481936799	relaxed	not_significant	9	9
Morus_019962-R1	20	327	0.3474030419260511	0.6246271296613486	0.4293329948443511	relaxed	not_significant	1	1
Morus_019965-R1	20	482	0.6263580990150613	1.748561846735356	0.1860576305134071	relaxed	not_significant	9	9
Morus_019965-R1	20	482	0	3.339675262636774	0.06762795480661143	relaxed	not_significant	1	1
Morus_019970-R1	20	1294	0.8523257513980975	0.164975489180506	0.6846164107473237	relaxed	not_significant	9	9
Morus_019970-R1	20	1294	0.7312574903178504	0.2824887897295412	0.5950745964938664	relaxed	not_significant	1	1
Morus_019971-R1	20	550	0.1492416847014395	3.882116648216652	0.04880299396251075	relaxed	significant_relaxed	9	9
Morus_019971-R1	20	550	0.6649939662367204	0.2869481000343512	0.5921829301192703	relaxed	not_significant	1	1
Morus_019973-R1	20	555	1.001201647022033	0.00004322351196606178	0.9947543784077911	intensified	not_significant	9	9
Morus_019973-R1	20	555	1.621629552794957	0.4814891291407548	0.4877485755305014	intensified	not_significant	1	1
Morus_019976-R1	20	302	0.8713286061015768	0.0977213038845548	0.7545814864552108	relaxed	not_significant	9	9
Morus_019976-R1	20	302	0.2988372515146758	2.396160717249586	0.1216334396377347	relaxed	not_significant	1	1
Morus_019979-R7	20	626	0.8938408239637856	0.1177845454549242	0.7314498618231288	relaxed	not_significant	9	9
Morus_019979-R7	20	626	50	12.19025458357646	0.0004803982663816875	intensified	significant_intensified	1	1
Morus_019985-R2	20	290	0.5189745409108458	2.72687646780696	0.09867209349430472	relaxed	not_significant	9	9
Morus_019985-R2	20	290	7.448818717621846	0.2081420128115496	0.6482275891613882	intensified	not_significant	1	1
Morus_019986-R1	20	247	1.242328196167388	0.3004360304694274	0.5836091979329636	intensified	not_significant	9	9
Morus_019986-R1	20	247	13.47064730166489	0.828172877264933	0.3628013932526167	intensified	not_significant	1	1
Morus_019987-R1	20	445	3.185197353322851	1.840925054434592	0.1748425639786099	intensified	not_significant	9	9
Morus_019987-R1	20	445	1.060494800554109	0.003583818598599464	0.9522631533497397	intensified	not_significant	1	1
Morus_019989-R1	20	430	0.62110578336103	1.702812847772293	0.1919205285195518	relaxed	not_significant	9	9
Morus_019989-R1	20	430	0.8898031526382478	0.05303564286714391	0.8178627888363892	relaxed	not_significant	1	1
Morus_019993-R1	20	107	0.7777261030334223	0.1125522697518591	0.7372569148998367	relaxed	not_significant	9	9
Morus_019993-R1	20	107	11.79730640898864	0.1953913737831954	0.6584667990597377	intensified	not_significant	1	1
Morus_019996-R1	20	405	4.227987226760881	4.136728161414794	0.04196220079240387	intensified	significant_intensified	9	9
Morus_019996-R1	20	405	0.9131892288922453	0.0165534817315347	0.8976264227853141	relaxed	not_significant	1	1
Morus_019997-R1	20	200	0.478142810273002	0.8852547497203886	0.3467664736199553	relaxed	not_significant	9	9
Morus_019997-R1	20	200	13.8177531744711	0.5848679448981784	0.4444105427835578	intensified	not_significant	1	1
Morus_019998-R1	20	192	1.184432559724861	0.1490472993905314	0.6994474605762764	intensified	not_significant	9	9
Morus_019998-R1	20	192	18.2635092345689	0.2994592206146081	0.584221639644927	intensified	not_significant	1	1
Morus_020000-R1	20	211	1.949419617643988	0.04127312367836566	0.8390116341954735	intensified	not_significant	9	9
Morus_020000-R1	20	211	1	-0.0002879400099118357	1	intensified	not_significant	0	1
Morus_020001-R1	20	351	2.965505351297585	3.551187653539273	0.05950284642410941	intensified	not_significant	9	9
Morus_020001-R1	20	351	1	-0.00004098419503861805	1	intensified	not_significant	0	1
Morus_020002-R1	20	243	0.8934909405619991	0.01525051783482922	0.9017167273669475	relaxed	not_significant	9	9
Morus_020002-R1	20	243	1	-0.0001159115345217288	1	intensified	not_significant	0	1
Morus_020005-R1	20	867	3.283585586868709	15.59534807729142	0.00007844735053119667	intensified	significant_intensified	9	9
Morus_020005-R1	20	867	2.500719320129712	1.713461001032556	0.1905369384402533	intensified	not_significant	1	1
Morus_020006-R1	20	285	50	5.86124926069715	0.01547780463957771	intensified	significant_intensified	9	9
Morus_020006-R1	20	285	15.93367084322041	0.4310663186279271	0.5114661853522771	intensified	not_significant	1	1
Morus_020007-R1	20	498	1.027130168193924	0.002670252519237692	0.9587880671742446	intensified	not_significant	9	9
Morus_020007-R1	20	498	0.5686755947311888	1.951369238891857	0.1624393786475654	relaxed	not_significant	1	1
Morus_020018-R1	20	317	0.4616352440468661	3.999376831625341	0.045517089900595	relaxed	significant_relaxed	9	9
Morus_020018-R1	20	317	0	2.436896578953565	0.118510482328294	relaxed	not_significant	1	1
Morus_020021-R1	20	420	5.772146175844268	11.37397838184916	0.0007448017883329161	intensified	significant_intensified	9	9
Morus_020021-R1	20	420	10.6880312182246	7.545088438553648	0.006017386871277619	intensified	significant_intensified	1	1
Morus_020024-R1	20	305	0.8532133632808244	-0.00003713821934070438	1	relaxed	not_significant	9	9
Morus_020024-R1	20	305	0.8532132845908145	-0.000007483529770979658	1	relaxed	not_significant	1	1
Morus_020026-R1	20	344	0.8209671353128506	0.1475692306312339	0.7008691960087168	relaxed	not_significant	9	9
Morus_020026-R1	20	344	0.3773674928954394	0.1109715603761288	0.7390407278586437	relaxed	not_significant	1	1
Morus_020033-R1	20	554	2.182236791297274	4.1278229850559	0.04218358483227269	intensified	significant_intensified	9	9
Morus_020033-R1	20	554	18.5635367339081	2.98535593739598	0.08402081278251328	intensified	not_significant	1	1
Morus_020035-R1	20	866	0.2943274887502333	1.613840406203963	0.203952798572656	relaxed	not_significant	9	9
Morus_020035-R1	20	866	0.06094992289591619	3.209971107005913	0.07319077582629208	relaxed	not_significant	1	1
Morus_020042-R1	20	321	0.6373557742729046	0.2791684122221341	0.5972467874805893	relaxed	not_significant	9	9
Morus_020042-R1	20	321	2.534353039249127	4.200421196978823	0.04041394021377964	intensified	significant_intensified	1	1
Morus_020044-R1	20	444	1.492185166822264	1.229127886694187	0.2675767104580653	intensified	not_significant	9	9
Morus_020044-R1	20	444	16.46208284331128	2.479335092475594	0.1153510081686302	intensified	not_significant	1	1
Morus_020047-R1	20	276	1.443216997128064	0.4753238286357373	0.490548100123375	intensified	not_significant	9	9
Morus_020047-R1	20	276	1.500715368924641	0.09563916497108949	0.7571269318997917	intensified	not_significant	1	1
Morus_020048-R1	20	153	8.338444279335516	1.59271019992002	0.2069393489145144	intensified	not_significant	9	9
Morus_020048-R1	20	153	0.8532119843584474	-2.38060238189064E-10	1	relaxed	not_significant	1	1
Morus_020051-R1	20	534	0.2705613973321464	1.332538078075231	0.2483541926004417	relaxed	not_significant	9	9
Morus_020051-R1	20	534	1.59744415684236	0.8861124769446178	0.3465329685974251	intensified	not_significant	1	1
Morus_020061-R1	20	283	1.692969726540494	0.1387127207517551	0.7095641104099468	intensified	not_significant	9	9
Morus_020061-R1	20	283	4.651324186862283	2.01247126535327	0.1560110079548737	intensified	not_significant	1	1
Morus_020062-R1	20	478	1.663686710295581	1.305513293844342	0.2532086075575641	intensified	not_significant	9	9
Morus_020062-R1	20	478	0.01482762048974571	1.514264482194449	0.2184895157176193	relaxed	not_significant	1	1
Morus_020064-R1	20	153	0.8557271453747838	-0.0001687204421614297	1	relaxed	not_significant	9	9
Morus_020064-R1	20	153	0.8532129008256687	-0.00001787331780178647	1	relaxed	not_significant	1	1
Morus_020065-R1	20	303	1.894813595923203	2.453630275067553	0.1172534112072109	intensified	not_significant	9	9
Morus_020065-R1	20	303	0.09832454698750696	2.420108380615602	0.1197866426636233	relaxed	not_significant	1	1
Morus_020066-R1	20	92	9.993708777143425	0.6753473792723526	0.4111934562281032	intensified	not_significant	9	9
Morus_020066-R1	20	92	0.8532133366143123	-0.000003153335683236946	1	relaxed	not_significant	1	1
Morus_020073-R4	20	280	34.47992479029423	3.392501024082321	0.06549353518824008	intensified	not_significant	9	9
Morus_020073-R4	20	280	0.8557257039689492	-0.00001652402534091379	1	relaxed	not_significant	1	1
Morus_020074-R1	20	224	0.6727471084078612	0.5034457057963664	0.4779900090688446	relaxed	not_significant	9	9
Morus_020074-R1	20	224	1.163911508064134	0.0725489476922121	0.7876610371286322	intensified	not_significant	1	1
Morus_020075-R1	20	284	0.8819089023971178	0.0706074493646156	0.7904543795411045	relaxed	not_significant	9	9
Morus_020075-R1	20	284	3.835183891785471	6.468459271831307	0.01098056879563758	intensified	significant_intensified	1	1
Morus_020076-R1	20	247	5.829917034918417	2.51787760738307	0.1125619918894788	intensified	not_significant	9	9
Morus_020076-R1	20	247	4.058432048549121E-7	2.302856996585433	0.1291362753145189	relaxed	not_significant	1	1
Morus_020078-R1	20	226	5.553794103695208E-10	2.505830437644818	0.1134256805500181	relaxed	not_significant	9	9
Morus_020078-R1	20	226	0.3288933109444614	1.328227477906694	0.2491207962871128	relaxed	not_significant	1	1
Morus_020079-R1	20	743	1.056252840516822	0.03388156099208572	0.853958975387009	intensified	not_significant	9	9
Morus_020079-R1	20	743	0.7565023831950591	0.4867274857060693	0.4853907411412328	relaxed	not_significant	1	1
Morus_020082-R1	20	526	1.711320626645613	0.4756926334466698	0.4903798821738486	intensified	not_significant	9	9
Morus_020082-R1	20	526	0.8215325562468379	0.1831670428018697	0.6686655433751119	relaxed	not_significant	1	1
Morus_020083-R1	20	211	4.096834915319003	4.589404192246093	0.0321701953011464	intensified	significant_intensified	9	9
Morus_020083-R1	20	211	0	1.946833494262137	0.1629284809709032	relaxed	not_significant	1	1
Morus_020097-R1	20	267	0.7920606654969001	0.3531119585973101	0.5523567901668017	relaxed	not_significant	9	9
Morus_020097-R1	20	267	0	5.530115782685698	0.01869186839546222	relaxed	significant_relaxed	1	1
Morus_020102-R1	20	283	0.8710693715228416	0.1151685400427596	0.7343348518566188	relaxed	not_significant	9	9
Morus_020102-R1	20	283	28.95800357407118	1.022920768993572	0.3118271950665407	intensified	not_significant	1	1
Morus_020104-R1	20	556	1.175836104541071	0.2305680368954199	0.6311029572619624	intensified	not_significant	9	9
Morus_020104-R1	20	556	0.4903148668890296	3.504648585631003	0.06119682739319598	relaxed	not_significant	1	1
Morus_020108-R1	20	544	0.2531116919561228	1.278744354389346	0.2581326319922285	relaxed	not_significant	9	9
Morus_020108-R1	20	544	1.926183319564668	1.519032987553146	0.2177658897861242	intensified	not_significant	1	1
Morus_020111-R1	20	133	1.953362744670622E-8	6.890586763576721	0.008665082071040886	relaxed	significant_relaxed	9	9
Morus_020111-R1	20	133	1	-0.000008133752999128774	1	intensified	not_significant	0	1
Morus_020114-R1	20	132	0.4386751141397286	2.35371286197983	0.1249850086792328	relaxed	not_significant	9	9
Morus_020114-R1	20	132	1	-0.0000409820631830371	1	intensified	not_significant	0	1
Morus_020116-R1	20	203	1.984964836787669	2.070643293525791	0.1501581729305045	intensified	not_significant	9	9
Morus_020116-R1	20	203	1	-0.001098098138754722	1	intensified	not_significant	0	1
Morus_020118-R1	20	227	0.9351204161742274	0.096308211228461	0.7563057291376925	relaxed	not_significant	9	9
Morus_020118-R1	20	227	3.023912871104175	2.195244668100713	0.1384372258216917	intensified	not_significant	1	1
Morus_020123-R1	20	138	49.36146499246997	2.267172034549276	0.1321408315624123	intensified	not_significant	9	9
Morus_020123-R1	20	138	0.8547873250286242	0.01243435184642294	0.911212392212255	relaxed	not_significant	1	1
Morus_020128-R1	20	177	14.31031655571616	1.844591723871872	0.1744137213923309	intensified	not_significant	9	9
Morus_020128-R1	20	177	1	-0.001975704347387364	1	intensified	not_significant	0	1
Morus_020129-R2	20	673	3.262401358877498	1.915214929576905	0.1663851247296736	intensified	not_significant	9	9
Morus_020129-R2	20	673	0.000002691842390283572	11.41538733104244	0.0007283830981220651	relaxed	significant_relaxed	1	1
Morus_020130-R2	20	327	1.783054665469549	2.088300811996305	0.1484310815458478	intensified	not_significant	9	9
Morus_020130-R2	20	327	0.6405400053015711	0.337803269275355	0.5610999693368683	relaxed	not_significant	1	1
Morus_020131-R1	20	488	0.4860780481405012	0.6115463679916502	0.43420616872499	relaxed	not_significant	9	9
Morus_020131-R1	20	488	0.6861089785235542	0.6357890701701763	0.4252397621094368	relaxed	not_significant	1	1
Morus_020137-R1	20	994	0.5855907741640451	0.207301736865702	0.6488905454649082	relaxed	not_significant	9	9
Morus_020137-R1	20	994	1.03740063169649E-7	1.865773947693015	0.1719598804246946	relaxed	not_significant	1	1
Morus_020139-R1	20	448	3.319130797286657	17.48370237137533	0.00002897811775370851	intensified	significant_intensified	9	9
Morus_020139-R1	20	448	32.68875135139864	12.55217008330237	0.0003957464558635992	intensified	significant_intensified	1	1
Morus_020140-R1	20	301	2.012139983714474	3.593913026154041	0.05799154142398766	intensified	not_significant	9	9
Morus_020140-R1	20	301	6.005122600062531	1.782119980640346	0.1818892204347435	intensified	not_significant	1	1
Morus_020146-R1	20	427	1.030747849868117	0.00857964186980098	0.9262004045135308	intensified	not_significant	9	9
Morus_020146-R1	20	427	1	-1.554326445329934E-9	1	intensified	not_significant	0	1
Morus_020147-R1	20	379	2.582916434597598	1.077972191535082	0.2991516339054026	intensified	not_significant	9	9
Morus_020147-R1	20	379	0.2433806287639077	1.131129225631412	0.2875346012241838	relaxed	not_significant	1	1
Morus_020148-R1	20	411	0.3898799666536489	2.028906222299156	0.1543316422925787	relaxed	not_significant	9	9
Morus_020148-R1	20	411	1.239276532433992	0.0771947196462861	0.7811356619686737	intensified	not_significant	1	1
Morus_020149-R1	20	258	0.8221709769345373	0.193178734268713	0.660284048653865	relaxed	not_significant	9	9
Morus_020149-R1	20	258	0.7948494564555807	0.1139863764865368	0.7356505595772258	relaxed	not_significant	1	1
Morus_020160-R1	20	453	4.126438991844636	5.44666740734101	0.01960569213002428	intensified	significant_intensified	9	9
Morus_020160-R1	20	453	0.3845668524396504	0.8032040771358879	0.3701371264389645	relaxed	not_significant	1	1
Morus_020163-R1	20	231	0.8618945168676393	0.07122352140459043	0.7895635943317171	relaxed	not_significant	9	9
Morus_020163-R1	20	231	1.143830278012192E-16	1.701749434574594	0.1920593481331062	relaxed	not_significant	1	1
Morus_020165-R1	20	151	2.963643949699043	1.422226587125351	0.233037265254899	intensified	not_significant	9	9
Morus_020165-R1	20	151	0.8532130925461877	-0.000003507798737700796	1	relaxed	not_significant	1	1
Morus_020166-R1	20	260	0.7074344776008129	0.7375350924253326	0.3904516218259473	relaxed	not_significant	9	9
Morus_020166-R1	20	260	0.523326275196272	1.180272769582643	0.277300472150894	relaxed	not_significant	1	1
Morus_020170-R1	20	271	0.06086771866403143	0.4813558413561623	0.4878088172926563	relaxed	not_significant	9	9
Morus_020170-R1	20	271	0.3047124923405171	0.9302730117515239	0.3347919932503437	relaxed	not_significant	1	1
Morus_020197-R1	20	392	1.469997185233809	1.329322717583636	0.2489257428217445	intensified	not_significant	9	9
Morus_020197-R1	20	392	1.065727897845749	0.006040915729499829	0.9380481371077758	intensified	not_significant	1	1
Morus_020207-R1	20	150	0.5269523509965242	0.6450860629820454	0.4218750385951905	relaxed	not_significant	9	9
Morus_020207-R1	20	150	5.568364212615353	2.121643076302462	0.1452306660630415	intensified	not_significant	1	1
Morus_020225-R1	20	180	0.2851115887778657	0.3576583841309002	0.5498095937914341	relaxed	not_significant	9	9
Morus_020225-R1	20	180	1.796548543972253	0.00536617445277443	0.9416038551171051	intensified	not_significant	1	1
Morus_020246-R1	20	227	0.1681529360118838	3.917347053453796	0.04779024006755117	relaxed	significant_relaxed	9	9
Morus_020246-R1	20	227	0.314729745317803	3.246752488158563	0.07156511921158504	relaxed	not_significant	1	1
Morus_020248-R1	20	352	0.9969726822440342	-0.0001440138539692271	1	relaxed	not_significant	9	9
Morus_020248-R1	20	352	0.07630953330432358	0.9526625744711055	0.3290424867218915	relaxed	not_significant	1	1
Morus_020249-R1	20	605	0.4241799837740348	0.4374417766739498	0.5083597922856602	relaxed	not_significant	9	9
Morus_020249-R1	20	605	1	-0.0004416049287101487	1	intensified	not_significant	0	1
Morus_020256-R1	20	115	0.1931498107179448	0.2023449045975667	0.6528347271678966	relaxed	not_significant	9	9
Morus_020256-R1	20	115	1	-6.632262739003636E-9	1	intensified	not_significant	0	1
Morus_020260-R1	20	441	0.199704136285566	2.315275017394924	0.1281086408598165	relaxed	not_significant	9	9
Morus_020260-R1	20	441	4.084230473944747E-8	3.04174735208835	0.08114852461257793	relaxed	not_significant	1	1
Morus_020261-R1	20	184	1.056636553970398	0.03016244070386165	0.8621221642731591	intensified	not_significant	9	9
Morus_020261-R1	20	184	25.04928728896143	1.553268540334102	0.2126535638215339	intensified	not_significant	1	1
Morus_020263-R1	20	443	1.207460180740254	0.3789800413051125	0.5381496070682459	intensified	not_significant	9	9
Morus_020263-R1	20	443	1.050119749281525	0.003640429841652804	0.9518880504709647	intensified	not_significant	1	1
Morus_020264-R1	20	146	0.2411401068422388	1.147196219452326	0.2841368491530076	relaxed	not_significant	9	9
Morus_020264-R1	20	146	1.11465447961576	0.01511400250024053	0.9021553869399589	intensified	not_significant	1	1
Morus_020277-R1	20	141	4.362976510114966E-7	2.726818978412211	0.09867564604185464	relaxed	not_significant	9	9
Morus_020277-R1	20	141	1	-0.0001350512411590898	1	intensified	not_significant	0	1
Morus_020278-R1	20	97	0.04293572934083331	5.984524457432144	0.01443193308410473	relaxed	significant_relaxed	9	9
Morus_020281-R1	20	294	0.7388569582837878	0.8835316227814474	0.3472362175738528	relaxed	not_significant	9	9
Morus_020281-R1	20	294	23.11699659005679	2.511082951191383	0.113048221557312	intensified	not_significant	1	1
Morus_020315-R1	20	261	0.4199850217710875	1.963927147731738	0.1610939391753852	relaxed	not_significant	9	9
Morus_020315-R1	20	261	0.7346977445026626	0.04132855786065193	0.8389050384364127	relaxed	not_significant	1	1
Morus_020316-R1	20	235	0.9975126509064994	-0.0004336390766184195	1	relaxed	not_significant	9	9
Morus_020316-R1	20	235	1.407821185267075	0.07269469736820611	0.7874529647074024	intensified	not_significant	1	1
Morus_020322-R1	20	330	3.197980658635418	10.02859526111752	0.001541285366176703	intensified	significant_intensified	9	9
Morus_020322-R1	20	330	0	3.293333037755474	0.06956168185531619	relaxed	not_significant	1	1
Morus_020370-R1	20	106	0.299230458590078	0.5747313437648245	0.4483849080139681	relaxed	not_significant	9	9
Morus_020370-R1	20	106	1	-0.0000889176053533447	1	intensified	not_significant	0	1
Morus_020393-R1	20	467	1.127363249175382	0.1010651020314981	0.7505551946589469	intensified	not_significant	9	9
Morus_020393-R1	20	467	0.7153715132171417	0.5392296790796536	0.4627521478751824	relaxed	not_significant	1	1
Morus_020412-R1	20	250	8.327720247767044	1.958897290187451	0.1616313004697153	intensified	not_significant	9	9
Morus_020412-R1	20	250	0.3719126535727084	0.5905222255000808	0.4422172484307313	relaxed	not_significant	1	1
Morus_020421-R1	20	235	0.07740442396781901	4.412617299560225	0.03567406688746655	relaxed	significant_relaxed	9	9
Morus_020421-R1	20	235	0.1684361164283666	2.195387229953667	0.1384244185070276	relaxed	not_significant	1	1
Morus_020423-R1	20	328	0.8338048968899738	0.02233572349814494	0.8811974490834821	relaxed	not_significant	9	9
Morus_020423-R1	20	328	1	-0.00005702115322492318	1	intensified	not_significant	0	1
Morus_020424-R1	20	360	1.768250753848262	0.3447700829183304	0.5570886956515178	intensified	not_significant	9	9
Morus_020424-R1	20	360	6.499829271007647E-9	1.420711520868281	0.233286325805708	relaxed	not_significant	1	1
Morus_020440-R1	20	518	0.7260475426670007	1.304642034478093	0.2533670404488886	relaxed	not_significant	9	9
Morus_020440-R1	20	518	1.91183686069598	1.488187247186943	0.2224979318657813	intensified	not_significant	1	1
Morus_020441-R1	20	158	6.416082758183281	3.813007692392603	0.05085605225455891	intensified	not_significant	9	9
Morus_020441-R1	20	158	14.05125005344093	0.9043269463459183	0.3416241412847968	intensified	not_significant	1	1
Morus_020442-R1	20	307	1.165503257284688	0.2710248352232156	0.6026451313495175	intensified	not_significant	9	9
Morus_020442-R1	20	307	1	-0.0004301215885789134	1	intensified	not_significant	0	1
Morus_020444-R1	20	324	1.339343438389414	0.5063601380843465	0.4767187839673669	intensified	not_significant	9	9
Morus_020444-R1	20	324	0.686813737821486	0.2690911019562918	0.6039421213610006	relaxed	not_significant	1	1
Morus_020449-R1	20	259	0.7769341450136903	0.185471570981008	0.6667126224816594	relaxed	not_significant	9	9
Morus_020449-R1	20	259	0.09939957063560535	0.3916850193490973	0.5314150113816491	relaxed	not_significant	1	1
Morus_020464-R1	20	254	1.237586579252134	0.3004071729310454	0.5836272725060134	intensified	not_significant	9	9
Morus_020464-R1	20	254	0.03335878296871263	2.016674840122505	0.1555795101700848	relaxed	not_significant	1	1
Morus_020465-R1	20	181	0.6403442062535356	0.4073397165630013	0.5233228578158409	relaxed	not_significant	9	9
Morus_020465-R1	20	181	16.42230347526515	0.2198595898798885	0.6391469246892263	intensified	not_significant	1	1
Morus_020471-R1	20	593	0.491984765114554	1.048073722511617	0.3059511433601164	relaxed	not_significant	9	9
Morus_020471-R1	20	593	0.2656067140179182	0.2716277146791981	0.602241971798172	relaxed	not_significant	1	1
Morus_020473-R1	20	500	0.947511419240605	0.01206429032845335	0.9125381999998077	relaxed	not_significant	9	9
Morus_020473-R1	20	500	0.1630527443094701	0.5416661535864478	0.4617430375678261	relaxed	not_significant	1	1
Morus_020476-R1	20	329	0.4672714003607931	2.026529099427535	0.1545732688845919	relaxed	not_significant	9	9
Morus_020476-R1	20	329	18.50911734458774	0.5194375629753267	0.4710817002951037	intensified	not_significant	1	1
Morus_020480-R1	20	461	0.9456092596530177	0.01811689780424786	0.8929289117360768	relaxed	not_significant	9	9
Morus_020480-R1	20	461	0	2.163762022710216	0.1412983769997	relaxed	not_significant	1	1
Morus_020483-R1	20	347	11.4807462281331	7.225764783899649	0.007186454958026278	intensified	significant_intensified	9	9
Morus_020483-R1	20	347	50	7.325706918056312	0.006797522288333191	intensified	significant_intensified	1	1
Morus_020485-R1	20	301	0.9703901587892855	0.002974387563881464	0.9565065769566735	relaxed	not_significant	9	9
Morus_020485-R1	20	301	1.00251287021465	0.00002523045259295031	0.9959922487728071	intensified	not_significant	1	1
Morus_020488-R1	20	101	0.7595398601983829	0.07220288885514492	0.7881559708688112	relaxed	not_significant	9	9
Morus_020488-R1	20	101	1	-0.000008771707825871999	1	intensified	not_significant	0	1
Morus_020490-R1	20	464	0.3109559184603339	3.302018229337591	0.06919481795589943	relaxed	not_significant	9	9
Morus_020490-R1	20	464	0.4914725320095757	0.8190896155410883	0.3654464753997585	relaxed	not_significant	1	1
Morus_020491-R1	20	599	0.8478176988855287	0.09621445498487446	0.7564206189339829	relaxed	not_significant	9	9
Morus_020491-R1	20	599	0.3785305344405265	0.4473557090514078	0.503593368202759	relaxed	not_significant	1	1
Morus_020493-R1	20	227	4.221015861252122	0.4492085140254858	0.5027110582824734	intensified	not_significant	9	9
Morus_020493-R1	20	227	24.09732483404821	0.9574820160501076	0.3278220984673228	intensified	not_significant	1	1
Morus_020494-R1	20	291	1.322520698601738	0.5665279351278514	0.4516419306215125	intensified	not_significant	9	9
Morus_020494-R1	20	291	0.8532131269787193	-1.416838131262921E-7	1	relaxed	not_significant	1	1
Morus_020495-R2	20	186	0.8870806952222755	0.05357221261465384	0.8169600060544711	relaxed	not_significant	9	9
Morus_020495-R2	20	186	0	0.5611858623428816	0.4537828349139671	relaxed	not_significant	1	1
Morus_020498-R1	20	449	0.3163313724641604	2.590573647451492	0.1075013947501007	relaxed	not_significant	9	9
Morus_020498-R1	20	449	2.333483675172098	1.291398757075513	0.2557903375607953	intensified	not_significant	1	1
Morus_020500-R1	20	171	2.759993832632475	3.029596511652926	0.08175834579674446	intensified	not_significant	9	9
Morus_020500-R1	20	171	1	-0.00001479790762459743	1	intensified	not_significant	0	1
Morus_020508-R1	20	744	0.3126770517737842	1.25655772531718	0.2623036734062612	relaxed	not_significant	9	9
Morus_020508-R1	20	744	0.2926400317640298	2.92603945683004	0.08716107553497721	relaxed	not_significant	1	1
Morus_020515-R1	20	185	0.5541878315779689	1.13854100841354	0.2859608310284498	relaxed	not_significant	9	9
Morus_020515-R1	20	185	17.29605551488947	1.10368054499213	0.2934597951446786	intensified	not_significant	1	1
Morus_020516-R1	20	198	1.317656922499839	0.2110764833869325	0.6459249726974245	intensified	not_significant	9	9
Morus_020516-R1	20	198	1.654869669838412	0.05099654007108256	0.8213382046964667	intensified	not_significant	1	1
Morus_020521-R1	20	356	1.280791795798581	0.2997960524062364	0.5840103058686785	intensified	not_significant	9	9
Morus_020521-R1	20	356	0.7693131158650082	0.2587768038847571	0.6109617549073305	relaxed	not_significant	1	1
Morus_020522-R1	20	128	0.4902893204086015	0.6665216812818926	0.4142669421282713	relaxed	not_significant	9	9
Morus_020535-R1	20	444	2.930337033726427	0.6898023982257655	0.4062316005771036	intensified	not_significant	9	9
Morus_020535-R1	20	444	1.939396801046148	0.6775956170522477	0.4104158962896759	intensified	not_significant	1	1
Morus_020536-R1	20	634	0.2178795168699853	1.310985739246462	0.252216259511817	relaxed	not_significant	9	9
Morus_020536-R1	20	634	1.814816079183206	0.6568253340265073	0.4176829621064616	intensified	not_significant	1	1
Morus_020537-R1	20	242	0.5702015694726967	0.3756298936777966	0.5399513731477641	relaxed	not_significant	9	9
Morus_020537-R1	20	242	6.365155418941558	0.3165403143448202	0.5736942452568462	intensified	not_significant	1	1
Morus_020538-R1	20	367	4.854384989319591	0.02172707939735119	0.8828154504173644	intensified	not_significant	9	9
Morus_020538-R1	20	367	1	-0.00008545058153686114	1	intensified	not_significant	0	1
Morus_020540-R1	20	589	0.912351208467609	0.04007332486071391	0.8413372836473678	relaxed	not_significant	9	9
Morus_020540-R1	20	589	0.2712183289289389	0.172016910205457	0.6783255013440745	relaxed	not_significant	1	1
Morus_020543-R1	20	346	0.9651843335176866	0.001041229949805711	0.9742582525156602	relaxed	not_significant	9	9
Morus_020543-R1	20	346	0.6697669461456295	0.5212615726759395	0.4703040266574371	relaxed	not_significant	1	1
Morus_020545-R1	20	189	1.37382820871212	0.2892980245374019	0.590670724186086	intensified	not_significant	9	9
Morus_020545-R1	20	189	0.6433499142035349	0.3480832017917237	0.5552001937342212	relaxed	not_significant	1	1
Morus_020549-R1	20	368	1.892075992764537	0.6903963335262233	0.4060296057569011	intensified	not_significant	9	9
Morus_020549-R1	20	368	8.033157082747742E-16	1.035514171335308	0.3088670569214008	relaxed	not_significant	1	1
Morus_020551-R1	20	222	1.325890952587447	0.3268035373539533	0.567547370883104	intensified	not_significant	9	9
Morus_020551-R1	20	222	0.8532131480903962	-0.000001623042408027686	1	relaxed	not_significant	1	1
Morus_020553-R1	20	73	3.471368841338525	2.844621982295848	0.0916801538731904	intensified	not_significant	9	9
Morus_020553-R1	20	73	0.8648908474559245	-9.094947017729282E-12	1	relaxed	not_significant	1	1
Morus_020557-R1	20	271	0.5730514156558613	1.508490133915984	0.2193696232296459	relaxed	not_significant	9	9
Morus_020557-R1	20	271	5.834760959853792	0.07934193250275712	0.7781911917932334	intensified	not_significant	1	1
Morus_020558-R1	20	696	1.609815055051246	1.141435195728263	0.2853492676616524	intensified	not_significant	9	9
Morus_020558-R1	20	696	0.9181823334098427	0.003741788737897878	0.9512236923746983	relaxed	not_significant	1	1
Morus_020559-R1	20	242	0.5825985036914455	0.6458625415143615	0.4215958246484687	relaxed	not_significant	9	9
Morus_020559-R1	20	242	1	-3.254172042943537E-9	1	intensified	not_significant	0	1
Morus_020560-R1	20	146	0.6067045970053502	0.4153708064609418	0.5192560069348412	relaxed	not_significant	9	9
Morus_020560-R1	20	146	1.467271502957871	0.005406536176906229	0.9413850470101379	intensified	not_significant	1	1
Morus_020562-R1	20	399	0.9244414914699057	0.01489051588669099	0.9028778715348599	relaxed	not_significant	9	9
Morus_020562-R1	20	399	1	-0.0001072796894732164	1	intensified	not_significant	0	1
Morus_020565-R1	20	288	1.160209928295916	0.07134806095291424	0.7893840232513056	intensified	not_significant	9	9
Morus_020565-R1	20	288	1.526048000692361	0.8390337607561378	0.3596732620512092	intensified	not_significant	1	1
Morus_020566-R2	20	336	0.3767755095738425	2.438832885960437	0.1183642632912427	relaxed	not_significant	9	9
Morus_020566-R2	20	336	1	-0.000007510600880777929	1	intensified	not_significant	0	1
Morus_020568-R1	20	383	1.209053496630838	0.1458301524489798	0.7025524949348032	intensified	not_significant	9	9
Morus_020568-R1	20	383	0.183116869695994	2.011097074966528	0.1561523635228655	relaxed	not_significant	1	1
Morus_020571-R1	20	194	1.987833256205363	0.978811890331599	0.3224923074767561	intensified	not_significant	9	9
Morus_020571-R1	20	194	12.34097719923551	0.4817944222058941	0.4876106394899252	intensified	not_significant	1	1
Morus_020574-R1	20	338	0.4473791609808764	2.662088406911607	0.1027657261898959	relaxed	not_significant	9	9
Morus_020574-R1	20	338	0.0429748308927082	4.449122377563071	0.03491918785779557	relaxed	significant_relaxed	1	1
Morus_020580-R1	20	380	1.364196810277309	0.4431389186729575	0.5056113110290155	intensified	not_significant	9	9
Morus_020580-R1	20	380	0.634458485424052	0.5197468251308237	0.4709496992010137	relaxed	not_significant	1	1
Morus_020590-R1	20	317	50	3.5713338194073	0.05878507536458033	intensified	not_significant	9	9
Morus_020590-R1	20	317	0.2050483781110767	0.03528440166337532	0.8510009597913881	relaxed	not_significant	1	1
Morus_020591-R1	20	447	2.272022201996521	1.494571765535511	0.2215084773039777	intensified	not_significant	9	9
Morus_020591-R1	20	447	2.41005520968628	0.7254081816408871	0.3943756369248714	intensified	not_significant	1	1
Morus_020611-R1	20	356	31.05265890518822	1.933833118418988	0.1643396919366754	intensified	not_significant	9	9
Morus_020611-R1	20	356	0.6165867434444255	0.08153403710184648	0.7752291955453917	relaxed	not_significant	1	1
Morus_020613-R1	20	421	2.048352068328601	1.626176850540105	0.2022326604266027	intensified	not_significant	9	9
Morus_020613-R1	20	421	0.367901680847805	0.3377037812997514	0.5611576510924141	relaxed	not_significant	1	1
Morus_020614-R1	20	217	0.6322795498940582	0.3739255199511717	0.5408722603569162	relaxed	not_significant	9	9
Morus_020614-R1	20	217	1	-0.000002895724264817545	1	intensified	not_significant	0	1
Morus_020615-R1	20	523	1.550239809349109	0.8631499369312223	0.3528587029409379	intensified	not_significant	9	9
Morus_020615-R1	20	523	1	-0.0001615625405975152	1	intensified	not_significant	0	1
Morus_020617-R1	20	182	0.1099843034336498	3.471503750170541	0.06243452879296785	relaxed	not_significant	9	9
Morus_020617-R1	20	182	1.056556230335973	0.03052556124112016	0.8613030635230394	intensified	not_significant	1	1
Morus_020618-R1	20	364	0.7628190257882355	0.4167696858885392	0.5185533251139625	relaxed	not_significant	9	9
Morus_020618-R1	20	364	0.08409836861995976	1.306069351028782	0.2531075558501111	relaxed	not_significant	1	1
Morus_020620-R1	20	1021	0.8294484119919934	0.8672138966358034	0.3517277763310579	relaxed	not_significant	9	9
Morus_020620-R1	20	1021	0.5307082867762676	2.192921756828582	0.1386460963118131	relaxed	not_significant	1	1
Morus_020628-R1	20	1040	0.6852613322425416	1.787294093943274	0.1812561985942933	relaxed	not_significant	9	9
Morus_020628-R1	20	1040	0.3225781244946404	0.1524098778263578	0.6962429488840229	relaxed	not_significant	1	1
Morus_020629-R1	20	302	0.622229539924439	3.200298380933418	0.07362483651300233	relaxed	not_significant	9	9
Morus_020629-R1	20	302	1.134388490038427	0.1060041140117391	0.7447400803948951	intensified	not_significant	1	1
Morus_020630-R1	20	229	1.082228565489361	0.01499245864761178	0.9025476345746023	intensified	not_significant	9	9
Morus_020630-R1	20	229	0.3095071696834735	0.7103744131104577	0.3993195438880494	relaxed	not_significant	1	1
Morus_020635-R1	20	438	2.46992211311681	1.50073327001428	0.220558570884852	intensified	not_significant	9	9
Morus_020635-R1	20	438	0	1.378722021518115	0.2403189535896928	relaxed	not_significant	1	1
Morus_020642-R1	20	140	18.10933561252078	0.2403367303479627	0.6239630161411345	intensified	not_significant	9	9
Morus_020642-R1	20	140	33.85298128632133	0.3083948377418437	0.5786668513731682	intensified	not_significant	1	1
Morus_020644-R1	20	599	1.004156080052939	0.0001075580767064821	0.9917252707961659	intensified	not_significant	9	9
Morus_020644-R1	20	599	0	1.211676199429348	0.2710004088525304	relaxed	not_significant	1	1
Morus_020659-R1	20	339	11.30955521395637	1.912049603725791	0.1667357630770584	intensified	not_significant	9	9
Morus_020659-R1	20	339	2.258337319001354	0.767011117814036	0.3811432781128624	intensified	not_significant	1	1
Morus_020660-R1	20	442	0.2237009008746146	1.0253864157512	0.3112447346591004	relaxed	not_significant	9	9
Morus_020660-R1	20	442	5.888556749438679	0.5446987532031926	0.4604919079013201	intensified	not_significant	1	1
Morus_020661-R1	20	536	1.231137781575379	0.2839199012614699	0.5941434093537823	intensified	not_significant	9	9
Morus_020661-R1	20	536	0.937980951499456	0.004297539375329507	0.9477316228033017	relaxed	not_significant	1	1
Morus_020664-R7	20	362	0.7353353298997787	0.2440093826944576	0.6213252065107582	relaxed	not_significant	9	9
Morus_020664-R7	20	362	0.8254774089932451	0.1277715639316739	0.7207538398371134	relaxed	not_significant	1	1
Morus_020665-R1	20	481	0.1340568866607169	0.5148980175517863	0.4730261944328199	relaxed	not_significant	9	9
Morus_020665-R1	20	481	0.48836220568652	1.183452770633266	0.2766541994893661	relaxed	not_significant	1	1
Morus_020671-R1	20	918	11.44279446392296	3.951639956561849	0.04682571271485858	intensified	significant_intensified	9	9
Morus_020671-R1	20	918	0.86078480831844	0.07106087534702965	0.7897983638496547	relaxed	not_significant	1	1
Morus_020672-R1	20	581	0.8192502483077708	0.3515733665590233	0.553223833940452	relaxed	not_significant	9	9
Morus_020672-R1	20	581	14.95076486212447	2.967382829534472	0.08495920062111328	intensified	not_significant	1	1
Morus_020677-R1	20	260	1.626311499228074	0.4533742584153515	0.5007369132052248	intensified	not_significant	9	9
Morus_020677-R1	20	260	0.9984717817373505	-0.0001124808713939274	1	relaxed	not_significant	1	1
Morus_020679-R1	20	90	36.63042859923731	3.518091952323857	0.06070229253019188	intensified	not_significant	9	9
Morus_020679-R1	20	90	1	-0.000008312652880704263	1	intensified	not_significant	0	1
Morus_020680-R1	20	379	1.266132212944603	0.3698901771558667	0.5430641371152867	intensified	not_significant	9	9
Morus_020680-R1	20	379	2.098030850317862	1.681697549682212	0.1946990408000445	intensified	not_significant	1	1
Morus_020689-R1	20	337	2.319129491656757	1.956031640958827	0.1619383640064719	intensified	not_significant	9	9
Morus_020689-R1	20	337	0.681672545459671	0.2808677095918028	0.5961330524345687	relaxed	not_significant	1	1
Morus_020696-R2	20	648	1.033631024138606	0.01329452223581029	0.9082058527391652	intensified	not_significant	9	9
Morus_020696-R2	20	648	0.6885823144146245	0.2711090558459546	0.6025887768242868	relaxed	not_significant	1	1
Morus_020707-R1	20	447	3.761445971589411	17.5997086196121	0.00002726301161071198	intensified	significant_intensified	9	9
Morus_020707-R1	20	447	1.937528264877953	0.7848691503595546	0.3756561050318076	intensified	not_significant	1	1
Morus_020716-R1	20	147	0.2681481308764414	0.7254920794080135	0.3943482951191689	relaxed	not_significant	9	9
Morus_020716-R1	20	147	0.7923681420729242	0.05676118684687026	0.8116902518826277	relaxed	not_significant	1	1
Morus_020727-R1	20	246	1.227366832824733	0.1316454679708841	0.7167320251625533	intensified	not_significant	9	9
Morus_020727-R1	20	246	0.000001026300602860057	2.27461823392423	0.131507504288467	relaxed	not_significant	1	1
Morus_020729-R1	20	204	1.434266804434628	0.8206903198156397	0.3649784098997052	intensified	not_significant	9	9
Morus_020729-R1	20	204	0.8636876984169057	0.0552883501627548	0.8141041489078493	relaxed	not_significant	1	1
Morus_020730-R2	20	283	9.993940317939577	5.261968711738518	0.02179634985140011	intensified	significant_intensified	9	9
Morus_020730-R2	20	283	0.9999961520262091	-0.0005059191707914579	1	relaxed	not_significant	1	1
Morus_020736-R1	20	243	3.207096410502735	2.393686906507355	0.1218260056571467	intensified	not_significant	9	9
Morus_020736-R1	20	243	0.2648129310144449	0.8370005479705469	0.3602560270685314	relaxed	not_significant	1	1
Morus_020737-R1	20	159	0.2986898037031357	1.950387091738776	0.1625451440813943	relaxed	not_significant	9	9
Morus_020737-R1	20	159	1	-0.00002151035505448817	1	intensified	not_significant	0	1
Morus_020753-R1	20	435	0.5903678083676838	2.550678355902164	0.1102469108108299	relaxed	not_significant	9	9
Morus_020753-R1	20	435	0.000002584173559994527	0.8178633280695067	0.3658056200515887	relaxed	not_significant	1	1
Morus_020754-R1	20	773	0.5051340720525086	4.772601735674471	0.02891609563191744	relaxed	significant_relaxed	9	9
Morus_020754-R1	20	773	9.992039584715526	0.5144740409214137	0.4732084656764487	intensified	not_significant	1	1
Morus_020772-R2	20	524	0.07187962889317402	3.887449764924895	0.04864824133726353	relaxed	significant_relaxed	9	9
Morus_020772-R2	20	524	1.123300211695795	0.03086203108432528	0.8605485491784071	intensified	not_significant	1	1
Morus_020773-R1	20	268	0.5587312872109936	1.655169720156664	0.1982567626086129	relaxed	not_significant	9	9
Morus_020773-R1	20	268	40.15090963000794	1.68985017297473	0.1936207209117098	intensified	not_significant	1	1
Morus_020774-R1	20	477	1.112075219411688	0.09842723747715354	0.7537252364936092	intensified	not_significant	9	9
Morus_020774-R1	20	477	1.435394153059981	0.5508297418509756	0.4579788601974587	intensified	not_significant	1	1
Morus_020775-R1	20	357	0.9984291716589999	-0.0005248035449767485	1	relaxed	not_significant	9	9
Morus_020775-R1	20	357	0.7244474986292687	0.618314466274569	0.4316743312926837	relaxed	not_significant	1	1
Morus_020777-R2	20	809	1.372556565515389	1.913610360539678	0.166562764951016	intensified	not_significant	9	9
Morus_020777-R2	20	809	0.03914241447800507	5.586902451563219	0.01809526786752247	relaxed	significant_relaxed	1	1
Morus_020780-R1	20	428	2.821589276637877	0.2723865264288179	0.6017353445920883	intensified	not_significant	9	9
Morus_020780-R1	20	428	0.7682446577708103	0.09505561816513364	0.75784576401702	relaxed	not_significant	1	1
Morus_020782-R1	20	391	0.6421442566123226	0.9108216430076936	0.3398965066714339	relaxed	not_significant	9	9
Morus_020782-R1	20	391	0.2538765117987191	0.9373563550816471	0.3329586481549637	relaxed	not_significant	1	1
Morus_020784-R1	20	267	1.352037965316331	0.479834165936154	0.4884974422786039	intensified	not_significant	9	9
Morus_020784-R1	20	267	0.6700166620824854	0.1514817005818259	0.6971233946328472	relaxed	not_significant	1	1
Morus_020785-R2	20	1186	1.485656807958687	1.729847910210083	0.1884303220555367	intensified	not_significant	9	9
Morus_020785-R2	20	1186	0.178230212212213	1.528122697563958	0.2163944132164809	relaxed	not_significant	1	1
Morus_020794-R1	20	872	0.4785790407599315	1.872816949949993	0.1711527992322703	relaxed	not_significant	9	9
Morus_020794-R1	20	872	0.8144438161806659	0.2380091944232845	0.6256476913430209	relaxed	not_significant	1	1
Morus_020806-R1	20	439	1.369648015970826	1.090316509220429	0.2964010913640625	intensified	not_significant	9	9
Morus_020806-R1	20	439	1.315498009102336	0.03924490278222947	0.8429642719941643	intensified	not_significant	1	1
Morus_020807-R1	20	363	0.8345914391591733	0.08652257419726084	0.7686454263800665	relaxed	not_significant	9	9
Morus_020807-R1	20	363	2.109478720807775	2.010122472419425	0.1562527038147298	intensified	not_significant	1	1
Morus_020808-R1	20	325	0.2535814694815075	7.769906897626242	0.005312378709906196	relaxed	significant_relaxed	9	9
Morus_020808-R1	20	325	0	0.04046238744831498	0.8405792167542785	relaxed	not_significant	1	1
Morus_020813-R1	20	248	0.5527086646757761	0.2256969293084694	0.6347330115559551	relaxed	not_significant	9	9
Morus_020813-R1	20	248	1.670289356193938	1.062147849654139	0.3027258210706366	intensified	not_significant	1	1
Morus_020818-R1	20	139	1.335050494292114	0.5260795410540595	0.4682597815309906	intensified	not_significant	9	9
Morus_020818-R1	20	139	0	2.883479831080876	0.08949243355687997	relaxed	not_significant	1	1
Morus_020821-R1	20	317	0	2.823720418378798	0.09288088967690389	relaxed	not_significant	9	9
Morus_020821-R1	20	317	47.89320631713058	0.7885659134080925	0.3745341143677013	intensified	not_significant	1	1
Morus_020825-R1	20	411	0.1769209679044275	3.538804015453024	0.05994867267678028	relaxed	not_significant	9	9
Morus_020825-R1	20	411	1.061706344975621	0.009081230229639914	0.92408012558772	intensified	not_significant	1	1
Morus_020840-R1	20	321	1.204104707440054	0.3497851797965268	0.5542347597994164	intensified	not_significant	9	9
Morus_020840-R1	20	321	0	1.914245848734936	0.1664923847437628	relaxed	not_significant	1	1
Morus_020843-R1	20	1089	0.7494499857749246	1.417653064911065	0.2337900836831704	relaxed	not_significant	9	9
Morus_020843-R1	20	1089	0.8406801580478208	0.1925057541084243	0.6608392317901035	relaxed	not_significant	1	1
Morus_020847-R1	20	667	0.8955818816060909	0.144190852810425	0.7041497782813253	relaxed	not_significant	9	9
Morus_020847-R1	20	667	0.6709833385628621	0.6240509033195849	0.4295459163157451	relaxed	not_significant	1	1
Morus_020848-R1	20	533	0.6669881503455404	0.2380357498659578	0.6256284130442092	relaxed	not_significant	9	9
Morus_020848-R1	20	533	11.61462869895591	0.9471178111944027	0.3304540203630084	intensified	not_significant	1	1
Morus_020851-R1	20	233	0.8248236348434068	0.3292213441191052	0.5661179490051121	relaxed	not_significant	9	9
Morus_020851-R1	20	233	0.856504788585863	-0.000018448922673997	1	relaxed	not_significant	1	1
Morus_020853-R1	20	184	0.2150321933918548	4.079376728206626	0.04340966844394001	relaxed	significant_relaxed	9	9
Morus_020853-R1	20	184	0.8557267581244545	-0.0003898769741681463	1	relaxed	not_significant	1	1
Morus_020858-R1	20	287	0.6769146803148467	0.7935404105128328	0.3730317255830774	relaxed	not_significant	9	9
Morus_020858-R1	20	287	2.98323836654471	4.339128519680344	0.03724598330380624	intensified	significant_intensified	1	1
Morus_020867-R1	20	862	4.778157123420217	1.265678864438087	0.260578890030416	intensified	not_significant	9	9
Morus_020867-R1	20	862	9.20993049638261	2.156262547418009	0.1419896869044949	intensified	not_significant	1	1
Morus_020874-R1	20	246	3.070051210794002	5.650324432117486	0.01745214302585729	intensified	significant_intensified	9	9
Morus_020874-R1	20	246	17.17843305147034	0.2462387900659451	0.6197360019083653	intensified	not_significant	1	1
Morus_020881-R1	20	316	1.594571506149836	2.887932623938468	0.08924537861903048	intensified	not_significant	9	9
Morus_020881-R1	20	316	20.99620972822159	0.5423561066991169	0.4614579164715091	intensified	not_significant	1	1
Morus_020882-R1	20	181	1.082108289274515	0.02342190918216147	0.8783650114206374	intensified	not_significant	9	9
Morus_020882-R1	20	181	0.625980346214095	0.1679749720296968	0.6819178205722625	relaxed	not_significant	1	1
Morus_020883-R2	20	182	3.657516482398779	0.3945773968121102	0.5299030876563986	intensified	not_significant	9	9
Morus_020883-R2	20	182	0.8532134313845342	-0.00001027279949994409	1	relaxed	not_significant	1	1
Morus_020885-R1	20	237	1.418875422833722	0.7729800406368668	0.3792967288717493	intensified	not_significant	9	9
Morus_020885-R1	20	237	0	1.914810954473978	0.1664298279731414	relaxed	not_significant	1	1
Morus_020886-R1	20	238	0	3.973876499801008	0.04621127151253324	relaxed	significant_relaxed	9	9
Morus_020886-R1	20	238	50	29.79091798983154	4.812411191768007E-8	intensified	significant_intensified	1	1
Morus_020888-R1	20	254	1.502242714103475	0.1947616055513208	0.6589827735006579	intensified	not_significant	9	9
Morus_020888-R1	20	254	0.5583276454742376	0.1662293339372809	0.6834848932611346	relaxed	not_significant	1	1
Morus_020892-R3	20	331	0.9216594922428164	0.01094863771686505	0.9166648553448632	relaxed	not_significant	9	9
Morus_020892-R3	20	331	0.4646708503021172	1.671194893323445	0.1960985648432835	relaxed	not_significant	1	1
Morus_020893-R1	20	276	3.823444363609457	0.3595313921741763	0.5487666035499317	intensified	not_significant	9	9
Morus_020893-R1	20	276	0.7786612253594378	0.1459061395153185	0.7024787054206656	relaxed	not_significant	1	1
Morus_020894-R1	20	375	0.2246365240730675	1.070168319584809	0.3009074295523978	relaxed	not_significant	9	9
Morus_020894-R1	20	375	0.3456214652880331	2.318694245133884	0.1278272889772409	relaxed	not_significant	1	1
Morus_020895-R1	20	267	1.586949203427534	1.201139923290611	0.273093963409047	intensified	not_significant	9	9
Morus_020895-R1	20	267	1.014888216766691E-7	2.106496053172123	0.1466748285536694	relaxed	not_significant	1	1
Morus_020897-R1	20	154	0.3532933694153011	0.1860052085626194	0.666262455970968	relaxed	not_significant	9	9
Morus_020897-R1	20	154	3.688893821536502	1.313171242008139	0.2518212865329288	intensified	not_significant	1	1
Morus_020898-R1	20	329	0.641382987388963	0.9989933935939916	0.317554199850807	relaxed	not_significant	9	9
Morus_020898-R1	20	329	0.2768144643486109	1.923445344400534	0.1654773447910217	relaxed	not_significant	1	1
Morus_020903-R1	20	287	2.308734111374633	0.3689408523732709	0.5435821611077785	intensified	not_significant	9	9
Morus_020903-R1	20	287	0.9225607502914231	0.004419161232362967	0.9469982499575905	relaxed	not_significant	1	1
Morus_020905-R1	20	181	1.091152491567693	0.05001980686984098	0.8230288119378216	intensified	not_significant	9	9
Morus_020905-R1	20	181	0.8544690494688987	-0.0006664211814495502	1	relaxed	not_significant	1	1
Morus_020917-R1	20	174	1.111742175431651	0.01071349330959492	0.9175613828864795	intensified	not_significant	9	9
Morus_020917-R1	20	174	1.433397354858076	0.2167334834343819	0.641540191657733	intensified	not_significant	1	1
Morus_020920-R1	20	343	1.237606649426533	0.3777936772603425	0.5387863945685097	intensified	not_significant	9	9
Morus_020920-R1	20	343	3.424226194947195	1.775579344044672	0.1826930958765416	intensified	not_significant	1	1
Morus_020922-R1	20	296	6.671135383368597	3.559645581976838	0.05920037768453312	intensified	not_significant	9	9
Morus_020922-R1	20	296	2.961871733524213	7.997716380693419	0.004683638212195862	intensified	significant_intensified	1	1
Morus_020927-R1	20	206	13.60155291650192	0.3216786566631527	0.5706005759732597	intensified	not_significant	9	9
Morus_020927-R1	20	206	1	-0.0006731967382620496	1	intensified	not_significant	0	1
Morus_020930-R1	20	339	0.2722275238888499	0.2716148579074797	0.6022505634819642	relaxed	not_significant	9	9
Morus_020930-R1	20	339	2.507669459693539	6.593012894635649	0.01023797613997623	intensified	significant_intensified	1	1
Morus_020937-R1	20	276	1.304221436876542	0.3255139146158399	0.5683126749918749	intensified	not_significant	9	9
Morus_020937-R1	20	276	4.173991475123658	3.921697840331944	0.04766671703117753	intensified	significant_intensified	1	1
Morus_020939-R1	20	119	0.2902291998697794	1.960878166716384	0.161419431325675	relaxed	not_significant	9	9
Morus_020939-R1	20	119	0.8544692251687352	-0.00001138770721809124	1	relaxed	not_significant	1	1
Morus_020951-R1	20	553	1.17775448841382	0.3872860579485859	0.5337294256952803	intensified	not_significant	9	9
Morus_020951-R1	20	553	1.039545571383264	0.005512804225872969	0.9408128452668111	intensified	not_significant	1	1
Morus_020954-R1	20	125	0.7412188797351621	0.2671050348194512	0.6052803837990064	relaxed	not_significant	9	9
Morus_020954-R1	20	125	0.2252116309054959	1.847555162282333	0.1740680114679941	relaxed	not_significant	1	1
Morus_020957-R1	20	364	1.55676315843594	1.26271499599261	0.2611378039490302	intensified	not_significant	9	9
Morus_020957-R1	20	364	1.071467744493454	0.003292553675237286	0.9542418747681211	intensified	not_significant	1	1
Morus_020960-R1	20	25	1.235783066169769	0.005405554920002942	0.9413903568207751	intensified	not_significant	9	9
Morus_020960-R1	20	25	1	-0.000001027280063681246	1	intensified	not_significant	0	1
Morus_020962-R1	20	119	2.105801619622265	2.533260398730363	0.1114696774452649	intensified	not_significant	9	9
Morus_020962-R1	20	119	0.4413705876270009	0.08816623122902456	0.7665214864468868	relaxed	not_significant	1	1
Morus_020966-R1	20	1059	0.8082167895279995	0.07710180259527988	0.7812640693239984	relaxed	not_significant	9	9
Morus_020966-R1	20	1059	5.328098877470349	2.175735648886985	0.1402024598696283	intensified	not_significant	1	1
Morus_020967-R1	20	352	2.249600239611369	3.731491660097163	0.05339568904656977	intensified	not_significant	9	9
Morus_020967-R1	20	352	2.549252043426301	3.823943078089542	0.05052520410145189	intensified	not_significant	1	1
Morus_020970-R1	20	320	1.664009183639115	0.4037337361833124	0.5251672724966912	intensified	not_significant	9	9
Morus_020970-R1	20	320	0	2.478968204681223	0.1153779204704097	relaxed	not_significant	1	1
Morus_020971-R1	20	355	9.777563372498671	0.5929955049277851	0.4412631077389088	intensified	not_significant	9	9
Morus_020971-R1	20	355	31.13802158567774	1.620411234336643	0.203034456421018	intensified	not_significant	1	1
Morus_020973-R1	20	319	4.565945816786247E-8	1.817032933205155	0.1776668611866211	relaxed	not_significant	9	9
Morus_020973-R1	20	319	0.1658673785772763	3.878515723074997	0.04890777694312509	relaxed	significant_relaxed	1	1
Morus_020976-R1	20	350	1.468849648819229	0.4072822270609322	0.5233521727622835	intensified	not_significant	9	9
Morus_020976-R1	20	350	12.58163321261552	0.1765492138156333	0.6743557187615226	intensified	not_significant	1	1
Morus_020977-R1	20	193	2.236180500273397	0.2543303122329235	0.6140423420060603	intensified	not_significant	9	9
Morus_020977-R1	20	193	0	0.3405350214593454	0.5595205601300128	relaxed	not_significant	1	1
Morus_020981-R1	20	226	0.7180037179088391	0.4542445311644769	0.5003261558776164	relaxed	not_significant	9	9
Morus_020981-R1	20	226	1	-0.00003915460956704919	1	intensified	not_significant	0	1
Morus_020986-R1	20	85	0.8132425860751956	0.05315248548049567	0.8176657920320342	relaxed	not_significant	9	9
Morus_020986-R1	20	85	0.9999904497170676	-8.424194675171748E-11	1	relaxed	not_significant	1	1
Morus_020987-R1	20	1397	0.2825094992249156	2.447321952146012	0.1177255666881633	relaxed	not_significant	9	9
Morus_020987-R1	20	1397	2.045978952042931	1.976976931939134	0.159709243342097	intensified	not_significant	1	1
Morus_020988-R1	20	345	0.07896600566648447	4.084159203112904	0.04328698269169529	relaxed	significant_relaxed	9	9
Morus_020988-R1	20	345	11.55425170061067	0.571400599061235	0.4497028918697921	intensified	not_significant	1	1
Morus_020992-R1	20	385	1.065149520097462	0.06353584648604738	0.8009922296903585	intensified	not_significant	9	9
Morus_020992-R1	20	385	0.8530007276397965	0.1324035341822309	0.7159528740929151	relaxed	not_significant	1	1
Morus_020994-R1	20	289	0.4064499347718079	15.95225878336714	0.00006496021749247127	relaxed	significant_relaxed	9	9
Morus_020994-R1	20	289	0	10.7434746693034	0.001046476601528457	relaxed	significant_relaxed	1	1
Morus_020996-R1	20	500	1.01620019535792	0.002948610163912235	0.956695268023446	intensified	not_significant	9	9
Morus_020996-R1	20	500	2.602287129826609E-10	1.143284663598934	0.2849593300318237	relaxed	not_significant	1	1
Morus_021002-R1	20	258	0.5393047741520588	0.7102914276042611	0.3993470820220243	relaxed	not_significant	9	9
Morus_021002-R1	20	258	2.21397371863319	0.5030675230514134	0.4781553712740678	intensified	not_significant	1	1
Morus_021006-R1	20	270	0.7911654479034912	0.1926774817879959	0.6606974531029761	relaxed	not_significant	9	9
Morus_021006-R1	20	270	0	0.2129847122823776	0.644438007936177	relaxed	not_significant	1	1
Morus_021010-R1	20	400	0.996002760023161	0.00005173080808162922	0.9942613340064319	relaxed	not_significant	9	9
Morus_021010-R1	20	400	0	0.3251574321393491	0.5685245777869236	relaxed	not_significant	1	1
Morus_021023-R1	20	234	0.9849003081834485	-0.0003650411354101379	1	relaxed	not_significant	9	9
Morus_021023-R1	20	234	4.867197604150262E-15	5.0489461156385	0.02464092140074592	relaxed	significant_relaxed	1	1
Morus_021024-R1	20	444	1.694244660790287	2.999287978979737	0.08330111863672418	intensified	not_significant	9	9
Morus_021024-R1	20	444	0.1001608886741601	2.233906934536208	0.1350120719949867	relaxed	not_significant	1	1
Morus_021025-R1	20	303	0.4962672177092581	1.106663183902128	0.2928084502316524	relaxed	not_significant	9	9
Morus_021025-R1	20	303	17.22997825871765	1.361712417970011	0.2432409250430914	intensified	not_significant	1	1
Morus_021029-R1	20	116	1.562667832173487	0.3751551618859139	0.5402075855491537	intensified	not_significant	9	9
Morus_021029-R1	20	116	0.03664764899023006	1.998498980271734	0.1574550659757247	relaxed	not_significant	1	1
Morus_021030-R1	20	526	0.05479660218348563	3.560389717486032	0.0591738445833393	relaxed	not_significant	9	9
Morus_021030-R1	20	526	0.559099446187017	0.07965684307600895	0.7777629859708886	relaxed	not_significant	1	1
Morus_021033-R1	20	357	0.804146668831962	0.1924016971543097	0.6609251780975723	relaxed	not_significant	9	9
Morus_021033-R1	20	357	0.7295604413826928	0.2740757596529875	0.6006107297307942	relaxed	not_significant	1	1
Morus_021036-R1	20	332	0.5414968611414843	2.411011309814057	0.1204845077330277	relaxed	not_significant	9	9
Morus_021036-R1	20	332	0.1916449820903978	2.512429905002136	0.1129516491520423	relaxed	not_significant	1	1
Morus_021037-R1	20	489	1.347168115231776	0.3713945239078384	0.5422451127477771	intensified	not_significant	9	9
Morus_021037-R1	20	489	16.95306990446526	2.893760618761917	0.08892313995719248	intensified	not_significant	1	1
Morus_021043-R1	20	557	0.9819743752962962	0.0005890669253858505	0.9806366834877447	relaxed	not_significant	9	9
Morus_021043-R1	20	557	17.03319807756634	2.170465436105587	0.1406836490345094	intensified	not_significant	1	1
Morus_021057-R1	20	237	1.694773025083671	1.656029408230097	0.1981402790984463	intensified	not_significant	9	9
Morus_021057-R1	20	237	0.8832470286840591	0.05732153811004537	0.8107805680792387	relaxed	not_significant	1	1
Morus_021060-R1	20	413	1.148333098982671	0.168590983107606	0.6813670933882315	intensified	not_significant	9	9
Morus_021060-R1	20	413	0.180470006692983	0.8931491723187719	0.344625336581291	relaxed	not_significant	1	1
Morus_021061-R1	20	288	0.1435213834525623	0.5241733582633969	0.4690668551684282	relaxed	not_significant	9	9
Morus_021061-R1	20	288	0.07535431357129882	3.259697868286821	0.07100220737816576	relaxed	not_significant	1	1
Morus_021066-R1	20	211	0.1882432606064619	3.981253353003922	0.04600931598912417	relaxed	significant_relaxed	9	9
Morus_021066-R1	20	211	0.8532124854498131	-8.268125384347513E-8	1	relaxed	not_significant	1	1
Morus_021073-R1	20	251	50	2.400359592601944	0.1213073631275964	intensified	not_significant	9	9
Morus_021073-R1	20	251	1.103334555838689	0.04796566822233217	0.8266417456070581	intensified	not_significant	1	1
Morus_021080-R1	20	216	0.2020081853953188	2.135422448887766	0.1439308061288348	relaxed	not_significant	9	9
Morus_021080-R1	20	216	0.3842938920350573	0.4257839391857487	0.5140649900067065	relaxed	not_significant	1	1
Morus_021084-R1	20	167	1.391801185413246	0.40746276757136	0.5232601216440296	intensified	not_significant	9	9
Morus_021084-R1	20	167	0.616802088940316	0.3793260036072752	0.5379641687137084	relaxed	not_significant	1	1
Morus_021092-R1	20	495	1.114672426462464	0.09716830178240343	0.7552546151495346	intensified	not_significant	9	9
Morus_021092-R1	20	495	1.27665978309282	0.2234303408085907	0.6364385097778347	intensified	not_significant	1	1
Morus_021096-R1	20	873	2.19772552776957	0.8868641866574762	0.3463285006494532	intensified	not_significant	9	9
Morus_021096-R1	20	873	1.239485354249097	0.1432375623735425	0.7050834172379918	intensified	not_significant	1	1
Morus_021106-R1	20	272	0.8446439962074767	0.1382797451442457	0.7099972028336397	relaxed	not_significant	9	9
Morus_021106-R1	20	272	0.1305288355564359	2.097070639283629	0.1475816486270343	relaxed	not_significant	1	1
Morus_021109-R1	20	175	0.8428137962160699	0.08066236263948667	0.776401796347592	relaxed	not_significant	9	9
Morus_021109-R1	20	175	1.773668470303645E-8	2.288051222896229	0.1303735261587682	relaxed	not_significant	1	1
Morus_021113-R1	20	188	1.909687029913936	0.3014120644575087	0.5829985345084736	intensified	not_significant	9	9
Morus_021113-R1	20	188	11.71444891398504	0.257348862719482	0.6119473998843259	intensified	not_significant	1	1
Morus_021115-R1	20	103	0.1916265064392542	1.739925337158866	0.1871482873604868	relaxed	not_significant	9	9
Morus_021115-R1	20	103	0.8544689829241113	-0.00004248230015946319	1	relaxed	not_significant	1	1
Morus_021126-R1	20	196	5.943947697962624E-8	1.582566393770776	0.208391412230696	relaxed	not_significant	9	9
Morus_021126-R1	20	196	0.1569048132003647	0.3410944074448707	0.5591981894388489	relaxed	not_significant	1	1
Morus_021130-R1	20	262	1.192663086748633	0.1679977633111776	0.6818974236793915	intensified	not_significant	9	9
Morus_021130-R1	20	262	0.301766762727689	0.6389259433381085	0.424099996466722	relaxed	not_significant	1	1
Morus_021132-R1	20	287	0.4280945422629038	0.154228020384835	0.6945272170337555	relaxed	not_significant	9	9
Morus_021132-R1	20	287	0.2233966579621507	0.6977442843408426	0.4035426870466716	relaxed	not_significant	1	1
Morus_021133-R1	20	257	1.233801318622105	0.2225947368392553	0.6370699315949464	intensified	not_significant	9	9
Morus_021133-R1	20	257	0.1798834641994161	0.937183107295823	0.333003328850744	relaxed	not_significant	1	1
Morus_021135-R1	20	413	0.1979517308414537	1.054977912961476	0.3043634079187517	relaxed	not_significant	9	9
Morus_021135-R1	20	413	6.677891415832488E-17	5.76453793998553	0.01635278440965726	relaxed	significant_relaxed	1	1
Morus_021136-R1	20	279	1.834640620238994	1.468388377201336	0.2256001437599213	intensified	not_significant	9	9
Morus_021136-R1	20	279	0.4444006130374928	1.098568300900297	0.2945805172675315	relaxed	not_significant	1	1
Morus_021142-R7	20	497	2.187329259950501	3.074833355314695	0.07951274239388118	intensified	not_significant	9	9
Morus_021142-R7	20	497	0.4903098767051535	1.57303465393943	0.2097668552211359	relaxed	not_significant	1	1
Morus_021147-R1	20	156	1.787432945803046	0.5061645933624277	0.4768039046051006	intensified	not_significant	9	9
Morus_021147-R1	20	156	0	3.809840236659511	0.05095231026263436	relaxed	not_significant	1	1
Morus_021150-R1	20	206	0.6291378976173354	1.489285323781587	0.2223273790645196	relaxed	not_significant	9	9
Morus_021150-R1	20	206	1	-0.00002640122193042771	1	intensified	not_significant	0	1
Morus_021157-R1	20	223	3.288524922477216	5.565915249505451	0.01831343454055989	intensified	significant_intensified	9	9
Morus_021157-R1	20	223	1	-0.00008525552038918249	1	intensified	not_significant	0	1
Morus_021163-R1	20	590	1.002143476403656	0.0001731539923639502	0.9895011003910111	intensified	not_significant	9	9
Morus_021163-R1	20	590	1.365918673815679	0.1551808386266202	0.6936327266281932	intensified	not_significant	1	1
Morus_021164-R1	20	1084	2.750872726389194	1.498432714815863	0.2209126719630168	intensified	not_significant	9	9
Morus_021164-R1	20	1084	0.2155825082417593	4.444873056258075	0.03500619262100024	relaxed	significant_relaxed	1	1
Morus_021188-R1	20	279	10.1909897906768	1.074819214240051	0.2998594310714	intensified	not_significant	9	9
Morus_021188-R1	20	279	0.6230460602483104	1.542311918707128	0.2142740085655006	relaxed	not_significant	1	1
Morus_021204-R1	20	144	1.423805750551105	0.09116220810165032	0.7627048156857409	intensified	not_significant	9	9
Morus_021204-R1	20	144	0	1.86535284915135	0.1720082739047974	relaxed	not_significant	1	1
Morus_021211-R1	20	224	1.284230275902223	0.5299502921880048	0.4666277584700274	intensified	not_significant	9	9
Morus_021211-R1	20	224	0.9913711268639361	0.0002995980448758928	0.9861901849041301	relaxed	not_significant	1	1
Morus_021218-R1	20	595	0.9542155220332539	0.01171923252695706	0.91379309699235	relaxed	not_significant	9	9
Morus_021218-R1	20	595	16.48084038391552	6.494632755649945	0.01082006447141115	intensified	significant_intensified	1	1
Morus_021219-R1	20	326	0.9913790291633721	0.0005181374017411144	0.9818396158836793	relaxed	not_significant	9	9
Morus_021219-R1	20	326	5.252182949089166	2.985021532879728	0.08403816962835908	intensified	not_significant	1	1
Morus_021274-R1	20	237	0.5970982338469207	0.5621403635414026	0.4533991408722684	relaxed	not_significant	9	9
Morus_021274-R1	20	237	0.045433303916713	3.081062444531653	0.07920876839577273	relaxed	not_significant	1	1
Morus_021280-R1	20	475	3.507304010157817	0.0576114877803775	0.8103117040375271	intensified	not_significant	9	9
Morus_021280-R1	20	475	0.751467290792761	0.4837631812015388	0.4867226767222491	relaxed	not_significant	1	1
Morus_021281-R1	20	146	0.8532132834253539	-1.255577899428317E-7	1	relaxed	not_significant	9	9
Morus_021281-R1	20	146	0.3094900950543967	2.020676976418144	0.1551699488498551	relaxed	not_significant	1	1
Morus_021288-R1	20	601	0.7202674494307005	0.2017558998777531	0.6533072517710611	relaxed	not_significant	9	9
Morus_021288-R1	20	601	1.09364371236563	0.02464211381811765	0.8752621330377746	intensified	not_significant	1	1
Morus_021296-R1	20	708	1.104293254779549	0.104515790950245	0.7464763681309434	intensified	not_significant	9	9
Morus_021296-R1	20	708	0	2.948823453372825	0.08594010346582859	relaxed	not_significant	1	1
Morus_021297-R1	20	304	1.41846003381052	0.7165597413268188	0.3972747001878899	intensified	not_significant	9	9
Morus_021297-R1	20	304	2.301152591311181	1.042961058885339	0.3071338066268633	intensified	not_significant	1	1
Morus_021298-R1	20	380	0.9700850302429375	0.01172894504634314	0.9137575210370349	relaxed	not_significant	9	9
Morus_021298-R1	20	380	5.874649001894731	3.608095119785503	0.05749894400219058	intensified	not_significant	1	1
Morus_021300-R1	20	432	1.493351807861639	1.056990807285729	0.3039025168311402	intensified	not_significant	9	9
Morus_021300-R1	20	432	0.5364921227762285	0.9173774251821669	0.3381645183345616	relaxed	not_significant	1	1
Morus_021301-R1	20	484	0.8961591415030202	0.08665200842369813	0.7684773796902873	relaxed	not_significant	9	9
Morus_021301-R1	20	484	0.05947645159023422	6.753390745554498	0.009356969815512151	relaxed	significant_relaxed	1	1
Morus_021303-R3	20	258	0.6815483743817536	0.4253275101873442	0.5142906200077815	relaxed	not_significant	9	9
Morus_021303-R3	20	258	0.1101731673424721	1.928873458026374	0.1648817470205227	relaxed	not_significant	1	1
Morus_021305-R1	20	546	1.139567861491235	0.08054007959799492	0.7765668416574832	intensified	not_significant	9	9
Morus_021305-R1	20	546	1.652470282183873	0.8579419879060879	0.3543152532120664	intensified	not_significant	1	1
Morus_021307-R1	20	173	0.5068186814081601	0.6018834275064364	0.4378603141944688	relaxed	not_significant	9	9
Morus_021307-R1	20	173	0	2.860070257097505	0.09080353244045591	relaxed	not_significant	1	1
Morus_021309-R1	20	134	2.761451104036966	2.228229670430437	0.1355090335224677	intensified	not_significant	9	9
Morus_021309-R1	20	134	20.50176756272981	1.915829830183611	0.1663171071808138	intensified	not_significant	1	1
Morus_021311-R1	20	252	0.5357109117314047	3.155117055478968	0.07568926282654109	relaxed	not_significant	9	9
Morus_021311-R1	20	252	11.76790656823318	0.8806202159867098	0.3480318635943458	intensified	not_significant	1	1
Morus_021312-R1	20	414	4.610098014258958	5.00265125914575	0.02530852189681643	intensified	significant_intensified	9	9
Morus_021312-R1	20	414	20.576145201945	3.831469356418893	0.05029882014781406	intensified	not_significant	1	1
Morus_021314-R1	20	351	1.191854695137337	0.1372382181907597	0.7110421816498089	intensified	not_significant	9	9
Morus_021314-R1	20	351	0.1494740433393381	0.6950089934025527	0.4044658440535158	relaxed	not_significant	1	1
Morus_021319-R1	20	629	0.7054687381507201	1.01198723122252	0.3144272302554878	relaxed	not_significant	9	9
Morus_021319-R1	20	629	0.09771122297542222	4.823187577918361	0.02807937202842259	relaxed	significant_relaxed	1	1
Morus_021321-R1	20	334	0.6429637852090502	0.1068469182082481	0.7437628324175163	relaxed	not_significant	9	9
Morus_021321-R1	20	334	0	2.52980700945227	0.1117138789343132	relaxed	not_significant	1	1
Morus_021327-R1	20	301	2.143063941568616	3.502930001986897	0.06126035662379603	intensified	not_significant	9	9
Morus_021327-R1	20	301	0.8445568955170116	0.1306389327728539	0.7177704893074244	relaxed	not_significant	1	1
Morus_021338-R1	20	507	0.8597413304397116	0.1007474287607693	0.7509345273750614	relaxed	not_significant	9	9
Morus_021338-R1	20	507	9.594222416885836	0.5049634905008134	0.4773272886158424	intensified	not_significant	1	1
Morus_021349-R1	20	497	1.066502460509909	0.02918252672134258	0.864358272773446	intensified	not_significant	9	9
Morus_021349-R1	20	497	5.399028597836961	3.13129376568213	0.07680276742796877	intensified	not_significant	1	1
Morus_021352-R1	20	265	1.362632901548277	0.8869416158922832	0.3463074488861886	intensified	not_significant	9	9
Morus_021352-R1	20	265	18.9055938294812	1.289150939775936	0.2562044806659008	intensified	not_significant	1	1
Morus_021358-R1	20	180	0.7080859931998733	0.5472442194745781	0.4594458959145024	relaxed	not_significant	9	9
Morus_021358-R1	20	180	0	0.1277825283868879	0.720742360302849	relaxed	not_significant	1	1
Morus_021362-R1	20	159	0.268830992726367	1.243684530760675	0.2647621347592999	relaxed	not_significant	9	9
Morus_021362-R1	20	159	37.12805674171744	0.3403181467697323	0.5596456391633935	intensified	not_significant	1	1
Morus_021370-R1	20	278	0.3643159104206721	1.217712328650123	0.2698100761446238	relaxed	not_significant	9	9
Morus_021370-R1	20	278	0.9999975845289757	-0.000001301811607845593	1	relaxed	not_significant	1	1
Morus_021371-R1	20	536	1.530743917701302	3.546546622023016	0.05966951479147709	intensified	not_significant	9	9
Morus_021371-R1	20	536	0.8300203051791119	0.1017893123162139	0.7496928644050245	relaxed	not_significant	1	1
Morus_021373-R1	20	540	0.4284056034758813	0.2359594136451051	0.6271397929483874	relaxed	not_significant	9	9
Morus_021373-R1	20	540	1.583680694833082	1.149177678737033	0.2837213564733718	intensified	not_significant	1	1
Morus_021377-R1	20	479	1.323075696335849	0.7955086151232535	0.3724396215771799	intensified	not_significant	9	9
Morus_021377-R1	20	479	15.87579870822458	1.188578134114323	0.2756165512542675	intensified	not_significant	1	1
Morus_021379-R1	20	243	1.10967398466007	0.0724958824002897	0.7877368488678125	intensified	not_significant	9	9
Morus_021379-R1	20	243	1	-0.00000259491980614257	1	intensified	not_significant	0	1
Morus_021380-R1	20	576	1.090006175863548	0.05290393107861746	0.8180851292675917	intensified	not_significant	9	9
Morus_021380-R1	20	576	2.472931773045064	2.175599688435796	0.140214850293186	intensified	not_significant	1	1
Morus_021381-R1	20	392	0	1.757949592979458	0.1848804708400903	relaxed	not_significant	9	9
Morus_021381-R1	20	392	1.000087683493968	-0.0003836289224636857	1	intensified	not_significant	1	1
Morus_021387-R1	20	248	0.8657310772509601	0.00333178928531197	0.9539703454376418	relaxed	not_significant	9	9
Morus_021387-R1	20	248	1.533783235315202	0.6290510306680517	0.427703615884696	intensified	not_significant	1	1
Morus_021390-R1	20	387	1.405900723097754	1.246320010982345	0.2642565009680197	intensified	not_significant	9	9
Morus_021390-R1	20	387	0.7119556687369127	0.286105338793277	0.5927271992618162	relaxed	not_significant	1	1
Morus_021391-R1	20	34	0.6140298820075883	0.4618674285994757	0.4967525188374081	relaxed	not_significant	9	9
Morus_021391-R1	20	34	1	-0.00002752619059265271	1	intensified	not_significant	0	1
Morus_021410-R1	20	360	0.9734532676251738	0.0004465580832402338	0.9831404213376191	relaxed	not_significant	9	9
Morus_021410-R1	20	360	0.416791256691199	2.089147023302758	0.1483488785316573	relaxed	not_significant	1	1
Morus_021411-R1	20	166	1.552836674083241	0.4642280774346546	0.4956545765627186	intensified	not_significant	9	9
Morus_021411-R1	20	166	0.645670042588473	0.4075256328733303	0.5232280756228791	relaxed	not_significant	1	1
Morus_021412-R1	20	312	0.8138022377720104	0.2154279091591889	0.6425459251482775	relaxed	not_significant	9	9
Morus_021412-R1	20	312	0.4603778107011773	1.105095121291015	0.2931506510797849	relaxed	not_significant	1	1
Morus_021415-R1	20	783	1.036457919566978	0.0307817111370241	0.8607282752950005	intensified	not_significant	9	9
Morus_021415-R1	20	783	0.5976299203850013	0.5716803573759535	0.4495919587724909	relaxed	not_significant	1	1
Morus_021421-R1	20	194	5.885144153408892E-9	1.337116873944979	0.2475430539936539	relaxed	not_significant	9	9
Morus_021421-R1	20	194	4.272404547418466E-8	8.9480728573335	0.002777624569822557	relaxed	significant_relaxed	1	1
Morus_021423-R1	20	407	1.422444742164571	0.912595908156618	0.3394265848939142	intensified	not_significant	9	9
Morus_021423-R1	20	407	2.706488135835927E-8	10.99309277841712	0.0009145207324903204	relaxed	significant_relaxed	1	1
Morus_021424-R1	20	239	1.026252274365774	0.002563170287885441	0.9596221402918641	intensified	not_significant	9	9
Morus_021424-R1	20	239	1	-0.0001124932209677354	1	intensified	not_significant	0	1
Morus_021427-R1	20	173	0.1323215779177748	4.001821182732783	0.04545112815325481	relaxed	significant_relaxed	9	9
Morus_021427-R1	20	173	0	2.570951156520096	0.1088422707965604	relaxed	not_significant	1	1
Morus_021430-R1	20	201	31.69775695745247	3.512180256223473	0.06091923734440885	intensified	not_significant	9	9
Morus_021430-R1	20	201	40.79003055624097	16.15479436106216	0.00005837063355973449	intensified	significant_intensified	1	1
Morus_021433-R1	20	865	0.9906055694643499	0.001218469749801443	0.9721542289075139	relaxed	not_significant	9	9
Morus_021433-R1	20	865	20.86785645666178	1.627046448875262	0.202112053401326	intensified	not_significant	1	1
Morus_021435-R1	20	866	1.08602696429986	0.09484804584099038	0.7581020408688884	intensified	not_significant	9	9
Morus_021435-R1	20	866	0.3392883033897832	0.964447294429192	0.3260689229276256	relaxed	not_significant	1	1
Morus_021436-R1	20	178	0.9115766121083295	0.0187977683885947	0.890947836799413	relaxed	not_significant	9	9
Morus_021436-R1	20	178	0.04139943685367477	2.755178768490168	0.09693998045618191	relaxed	not_significant	1	1
Morus_021438-R1	20	161	0.3014932166500721	0.6306315573615393	0.4271237491851716	relaxed	not_significant	9	9
Morus_021438-R1	20	161	0	1.64718732749634	0.199342183637273	relaxed	not_significant	1	1
Morus_021445-R1	20	739	0.8864796486940255	0.002089094048642437	0.9635440966018082	relaxed	not_significant	9	9
Morus_021445-R1	20	739	1	-0.0005995715746394126	1	intensified	not_significant	0	1
Morus_021446-R1	20	394	0.4839977403885952	1.798115709723788	0.1799404634802155	relaxed	not_significant	9	9
Morus_021446-R1	20	394	0.6895643475959888	0.8396921541479969	0.359484829775069	relaxed	not_significant	1	1
Morus_021454-R1	20	355	0.6670377348164559	0.6528616558625799	0.4190914172439225	relaxed	not_significant	9	9
Morus_021454-R1	20	355	0	2.299950115092543	0.1293781540354914	relaxed	not_significant	1	1
Morus_021457-R1	20	751	1.174602347157931	0.09575496515753912	0.7569845713414356	intensified	not_significant	9	9
Morus_021457-R1	20	751	2.533525900794604	1.456256753894195	0.227526650761491	intensified	not_significant	1	1
Morus_021482-R2	20	514	2.839973652805609	4.098573436789593	0.04291941265553345	intensified	significant_intensified	9	9
Morus_021482-R2	20	514	0.2183783689016155	1.464392357096585	0.2262325418942198	relaxed	not_significant	1	1
Morus_021486-R1	20	149	2.147405896015961	1.351474657221388	0.2450204806871402	intensified	not_significant	9	9
Morus_021486-R1	20	149	1	-7.164180715335533E-7	1	intensified	not_significant	0	1
Morus_021487-R1	20	397	1.802467788314764	1.23997782778315	0.2654753270528117	intensified	not_significant	9	9
Morus_021487-R1	20	397	1.242963889485511	0.2269552134403057	0.6337907403912042	intensified	not_significant	1	1
Morus_021488-R1	20	374	12.12071177805015	2.093723091220454	0.1479052379831121	intensified	not_significant	9	9
Morus_021488-R1	20	374	13.81133642501382	2.372138548309522	0.1235177402612473	intensified	not_significant	1	1
Morus_021489-R1	20	179	7.088487097368243E-9	1.175353021838418	0.2783040624624837	relaxed	not_significant	9	9
Morus_021489-R1	20	179	0.4054397942215166	0.6147245344855037	0.4330144647592835	relaxed	not_significant	1	1
Morus_unassigned_transcript_1003	20	313	0.1269632841726804	8.029363439363806	0.004602501200684617	relaxed	significant_relaxed	9	9
Morus_unassigned_transcript_1003	20	313	26.36911978601503	1.154512956020881	0.2826064187970679	intensified	not_significant	1	1
Morus_unassigned_transcript_1076	20	965	0.7896207847081953	0.9322221361544507	0.3342861693806928	relaxed	not_significant	9	9
Morus_unassigned_transcript_1076	20	965	14.64663643599205	1.318535551466994	0.250855042654427	intensified	not_significant	1	1
Morus_unassigned_transcript_1077	20	309	1.001045335623544	0.0001094627314159879	0.9916523298740312	intensified	not_significant	9	9
Morus_unassigned_transcript_1077	20	309	19.15145364533744	8.495574705159015	0.003560113060352421	intensified	significant_intensified	1	1
Morus_unassigned_transcript_1092	20	375	1.495273212065999	0.08663258246724581	0.768502592042591	intensified	not_significant	9	9
Morus_unassigned_transcript_1092	20	375	0	2.396300906470969	0.121622537153783	relaxed	not_significant	1	1
Morus_unassigned_transcript_1159	20	201	0.3229956449885703	0.4540925115352366	0.5003978658872185	relaxed	not_significant	9	9
Morus_unassigned_transcript_1159	20	201	4.260032507467632E-8	1.384226365918494	0.2393825533456669	relaxed	not_significant	1	1
Morus_unassigned_transcript_1167	20	327	3.179075101671393	1.742476834415356	0.1868253012939161	intensified	not_significant	9	9
Morus_unassigned_transcript_1167	20	327	0.6349026655074662	0.5778737430155161	0.4471469547301843	relaxed	not_significant	1	1
Morus_unassigned_transcript_1168	20	309	0.9272623431175667	0.002707073069359467	0.9585051554900331	relaxed	not_significant	9	9
Morus_unassigned_transcript_1168	20	309	0.07291875619917673	1.442739075400823	0.2296966123980705	relaxed	not_significant	1	1
Morus_unassigned_transcript_1207	20	226	1.847812597671342	2.154572567875675	0.1421459955006413	intensified	not_significant	9	9
Morus_unassigned_transcript_1207	20	226	1	-0.00004490890478336951	1	intensified	not_significant	0	1
Morus_unassigned_transcript_1220	20	513	0.4037296345737409	5.180583635463336	0.02284065046091144	relaxed	significant_relaxed	9	9
Morus_unassigned_transcript_1220	20	513	0.2432649161088206	0.9180612854288484	0.3379845308667729	relaxed	not_significant	1	1
Morus_unassigned_transcript_1256	20	227	2.693993345447959	5.113071845693412	0.02374623999304959	intensified	significant_intensified	9	9
Morus_unassigned_transcript_1256	20	227	0.8544690892982133	-0.000009526733265374787	1	relaxed	not_significant	1	1
Morus_unassigned_transcript_1284	20	203	0.1767386371667872	3.522484482999516	0.06054162983726608	relaxed	not_significant	9	9
Morus_unassigned_transcript_1284	20	203	1	-0.0001592772650838015	1	intensified	not_significant	0	1
Morus_unassigned_transcript_1290	20	322	2.28514910731501	2.071611839706748	0.1500628522028926	intensified	not_significant	9	9
Morus_unassigned_transcript_1290	20	322	1.132787405364692	0.1867530860454281	0.6656328477446627	intensified	not_significant	1	1
Morus_unassigned_transcript_1313	20	187	1.398049183020532	0.5844505880518227	0.44457310104767	intensified	not_significant	9	9
Morus_unassigned_transcript_1313	20	187	0	2.694987569918339	0.1006642741836081	relaxed	not_significant	1	1
Morus_unassigned_transcript_134	20	280	1.088461081060292	0.01076215213197429	0.9173750531639566	intensified	not_significant	9	9
Morus_unassigned_transcript_134	20	280	1.037466160621917	0.0019214929179725	0.9650360580080981	intensified	not_significant	1	1
Morus_unassigned_transcript_1424	20	306	0.9137317495601729	0.04007530219405453	0.8413334212684078	relaxed	not_significant	9	9
Morus_unassigned_transcript_1424	20	306	0	0.4805441951230023	0.4881759220012939	relaxed	not_significant	1	1
Morus_unassigned_transcript_1449	20	365	1.29841696064626	1.116026830427472	0.2907755915110345	intensified	not_significant	9	9
Morus_unassigned_transcript_1449	20	365	0.8460513413763404	0.4351662557055533	0.5094647727218541	relaxed	not_significant	1	1
Morus_unassigned_transcript_1542	20	135	17.85818163239137	1.360098292981775	0.2435204473488738	intensified	not_significant	9	9
Morus_unassigned_transcript_1542	20	135	0	1.877460963978137	0.1706230066243444	relaxed	not_significant	1	1
Morus_unassigned_transcript_1616	20	733	1.424024453333975	6.553559595344268	0.01046745401598448	intensified	significant_intensified	9	9
Morus_unassigned_transcript_1616	20	733	0.3985874172635152	1.32456801256194	0.2497738779073139	relaxed	not_significant	1	1
Morus_unassigned_transcript_1732	20	303	1.648895977154706	1.364701128841261	0.2427243937035167	intensified	not_significant	9	9
Morus_unassigned_transcript_1732	20	303	0.7883244934491338	0.1808223719690432	0.670667457619504	relaxed	not_significant	1	1
Morus_unassigned_transcript_1736	20	800	1.089509480949917	0.09102663740304706	0.7628760335735272	intensified	not_significant	9	9
Morus_unassigned_transcript_1736	20	800	0.3062077540540077	0.5259616789298889	0.4683096193497329	relaxed	not_significant	1	1
Morus_unassigned_transcript_1768	20	80	11.76066103122738	2.157475628225484	0.1418776064844294	intensified	not_significant	9	9
Morus_unassigned_transcript_1768	20	80	1.820641804413813	0.04662431611882312	0.8290449271191512	intensified	not_significant	1	1
Morus_unassigned_transcript_1786	20	225	2.788407973120007	0.3292635564894226	0.5660930548263852	intensified	not_significant	9	9
Morus_unassigned_transcript_1786	20	225	0.790337559332339	0.2552039301444893	0.6134344336426394	relaxed	not_significant	1	1
Morus_unassigned_transcript_1787	20	139	2.862277701293587	0.02453077849759211	0.8755419387358363	intensified	not_significant	9	9
Morus_unassigned_transcript_1787	20	139	0	0.459810582431146	0.4977125110639548	relaxed	not_significant	1	1
Morus_unassigned_transcript_1801	20	222	0.5123181943422063	3.53297422652895	0.06015978096696517	relaxed	not_significant	9	9
Morus_unassigned_transcript_1801	20	222	0.3914780000000466	0.4795672495611143	0.4886184002306113	relaxed	not_significant	1	1
Morus_unassigned_transcript_1834	20	355	0.8006060389267243	0.5730440199531586	0.4490518331683773	relaxed	not_significant	9	9
Morus_unassigned_transcript_1834	20	355	2.721224395988386E-8	2.299084185156971	0.1294503047600161	relaxed	not_significant	1	1
Morus_unassigned_transcript_1852	20	312	1.502762710169856	1.020078092163203	0.3125004862403671	intensified	not_significant	9	9
Morus_unassigned_transcript_1852	20	312	0.716889196418571	0.5257018451657132	0.4684195197644939	relaxed	not_significant	1	1
Morus_unassigned_transcript_1897	20	443	1.333777082844946	0.5139760206238861	0.4734227142673768	intensified	not_significant	9	9
Morus_unassigned_transcript_1897	20	443	0.5721097441529961	0.8982898627464238	0.3432406760596972	relaxed	not_significant	1	1
Morus_unassigned_transcript_1929	20	238	1.521106787213578	0.1270988516662328	0.721459219452327	intensified	not_significant	9	9
Morus_unassigned_transcript_1929	20	238	0.7906210159843476	0.3077703953163109	0.579051593418622	relaxed	not_significant	1	1
Morus_unassigned_transcript_1977	20	490	0.8876263437127941	0.1200261112271619	0.7290061715594711	relaxed	not_significant	9	9
Morus_unassigned_transcript_1977	20	490	0.000007042616678213573	1.248519996404866	0.2638353383623452	relaxed	not_significant	1	1
Morus_unassigned_transcript_2003	20	114	0.1808282795590178	2.014526740783367	0.1557998434369642	relaxed	not_significant	9	9
Morus_unassigned_transcript_2003	20	114	0.2177796638966486	0.9957799502994931	0.3183337955659515	relaxed	not_significant	1	1
Morus_unassigned_transcript_211	20	437	0.7244774274903019	0.2054047627862019	0.6503931963383525	relaxed	not_significant	9	9
Morus_unassigned_transcript_211	20	437	1.315164639605015	0.4021155874179385	0.525998697149741	intensified	not_significant	1	1
Morus_unassigned_transcript_212	20	275	0.9854319099271348	0.003902851596649271	0.9501863166169822	relaxed	not_significant	9	9
Morus_unassigned_transcript_212	20	275	1	-0.000007428435310430359	1	intensified	not_significant	0	1
Morus_unassigned_transcript_22	20	601	1.019029715725277	0.002633835718370392	0.9590698069498598	intensified	not_significant	9	9
Morus_unassigned_transcript_22	20	601	1.125739809296566	0.03490232103831659	0.8518004880493167	intensified	not_significant	1	1
Morus_unassigned_transcript_2297	20	403	1.185655057574925	0.4790229713216831	0.4888652040926984	intensified	not_significant	9	9
Morus_unassigned_transcript_2297	20	403	1.256122067833948	0.1995312032067886	0.6550995116706346	intensified	not_significant	1	1
Morus_unassigned_transcript_23	20	283	1.0394045693181	0.00148987725697225	0.969210156845048	intensified	not_significant	9	9
Morus_unassigned_transcript_23	20	283	0.1834710029854463	0.2449009432157254	0.6206885887692116	relaxed	not_significant	1	1
Morus_unassigned_transcript_2348	20	202	1.041054173024662	0.005116637339142471	0.942975412669132	intensified	not_significant	9	9
Morus_unassigned_transcript_2348	20	202	6.762101707546358E-14	0.3284475984801247	0.5665746313341855	relaxed	not_significant	1	1
Morus_unassigned_transcript_2373	20	239	0.5096591185067197	1.54090485255756	0.2144831699814735	relaxed	not_significant	9	9
Morus_unassigned_transcript_2373	20	239	0	0.2205768213461852	0.6386007605487019	relaxed	not_significant	1	1
Morus_unassigned_transcript_2377	20	648	1.342112008851472	0.6844316091919609	0.4080648796851138	intensified	not_significant	9	9
Morus_unassigned_transcript_2377	20	648	0.2461410976184831	0.1783850956580864	0.6727647526260476	relaxed	not_significant	1	1
Morus_unassigned_transcript_246	20	345	1.733195190528646	1.581623944990497	0.2085269323992672	intensified	not_significant	9	9
Morus_unassigned_transcript_246	20	345	0.3818677340183869	1.342865218071893	0.246529312691826	relaxed	not_significant	1	1
Morus_unassigned_transcript_2547	20	290	0.2100957344151047	1.694248020629857	0.1930419319283041	relaxed	not_significant	9	9
Morus_unassigned_transcript_2547	20	290	0.7710134939109681	0.0028231268579475	0.9576258546425304	relaxed	not_significant	1	1
Morus_unassigned_transcript_2574	20	357	0.2788240913667295	1.523999549692235	0.2170152441188328	relaxed	not_significant	9	9
Morus_unassigned_transcript_2574	20	357	0.2360056602499179	0.2955804368702957	0.5866664484293381	relaxed	not_significant	1	1
Morus_unassigned_transcript_2618	20	284	0.2574927029970069	5.952022190088428	0.01470041316472082	relaxed	significant_relaxed	9	9
Morus_unassigned_transcript_2618	20	284	5.996279872832463	0.5103638352784401	0.4749813970291333	intensified	not_significant	1	1
Morus_unassigned_transcript_2654	20	365	1.528171108555083	0.3772635114755758	0.5390714094777209	intensified	not_significant	9	9
Morus_unassigned_transcript_2654	20	365	13.93038570876933	1.257583262515254	0.2621090422785538	intensified	not_significant	1	1
Morus_unassigned_transcript_2713	20	262	1.000067862911989	-0.0003262947529947269	1	intensified	not_significant	9	9
Morus_unassigned_transcript_2713	20	262	12.84769738411792	0.5323524754194295	0.4656195057956326	intensified	not_significant	1	1
Morus_unassigned_transcript_2717	20	250	0.7549260902294536	0.2353607803797786	0.6275770683518829	relaxed	not_significant	9	9
Morus_unassigned_transcript_2717	20	250	5.974426097786831	0.8305011179882058	0.3621276655942707	intensified	not_significant	1	1
Morus_unassigned_transcript_2770	20	195	1.491681918008177	0.2577829054148424	0.6116474362039637	intensified	not_significant	9	9
Morus_unassigned_transcript_2770	20	195	48.98144745995575	5.709621598692138	0.01687217588422152	intensified	significant_intensified	1	1
Morus_unassigned_transcript_2785	20	286	0.8522300890390294	0.1395342328632978	0.7087444875434851	relaxed	not_significant	9	9
Morus_unassigned_transcript_2785	20	286	0.4804090528475208	1.658730042675415	0.197774878266613	relaxed	not_significant	1	1
Morus_unassigned_transcript_2881	20	304	0.7359499400419148	0.5779784196383844	0.44710580864053	relaxed	not_significant	9	9
Morus_unassigned_transcript_2881	20	304	0.604260419992641	1.373413739894204	0.2412262209009739	relaxed	not_significant	1	1
Morus_unassigned_transcript_2935	20	201	0.1803928342431545	3.481556049401661	0.06205636108003476	relaxed	not_significant	9	9
Morus_unassigned_transcript_2935	20	201	13.60753846209375	0.5371090414851096	0.4636333090490852	intensified	not_significant	1	1
Morus_unassigned_transcript_2936	20	313	1.344656945807424	0.718576440902325	0.3966112597190881	intensified	not_significant	9	9
Morus_unassigned_transcript_2936	20	313	1	-0.0003147247352899285	1	intensified	not_significant	0	1
Morus_unassigned_transcript_2966	20	341	0.7715346760563997	0.4400586352903701	0.507094156002596	relaxed	not_significant	9	9
Morus_unassigned_transcript_2966	20	341	1.118900559282177	0.02789971627953491	0.8673448060654769	intensified	not_significant	1	1
Morus_unassigned_transcript_3003	20	386	1.000682893499473	-0.0001723463274174719	1	intensified	not_significant	9	9
Morus_unassigned_transcript_3003	20	386	0	0.182286564988317	0.6694155223518411	relaxed	not_significant	1	1
Morus_unassigned_transcript_301	20	259	0.3968838892902095	2.992668504650737	0.08364223003229354	relaxed	not_significant	9	9
Morus_unassigned_transcript_301	20	259	20.69987044320341	0.6151623788728102	0.4328506779223289	intensified	not_significant	1	1
Morus_unassigned_transcript_3037	20	668	3.553263772828811	2.115265560336411	0.1458367545564413	intensified	not_significant	9	9
Morus_unassigned_transcript_3037	20	668	0.3748662207871779	0.9910189092151995	0.3194934716935932	relaxed	not_significant	1	1
Morus_unassigned_transcript_3067	20	198	10.70917015952809	2.129498033315031	0.1444880658636677	intensified	not_significant	9	9
Morus_unassigned_transcript_3067	20	198	0.8532130262559519	-3.067798388656229E-7	1	relaxed	not_significant	1	1
Morus_unassigned_transcript_3083	20	385	3.25667198877771	3.584560006337597	0.0583188585907628	intensified	not_significant	9	9
Morus_unassigned_transcript_3083	20	385	0.6378674965429999	1.050841262705944	0.3053134161131978	relaxed	not_significant	1	1
Morus_unassigned_transcript_311	20	255	0.525049650714163	0.340097911453995	0.5597727110623153	relaxed	not_significant	9	9
Morus_unassigned_transcript_311	20	255	0.4916909272521173	0.5447733377422992	0.4604612051079129	relaxed	not_significant	1	1
Morus_unassigned_transcript_313	20	375	0.8930999260515226	0.1560109890306194	0.6928559771651621	relaxed	not_significant	9	9
Morus_unassigned_transcript_313	20	375	0.2690260007354825	0.4129253199944287	0.5204884504778716	relaxed	not_significant	1	1
Morus_unassigned_transcript_3228	20	267	1.414178152611536	0.4810604006434005	0.4879423909832479	intensified	not_significant	9	9
Morus_unassigned_transcript_3228	20	267	0.1880265686258483	0.5987160897248032	0.4390683157702635	relaxed	not_significant	1	1
Morus_unassigned_transcript_3229	20	170	1.371898557594055	0.4945954307713691	0.4818845180816678	intensified	not_significant	9	9
Morus_unassigned_transcript_3229	20	170	0	1.837243882583152	0.175274324951892	relaxed	not_significant	1	1
Morus_unassigned_transcript_3231	20	454	0.5908601423946818	0.9111662253253598	0.3398051741399517	relaxed	not_significant	9	9
Morus_unassigned_transcript_3231	20	454	50	6.115401443965311	0.01340089742623207	intensified	significant_intensified	1	1
Morus_unassigned_transcript_3237	20	530	0.6274524993392853	0.3661660588104496	0.5451015476245287	relaxed	not_significant	9	9
Morus_unassigned_transcript_3237	20	530	0	4.029102968098414	0.04472171389364177	relaxed	significant_relaxed	1	1
Morus_unassigned_transcript_3241	20	180	0.7060264032818804	0.2809241207560262	0.5960961541101892	relaxed	not_significant	9	9
Morus_unassigned_transcript_3241	20	180	0.1277183573148484	1.549091524296273	0.213269606670455	relaxed	not_significant	1	1
Morus_unassigned_transcript_3262	20	736	2.741602114526548	0.8479729075788782	0.3571264256081349	intensified	not_significant	9	9
Morus_unassigned_transcript_3262	20	736	0.3008408293389927	0.5681166949834733	0.4510082636473682	relaxed	not_significant	1	1
Morus_unassigned_transcript_3281	20	296	1.679387125078204	0.8326187477368876	0.3615163822968671	intensified	not_significant	9	9
Morus_unassigned_transcript_3281	20	296	3.651820046946533	1.593778922660022	0.2067870610660844	intensified	not_significant	1	1
Morus_unassigned_transcript_3299	20	126	2.399133795922404	0.4818579002076149	0.4875819672974767	intensified	not_significant	9	9
Morus_unassigned_transcript_3299	20	126	0.8648908246258727	-0.000001965813680726569	1	relaxed	not_significant	1	1
Morus_unassigned_transcript_3307	20	348	0.771682399410504	0.06874457869525941	0.7931735180836086	relaxed	not_significant	9	9
Morus_unassigned_transcript_3307	20	348	0.9624959587892574	0.002279139609527192	0.961923187859253	relaxed	not_significant	1	1
Morus_unassigned_transcript_3315	20	185	0.7263824275804162	0.2771398523864264	0.5985820160063844	relaxed	not_significant	9	9
Morus_unassigned_transcript_3315	20	185	22.91454785500885	0.8924077419160312	0.3448256657753964	intensified	not_significant	1	1
Morus_unassigned_transcript_3324	20	274	1.914381836340746	1.234488319727461	0.2665359392261287	intensified	not_significant	9	9
Morus_unassigned_transcript_3324	20	274	0	4.733397725479335	0.02958239083827485	relaxed	significant_relaxed	1	1
Morus_unassigned_transcript_3443	20	162	1.403307983224201	0.8817107806676177	0.3477335382615444	intensified	not_significant	9	9
Morus_unassigned_transcript_3443	20	162	11.58736046826183	0.2299651781709144	0.6315496495815165	intensified	not_significant	1	1
Morus_unassigned_transcript_348	20	200	1.233508191929853	0.4514168233031342	0.5016628944425958	intensified	not_significant	9	9
Morus_unassigned_transcript_348	20	200	0.656522292518512	0.2532483272448189	0.6147970609884715	relaxed	not_significant	1	1
Morus_unassigned_transcript_3547	20	313	0.9165018191974101	0.04588076314121281	0.8303926921927288	relaxed	not_significant	9	9
Morus_unassigned_transcript_3547	20	313	5.068411323231746E-11	11.1313271533545	0.0008488183698086571	relaxed	significant_relaxed	1	1
Morus_unassigned_transcript_3551	20	487	1.639614924665831	0.3257703155286436	0.5681603584493317	intensified	not_significant	9	9
Morus_unassigned_transcript_3551	20	487	0.9822919656661939	0.001595289767465147	0.9681401011554983	relaxed	not_significant	1	1
Morus_unassigned_transcript_3591	20	126	0.853212463604568	-8.039069143706001E-8	1	relaxed	not_significant	9	9
Morus_unassigned_transcript_3591	20	126	1	-1.990292730624788E-8	1	intensified	not_significant	0	1
Morus_unassigned_transcript_3660	20	124	1.249384765073959	0.04264294619770226	0.8363990481324128	intensified	not_significant	9	9
Morus_unassigned_transcript_3660	20	124	0.1169398836806631	1.854092028627292	0.1733082163624257	relaxed	not_significant	1	1
Morus_unassigned_transcript_3661	20	465	1.215587060377879	0.2785164418928616	0.5976752459150857	intensified	not_significant	9	9
Morus_unassigned_transcript_3661	20	465	2.976210315487913E-10	3.162493854106287	0.07534799830454775	relaxed	not_significant	1	1
Morus_unassigned_transcript_3669	20	519	2.13098779889697E-10	8.549836559222967	0.003455532507631531	relaxed	significant_relaxed	9	9
Morus_unassigned_transcript_3669	20	519	1.644679538393999	0.1610267948817636	0.6882129260096587	intensified	not_significant	1	1
Morus_unassigned_transcript_3675	20	342	0.5675992130021538	1.043484460112268	0.3070124612209967	relaxed	not_significant	9	9
Morus_unassigned_transcript_3675	20	342	1.890060071470243	0.7953170776108891	0.3724971849064821	intensified	not_significant	1	1
Morus_unassigned_transcript_3745	20	424	2.267738097877513E-8	3.436313368445553	0.06377785710089323	relaxed	not_significant	9	9
Morus_unassigned_transcript_3745	20	424	16.17115498273762	1.41395601428394	0.2344007809911245	intensified	not_significant	1	1
Morus_unassigned_transcript_3806	20	167	0.5477921958378574	0.8380541575929783	0.359953876386478	relaxed	not_significant	9	9
Morus_unassigned_transcript_3806	20	167	0	1.858134844670076	0.1728402204119324	relaxed	not_significant	1	1
Morus_unassigned_transcript_3849	20	245	1.01418896333598	0.000843674411498796	0.9768278443891403	intensified	not_significant	9	9
Morus_unassigned_transcript_3849	20	245	0	7.675022557959892	0.005599039342226053	relaxed	significant_relaxed	1	1
Morus_unassigned_transcript_3914	20	373	0.04232011405453896	4.987239781936296	0.02553490914041689	relaxed	significant_relaxed	9	9
Morus_unassigned_transcript_3914	20	373	0.4873942914643514	0.7522107969098215	0.3857771808750905	relaxed	not_significant	1	1
Morus_unassigned_transcript_3915	20	352	1.305322768839716	0.1586920254694633	0.6903636028382544	intensified	not_significant	9	9
Morus_unassigned_transcript_3915	20	352	0.2169132703948428	0.4199511832530334	0.5169614039140928	relaxed	not_significant	1	1
Morus_unassigned_transcript_3944	20	274	0.5259964763843629	0.1068249035315603	0.7437883045101985	relaxed	not_significant	9	9
Morus_unassigned_transcript_3944	20	274	1.119307669990307	0.02314726420354418	0.8790747414748921	intensified	not_significant	1	1
Morus_unassigned_transcript_395	20	418	0.5837312643178422	2.3025188073143	0.1291643897927829	relaxed	not_significant	9	9
Morus_unassigned_transcript_395	20	418	2.74499252424424	1.384505662403171	0.2393351576598561	intensified	not_significant	1	1
Morus_unassigned_transcript_3955	20	571	0.8332089279348464	1.014480751280644	0.3138317775721678	relaxed	not_significant	9	9
Morus_unassigned_transcript_3955	20	571	2.643838319672202	2.083051746765705	0.1489421393977756	intensified	not_significant	1	1
Morus_unassigned_transcript_4013	20	579	0.7861088217924314	0.2128632120948168	0.6445324442221783	relaxed	not_significant	9	9
Morus_unassigned_transcript_4013	20	579	0.2705804668779444	2.763856173394743	0.09641558071184886	relaxed	not_significant	1	1
Morus_unassigned_transcript_4019	20	208	0.8163352222416077	0.2450982811678841	0.6205478748676034	relaxed	not_significant	9	9
Morus_unassigned_transcript_4019	20	208	0	2.146112210245519	0.1429314208204099	relaxed	not_significant	1	1
Morus_unassigned_transcript_4027	20	29	0	0.3744647910971821	0.5405805762540841	relaxed	not_significant	9	9
Morus_unassigned_transcript_4027	20	29	1	-5.078618414700031E-9	1	intensified	not_significant	0	1
Morus_unassigned_transcript_4032	20	318	1.084060406302026	0.02081028804150264	0.8852969683383548	intensified	not_significant	9	9
Morus_unassigned_transcript_4032	20	318	0.4675164362510024	0.6275789405672185	0.4282447675496833	relaxed	not_significant	1	1
Morus_unassigned_transcript_4054	20	366	0.4455121580454333	2.177387848609214	0.1400519888834434	relaxed	not_significant	9	9
Morus_unassigned_transcript_4054	20	366	0.4346783877685518	3.113837847064133	0.07762983903208276	relaxed	not_significant	1	1
Morus_unassigned_transcript_4092	20	477	0.2472982522061934	3.891454175750368	0.04853238471941779	relaxed	significant_relaxed	9	9
Morus_unassigned_transcript_4092	20	477	0.7879221103858605	0.1058348723863674	0.7449368369534815	relaxed	not_significant	1	1
Morus_unassigned_transcript_4124	20	492	1.408746243283509	1.05618728756599	0.3040863899204814	intensified	not_significant	9	9
Morus_unassigned_transcript_4124	20	492	0.2840534609188674	0.9210385931955898	0.3372024193636275	relaxed	not_significant	1	1
Morus_unassigned_transcript_4127	20	207	0.4064249701998567	1.370834086039395	0.2416686279460496	relaxed	not_significant	9	9
Morus_unassigned_transcript_4127	20	207	12.74934056265175	1.167670140722294	0.27988048154975	intensified	not_significant	1	1
Morus_unassigned_transcript_4193	20	213	2.35762522243275	2.994508514490917	0.08354726041124916	intensified	not_significant	9	9
Morus_unassigned_transcript_4193	20	213	0.8958816299099031	0.08674989797054877	0.7683503785578847	relaxed	not_significant	1	1
Morus_unassigned_transcript_4264	20	452	0.3537724040728607	3.392119639688644	0.06550868455110337	relaxed	not_significant	9	9
Morus_unassigned_transcript_4264	20	452	0.1900086202539632	2.377641598548507	0.1230832387557779	relaxed	not_significant	1	1
Morus_unassigned_transcript_428	20	160	0.6677317534259337	0.4917982655579181	0.4831262342004001	relaxed	not_significant	9	9
Morus_unassigned_transcript_428	20	160	0	2.578740856773493	0.1083077863304114	relaxed	not_significant	1	1
Morus_unassigned_transcript_4285	20	314	0.9522802694606936	0.01562150359768566	0.9005346230394606	relaxed	not_significant	9	9
Morus_unassigned_transcript_4285	20	314	50	8.67618458866491	0.003223952282435549	intensified	significant_intensified	1	1
Morus_unassigned_transcript_4374	20	264	0.5911721908764725	1.097134485011338	0.2948958262364356	relaxed	not_significant	9	9
Morus_unassigned_transcript_4374	20	264	50	4.314851347849071	0.03778107180189261	intensified	significant_intensified	1	1
Morus_unassigned_transcript_4398	20	204	0.02573033341417543	2.158820678300344	0.1417534492599879	relaxed	not_significant	9	9
Morus_unassigned_transcript_4398	20	204	20.84078209601	0.314047464012674	0.5752070551307876	intensified	not_significant	1	1
Morus_unassigned_transcript_4412	20	245	0.8725807435451046	0.07519741918713407	0.7839144232220425	relaxed	not_significant	9	9
Morus_unassigned_transcript_4412	20	245	0.628766697109744	0.6637459465923712	0.4152405899773267	relaxed	not_significant	1	1
Morus_unassigned_transcript_447	20	137	0	1.201421884502224	0.2730376745669477	relaxed	not_significant	9	9
Morus_unassigned_transcript_447	20	137	0.8532135019681019	-0.000002550051476646331	1	relaxed	not_significant	1	1
Morus_unassigned_transcript_449	20	223	1.099975749601234	0.01106786525269854	0.9162139985129134	intensified	not_significant	9	9
Morus_unassigned_transcript_449	20	223	0.6132054758420462	0.5182810883652564	0.4715758432188947	relaxed	not_significant	1	1
Morus_unassigned_transcript_4529	20	165	0.151404122518225	1.049043654534898	0.3057274446961958	relaxed	not_significant	9	9
Morus_unassigned_transcript_4529	20	165	19.91470600295982	0.4910686179844106	0.4834510053788182	intensified	not_significant	1	1
Morus_unassigned_transcript_4569	20	194	1.220854078052464	0.4917610360635081	0.4831427966028298	intensified	not_significant	9	9
Morus_unassigned_transcript_4569	20	194	0.2288990382027105	1.177442673877522	0.2778772319288562	relaxed	not_significant	1	1
Morus_unassigned_transcript_4578	20	365	0.9595430084492677	0.01009757803149114	0.9199579366999404	relaxed	not_significant	9	9
Morus_unassigned_transcript_4578	20	365	0.6788050095477568	0.41051603415508	0.521707703004316	relaxed	not_significant	1	1
Morus_unassigned_transcript_4580	20	110	1.075311269646171	0.04130492765762028	0.8389504684292842	intensified	not_significant	9	9
Morus_unassigned_transcript_4580	20	110	6.867212262672479E-10	7.056831119650269	0.007896355311257874	relaxed	significant_relaxed	1	1
Morus_unassigned_transcript_4589	20	756	1.722677619349929	3.359826293382866	0.06680511485737539	intensified	not_significant	9	9
Morus_unassigned_transcript_4589	20	756	1.379516270595774	0.6255109281737532	0.4290067321874602	intensified	not_significant	1	1
Morus_unassigned_transcript_4591	20	460	0.6252214920136318	4.557232197577832	0.03278000779508639	relaxed	significant_relaxed	9	9
Morus_unassigned_transcript_4591	20	460	0.1438704680383221	15.00896961964827	0.000107001386514205	relaxed	significant_relaxed	1	1
Morus_unassigned_transcript_4690	20	184	0.6594695541207878	0.1550412316410075	0.6937635887466421	relaxed	not_significant	9	9
Morus_unassigned_transcript_4690	20	184	0.02401039301349141	0.1465411366834815	0.7018629315096095	relaxed	not_significant	1	1
Morus_unassigned_transcript_4710	20	383	1.055394979292104	0.05395195043183776	0.8163239691836958	intensified	not_significant	9	9
Morus_unassigned_transcript_4710	20	383	0.3504365768031718	1.220214322337597	0.2693185953353051	relaxed	not_significant	1	1
Morus_unassigned_transcript_4718	20	367	0.9278671943023072	0.006281082180976227	0.936831167571999	relaxed	not_significant	9	9
Morus_unassigned_transcript_4718	20	367	0.4947744459453089	0.622955919121523	0.4299509643416615	relaxed	not_significant	1	1
Morus_unassigned_transcript_4722	20	406	4.035604423412203E-9	3.077021592518577	0.07940581541510261	relaxed	not_significant	9	9
Morus_unassigned_transcript_4722	20	406	0	1.243203163390717	0.2648546180403338	relaxed	not_significant	1	1
Morus_unassigned_transcript_4737	20	342	0.8540421385038373	0.3257793990442224	0.5681549637885891	relaxed	not_significant	9	9
Morus_unassigned_transcript_4737	20	342	0.7249007397018291	0.4445786613669043	0.5049207691543067	relaxed	not_significant	1	1
Morus_unassigned_transcript_4751	20	475	1.929685915588372	3.803493525378144	0.0511457650477396	intensified	not_significant	9	9
Morus_unassigned_transcript_4751	20	475	1.008504984048318	0.004427101212058915	0.9469507269280316	intensified	not_significant	1	1
Morus_unassigned_transcript_4761	20	266	1.714368878564374	0.8030796230241322	0.3701742050238414	intensified	not_significant	9	9
Morus_unassigned_transcript_4761	20	266	0.9162806251413884	0.02340023046508577	0.8784208776520226	relaxed	not_significant	1	1
Morus_unassigned_transcript_496	20	244	5.777333819235751	3.250058364844335	0.07142091451008425	intensified	not_significant	9	9
Morus_unassigned_transcript_496	20	244	42.5533785111822	0.3252737745638115	0.568455403798052	intensified	not_significant	1	1
Morus_unassigned_transcript_498	20	414	2.961181285403081	1.660510623872142	0.1975343946215775	intensified	not_significant	9	9
Morus_unassigned_transcript_498	20	414	0.8976431158177717	0.01082151215450722	0.917148320793215	relaxed	not_significant	1	1
Morus_unassigned_transcript_4985	20	234	0.770520326120036	1.040224224633675	0.3077693289864097	relaxed	not_significant	9	9
Morus_unassigned_transcript_4985	20	234	0.06486085079422667	6.709499219373356	0.009590065253412661	relaxed	significant_relaxed	1	1
Morus_unassigned_transcript_5059	20	213	1.233569173773049	0.9177752837276785	0.3380597889670404	intensified	not_significant	9	9
Morus_unassigned_transcript_5059	20	213	1	-0.0004579208434734028	1	intensified	not_significant	0	1
Morus_unassigned_transcript_5064	20	130	0.8057855354772518	0.1634019201287629	0.6860435702152465	relaxed	not_significant	9	9
Morus_unassigned_transcript_5064	20	130	23.21924498049155	2.585594663930351	0.1078399008296295	intensified	not_significant	1	1
Morus_unassigned_transcript_5069	20	173	1.295915044735147	0.226222075849364	0.6343393628093388	intensified	not_significant	9	9
Morus_unassigned_transcript_5069	20	173	1.169575777823419	0.2373341783522847	0.6261381764585616	intensified	not_significant	1	1
Morus_unassigned_transcript_5129	20	130	12.3189816815524	0.3147977604380685	0.5747509025349155	intensified	not_significant	9	9
Morus_unassigned_transcript_5129	20	130	3.175548226815995	0.0559631339938278	0.8129940544832619	intensified	not_significant	1	1
Morus_unassigned_transcript_5131	20	480	1.34686424310468	0.7014087301595282	0.4023107450499385	intensified	not_significant	9	9
Morus_unassigned_transcript_5131	20	480	1	-0.0003279631418990903	1	intensified	not_significant	0	1
Morus_unassigned_transcript_5134	20	356	0.8802511321898304	0.06394905819888663	0.8003597779340097	relaxed	not_significant	9	9
Morus_unassigned_transcript_5134	20	356	0.08600391022241512	2.233248048062705	0.1350696431524065	relaxed	not_significant	1	1
Morus_unassigned_transcript_5201	20	331	0.2918455983865741	1.42168949193001	0.2331255211416086	relaxed	not_significant	9	9
Morus_unassigned_transcript_5201	20	331	2.294089996296596	1.669759080706172	0.196290806785008	intensified	not_significant	1	1
Morus_unassigned_transcript_5233	20	439	0.9437984755074365	0.0127238556078737	0.9101890635006185	relaxed	not_significant	9	9
Morus_unassigned_transcript_5233	20	439	0.0597568428862901	2.591279129858776	0.1074535255461934	relaxed	not_significant	1	1
Morus_unassigned_transcript_603	20	284	0.9651248404975666	0.007037685622890422	0.9331431628675467	relaxed	not_significant	9	9
Morus_unassigned_transcript_603	20	284	23.50387688529782	0.7075724857968453	0.4002508676078282	intensified	not_significant	1	1
Morus_unassigned_transcript_604	20	724	0.9349774864260444	0.05775755387730896	0.8100759799835187	relaxed	not_significant	9	9
Morus_unassigned_transcript_604	20	724	20.98014143201434	1.168058695506261	0.2798004856771633	intensified	not_significant	1	1
Morus_unassigned_transcript_608	20	256	0.7257565210261134	0.7110772384530719	0.399086426697742	relaxed	not_significant	9	9
Morus_unassigned_transcript_608	20	256	1.290161211135898	0.1981157278769388	0.65624609433633	intensified	not_significant	1	1
Morus_unassigned_transcript_662	20	400	0.9084984243347047	0.09160999034247652	0.7621402779612365	relaxed	not_significant	9	9
Morus_unassigned_transcript_662	20	400	1.25450240190632	0.2680575271606358	0.6046377858076896	intensified	not_significant	1	1
Morus_unassigned_transcript_685	20	235	0.209160793396974	2.467684024252776	0.1162090424708866	relaxed	not_significant	9	9
Morus_unassigned_transcript_685	20	235	19.74214686715015	1.381101092370045	0.2399136803467052	intensified	not_significant	1	1
Morus_unassigned_transcript_816	20	316	2.141470011947797	2.765650680504223	0.09630751983213415	intensified	not_significant	9	9
Morus_unassigned_transcript_816	20	316	1.52438791537749	1.000713370136509	0.3171379547768872	intensified	not_significant	1	1
Morus_unassigned_transcript_836	20	199	0.3898655672995927	0.2758230735844336	0.5994520837504822	relaxed	not_significant	9	9
Morus_unassigned_transcript_836	20	199	3.03954127665339	0.7067955149923364	0.4005096802729322	intensified	not_significant	1	1
Morus_unassigned_transcript_850	20	426	1.54371335979421	2.287123495581909	0.1304514909088633	intensified	not_significant	9	9
Morus_unassigned_transcript_850	20	426	1.502358738604208	0.960995485776948	0.326936193309088	intensified	not_significant	1	1
Morus_unassigned_transcript_862	20	198	1.369784688053835	0.2905216861131521	0.5898864154197425	intensified	not_significant	9	9
Morus_unassigned_transcript_862	20	198	5.939172722732459E-14	0.7897098506573457	0.3741878747517862	relaxed	not_significant	1	1
Morus_unassigned_transcript_877	20	267	0.49270419795559	1.408919176361906	0.2352358990439051	relaxed	not_significant	9	9
Morus_unassigned_transcript_877	20	267	0.4276715818504722	1.094144326552851	0.2955547809803888	relaxed	not_significant	1	1
Morus_unassigned_transcript_921	20	473	1.195546154617775	0.3801320602051419	0.53753256848125	intensified	not_significant	9	9
Morus_unassigned_transcript_921	20	473	0.8302722515740889	0.3027277316432446	0.5821774099213461	relaxed	not_significant	1	1
Morus_unassigned_transcript_974	20	379	12.29101371211242	1.346526455877211	0.2458862856541535	intensified	not_significant	9	9
Morus_unassigned_transcript_974	20	379	0.775168457946133	0.3887537535829324	0.5329552101851127	relaxed	not_significant	1	1
Morus_unassigned_transcript_983	20	695	7.77913131648155E-11	7.202768841725629	0.00727911878514198	relaxed	significant_relaxed	9	9
Morus_unassigned_transcript_983	20	695	9.021182587893928E-10	1.174908267021237	0.2783950142581453	relaxed	not_significant	1	1
